run_id,family,family_alias_seen,status,data_source,normalization,hvg_method,hvg_input_layer,log1p_applied,hvg_batch_key,data_file,framing,condition,source,target,transport_direction,holdout_cell_types,holdout_species,train_includes_holdout,datasplit_strategy,model_name,hidden_units,latent_dim,n_iters,n_inner_iters,batch_size,lr,optimizer,ae_emb_path,generated_by,created_at,last_modified,model_dir,n_evals,evals_summary
baseline/speciesot_cd8/cellot,cellot_celltype,cellot,never_started,speciesot-human-mouse,stale,,,,,datasets/speciesot-human-mouse/cd8_holdout_swapped_v07.h5ad,cell_type,condition,non_cd8,cd8,non_cd8 → cd8,,,,train_test,cellot,64;64;64;64,50,50000,10,128,0.0001,Adam,./results/speciesot_cd8/speciesot_scgen/,,2026-03-25 16:16:49.816220,2026-03-25 16:16:49.816220,/n/holylabs/mooney_lab/Lab/junyizhou/speciesOT/speciesOT/baseline/results/speciesot_cd8/cellot,1,evals_ood_data_space: R²=0.615 MMD=—
baseline/speciesot_cd8/impact_or,impact_cellot,impact_or,never_started,speciesot-human-mouse,stale,,,,,datasets/speciesot-human-mouse/cd8_holdout_v07.h5ad,species,condition,mouse,human,mouse → human,,,,train_test,cellot,64;64;64;64,50,50000,10,128,0.0001,Adam,./results/speciesot_cd8/speciesot_scgen/,,2026-03-25 16:16:49.793857,2026-03-25 16:16:49.793857,/n/holylabs/mooney_lab/Lab/junyizhou/speciesOT/speciesOT/baseline/results/speciesot_cd8/impact_or,1,evals_ood_data_space: R²=0.681 MMD=—
baseline/speciesot_cd8/speciesot_scgen,scgen,speciesot_scgen,never_started,speciesot-human-mouse,stale,,,,,datasets/speciesot-human-mouse/ae_training_expanded_v07.h5ad,species,condition,mouse,human,mouse → human,,,,train_test,scgen,256;256,50,50000,,256,0.001,Adam,,,2026-03-25 16:16:49.758054,2026-03-25 16:16:49.783262,/n/holylabs/mooney_lab/Lab/junyizhou/speciesOT/speciesOT/baseline/results/speciesot_cd8/speciesot_scgen,0,
gpu/_archive/toggle_cellot_subdirs/toggle_m1_iid/cellot,cellot_celltype,cellot,done,speciesot-human-mouse,stale,,,,,datasets/speciesot-human-mouse/toggle_m1_holdout_swapped_v07.h5ad,cell_type,condition,non_nonclassical_mono,nonclassical_mono,non_nonclassical_mono → nonclassical_mono,,human,True,toggle_ood,cellot,64;64;64;64,50,50000,10,128,0.0001,Adam,./results/toggle_m1_iid/scgen/,generate_toggle_configs.py (deleted; outputs preserved),2026-04-09 01:30:21.132224,2026-04-09 02:02:47.217545,/n/holylabs/mooney_lab/Lab/junyizhou/speciesOT/cellot/cellot_gpu/results/_archive/toggle_cellot_subdirs/toggle_m1_iid/cellot,1,evals_ood_latent_space: R²=0.949 MMD=0.019
gpu/_archive/toggle_cellot_subdirs/toggle_m1_ood/cellot,cellot_celltype,cellot,done,speciesot-human-mouse,stale,,,,,datasets/speciesot-human-mouse/toggle_m1_holdout_swapped_v07.h5ad,cell_type,condition,non_nonclassical_mono,nonclassical_mono,non_nonclassical_mono → nonclassical_mono,,human,False,toggle_ood,cellot,64;64;64;64,50,50000,10,128,0.0001,Adam,./results/toggle_m1_ood/scgen/,generate_toggle_configs.py (deleted; outputs preserved),2026-04-09 01:31:24.153640,2026-04-09 02:03:52.934447,/n/holylabs/mooney_lab/Lab/junyizhou/speciesOT/cellot/cellot_gpu/results/_archive/toggle_cellot_subdirs/toggle_m1_ood/cellot,1,evals_ood_latent_space: R²=0.595 MMD=0.055
gpu/_archive/toggle_cellot_subdirs/toggle_m2_iid/cellot,cellot_celltype,cellot,done,speciesot-human-mouse,stale,,,,,datasets/speciesot-human-mouse/toggle_m2_holdout_swapped_v07.h5ad,cell_type,condition,non_nonclassical_generic_mono,nonclassical_generic_mono,non_nonclassical_generic_mono → nonclassical_generic_mono,,human,True,toggle_ood,cellot,64;64;64;64,50,50000,10,128,0.0001,Adam,./results/toggle_m2_iid/scgen/,generate_toggle_configs.py (deleted; outputs preserved),2026-04-09 01:32:31.813429,2026-04-09 02:04:05.841816,/n/holylabs/mooney_lab/Lab/junyizhou/speciesOT/cellot/cellot_gpu/results/_archive/toggle_cellot_subdirs/toggle_m2_iid/cellot,1,evals_ood_latent_space: R²=0.945 MMD=0.019
gpu/_archive/toggle_cellot_subdirs/toggle_m2_ood/cellot,cellot_celltype,cellot,done,speciesot-human-mouse,stale,,,,,datasets/speciesot-human-mouse/toggle_m2_holdout_swapped_v07.h5ad,cell_type,condition,non_nonclassical_generic_mono,nonclassical_generic_mono,non_nonclassical_generic_mono → nonclassical_generic_mono,,human,False,toggle_ood,cellot,64;64;64;64,50,50000,10,128,0.0001,Adam,./results/toggle_m2_ood/scgen/,generate_toggle_configs.py (deleted; outputs preserved),2026-04-09 01:33:10.256217,2026-04-09 02:09:40.645229,/n/holylabs/mooney_lab/Lab/junyizhou/speciesOT/cellot/cellot_gpu/results/_archive/toggle_cellot_subdirs/toggle_m2_ood/cellot,1,evals_ood_latent_space: R²=0.680 MMD=0.090
gpu/_archive/toggle_cellot_subdirs/toggle_m3_iid/cellot,cellot_celltype,cellot,done,speciesot-human-mouse,stale,,,,,datasets/speciesot-human-mouse/toggle_m3_holdout_swapped_v07.h5ad,cell_type,condition,non_mono_subtype,mono_subtype,non_mono_subtype → mono_subtype,,human,True,toggle_ood,cellot,64;64;64;64,50,50000,10,128,0.0001,Adam,./results/toggle_m3_iid/scgen/,generate_toggle_configs.py (deleted; outputs preserved),2026-04-09 01:52:04.474714,2026-04-09 02:09:42.423767,/n/holylabs/mooney_lab/Lab/junyizhou/speciesOT/cellot/cellot_gpu/results/_archive/toggle_cellot_subdirs/toggle_m3_iid/cellot,1,evals_ood_latent_space: R²=0.972 MMD=0.008
gpu/_archive/toggle_cellot_subdirs/toggle_m3_ood/cellot,cellot_celltype,cellot,done,speciesot-human-mouse,stale,,,,,datasets/speciesot-human-mouse/toggle_m3_holdout_swapped_v07.h5ad,cell_type,condition,non_mono_subtype,mono_subtype,non_mono_subtype → mono_subtype,,human,False,toggle_ood,cellot,64;64;64;64,50,50000,10,128,0.0001,Adam,./results/toggle_m3_ood/scgen/,generate_toggle_configs.py (deleted; outputs preserved),2026-04-09 01:34:06.398663,2026-04-09 02:10:06.314418,/n/holylabs/mooney_lab/Lab/junyizhou/speciesOT/cellot/cellot_gpu/results/_archive/toggle_cellot_subdirs/toggle_m3_ood/cellot,1,evals_ood_latent_space: R²=0.458 MMD=0.097
gpu/_archive/toggle_cellot_subdirs/toggle_m4_iid/cellot,cellot_celltype,cellot,done,speciesot-human-mouse,stale,,,,,datasets/speciesot-human-mouse/toggle_m4_holdout_swapped_v07.h5ad,cell_type,condition,non_classical_mono,classical_mono,non_classical_mono → classical_mono,,human,True,toggle_ood,cellot,64;64;64;64,50,50000,10,128,0.0001,Adam,./results/toggle_m4_iid/scgen/,generate_toggle_configs.py (deleted; outputs preserved),2026-04-09 01:34:19.711589,2026-04-09 02:05:58.418854,/n/holylabs/mooney_lab/Lab/junyizhou/speciesOT/cellot/cellot_gpu/results/_archive/toggle_cellot_subdirs/toggle_m4_iid/cellot,1,evals_ood_latent_space: R²=0.776 MMD=0.058
gpu/_archive/toggle_cellot_subdirs/toggle_m4_ood/cellot,cellot_celltype,cellot,done,speciesot-human-mouse,stale,,,,,datasets/speciesot-human-mouse/toggle_m4_holdout_swapped_v07.h5ad,cell_type,condition,non_classical_mono,classical_mono,non_classical_mono → classical_mono,,human,False,toggle_ood,cellot,64;64;64;64,50,50000,10,128,0.0001,Adam,./results/toggle_m4_ood/scgen/,generate_toggle_configs.py (deleted; outputs preserved),2026-04-09 01:34:57.257623,2026-04-09 01:58:17.722971,/n/holylabs/mooney_lab/Lab/junyizhou/speciesOT/cellot/cellot_gpu/results/_archive/toggle_cellot_subdirs/toggle_m4_ood/cellot,1,evals_ood_latent_space: R²=0.494 MMD=0.111
gpu/_archive/toggle_cellot_subdirs/toggle_t1_iid/cellot,cellot_celltype,cellot,done,speciesot-human-mouse,stale,,,,,datasets/speciesot-human-mouse/toggle_t1_holdout_swapped_v07.h5ad,cell_type,condition,non_cd8,cd8,non_cd8 → cd8,,human,True,toggle_ood,cellot,64;64;64;64,50,50000,10,128,0.0001,Adam,./results/toggle_t1_iid/scgen/,generate_toggle_configs.py (deleted; outputs preserved),2026-04-09 01:35:12.168368,2026-04-09 02:10:31.347472,/n/holylabs/mooney_lab/Lab/junyizhou/speciesOT/cellot/cellot_gpu/results/_archive/toggle_cellot_subdirs/toggle_t1_iid/cellot,1,evals_ood_latent_space: R²=0.909 MMD=0.016
gpu/_archive/toggle_cellot_subdirs/toggle_t1_ood/cellot,cellot_celltype,cellot,done,speciesot-human-mouse,stale,,,,,datasets/speciesot-human-mouse/toggle_t1_holdout_swapped_v07.h5ad,cell_type,condition,non_cd8,cd8,non_cd8 → cd8,,human,False,toggle_ood,cellot,64;64;64;64,50,50000,10,128,0.0001,Adam,./results/toggle_t1_ood/scgen/,generate_toggle_configs.py (deleted; outputs preserved),2026-04-09 01:36:18.774272,2026-04-09 02:09:15.679379,/n/holylabs/mooney_lab/Lab/junyizhou/speciesOT/cellot/cellot_gpu/results/_archive/toggle_cellot_subdirs/toggle_t1_ood/cellot,1,evals_ood_latent_space: R²=0.712 MMD=0.032
gpu/_archive/toggle_cellot_subdirs/toggle_t2_iid/cellot,cellot_celltype,cellot,done,speciesot-human-mouse,stale,,,,,datasets/speciesot-human-mouse/toggle_t2_holdout_swapped_v07.h5ad,cell_type,condition,non_cd8_thymo,cd8_thymo,non_cd8_thymo → cd8_thymo,,human,True,toggle_ood,cellot,64;64;64;64,50,50000,10,128,0.0001,Adam,./results/toggle_t2_iid/scgen/,generate_toggle_configs.py (deleted; outputs preserved),2026-04-09 01:37:22.470823,2026-04-09 02:24:14.942086,/n/holylabs/mooney_lab/Lab/junyizhou/speciesOT/cellot/cellot_gpu/results/_archive/toggle_cellot_subdirs/toggle_t2_iid/cellot,1,evals_ood_latent_space: R²=0.917 MMD=0.012
gpu/_archive/toggle_cellot_subdirs/toggle_t2_ood/cellot,cellot_celltype,cellot,done,speciesot-human-mouse,stale,,,,,datasets/speciesot-human-mouse/toggle_t2_holdout_swapped_v07.h5ad,cell_type,condition,non_cd8_thymo,cd8_thymo,non_cd8_thymo → cd8_thymo,,human,False,toggle_ood,cellot,64;64;64;64,50,50000,10,128,0.0001,Adam,./results/toggle_t2_ood/scgen/,generate_toggle_configs.py (deleted; outputs preserved),2026-04-09 01:38:33.635083,2026-04-09 02:11:00.612733,/n/holylabs/mooney_lab/Lab/junyizhou/speciesOT/cellot/cellot_gpu/results/_archive/toggle_cellot_subdirs/toggle_t2_ood/cellot,1,evals_ood_latent_space: R²=0.681 MMD=0.052
gpu/_archive/toggle_cellot_subdirs/toggle_t3_iid/cellot,cellot_celltype,cellot,done,speciesot-human-mouse,stale,,,,,datasets/speciesot-human-mouse/toggle_t3_holdout_swapped_v07.h5ad,cell_type,condition,non_tcell_subtype,tcell_subtype,non_tcell_subtype → tcell_subtype,,human,True,toggle_ood,cellot,64;64;64;64,50,50000,10,128,0.0001,Adam,./results/toggle_t3_iid/scgen/,generate_toggle_configs.py (deleted; outputs preserved),2026-04-09 01:40:11.301380,2026-04-09 02:26:40.989827,/n/holylabs/mooney_lab/Lab/junyizhou/speciesOT/cellot/cellot_gpu/results/_archive/toggle_cellot_subdirs/toggle_t3_iid/cellot,1,evals_ood_latent_space: R²=0.884 MMD=0.013
gpu/_archive/toggle_cellot_subdirs/toggle_t3_ood/cellot,cellot_celltype,cellot,done,speciesot-human-mouse,stale,,,,,datasets/speciesot-human-mouse/toggle_t3_holdout_swapped_v07.h5ad,cell_type,condition,non_tcell_subtype,tcell_subtype,non_tcell_subtype → tcell_subtype,,human,False,toggle_ood,cellot,64;64;64;64,50,50000,10,128,0.0001,Adam,./results/toggle_t3_ood/scgen/,generate_toggle_configs.py (deleted; outputs preserved),2026-04-09 01:54:09.516561,2026-04-09 02:18:01.259111,/n/holylabs/mooney_lab/Lab/junyizhou/speciesOT/cellot/cellot_gpu/results/_archive/toggle_cellot_subdirs/toggle_t3_ood/cellot,1,evals_ood_latent_space: R²=0.728 MMD=0.041
gpu/_archive/toggle_cellot_subdirs/toggle_t4_iid/cellot,cellot_celltype,cellot,done,speciesot-human-mouse,stale,,,,,datasets/speciesot-human-mouse/toggle_t4_holdout_swapped_v07.h5ad,cell_type,condition,non_cd4,cd4,non_cd4 → cd4,,human,True,toggle_ood,cellot,64;64;64;64,50,50000,10,128,0.0001,Adam,./results/toggle_t4_iid/scgen/,generate_toggle_configs.py (deleted; outputs preserved),2026-04-09 01:41:04.423880,2026-04-09 02:13:33.945447,/n/holylabs/mooney_lab/Lab/junyizhou/speciesOT/cellot/cellot_gpu/results/_archive/toggle_cellot_subdirs/toggle_t4_iid/cellot,1,evals_ood_latent_space: R²=0.796 MMD=0.045
gpu/_archive/toggle_cellot_subdirs/toggle_t4_ood/cellot,cellot_celltype,cellot,done,speciesot-human-mouse,stale,,,,,datasets/speciesot-human-mouse/toggle_t4_holdout_swapped_v07.h5ad,cell_type,condition,non_cd4,cd4,non_cd4 → cd4,,human,False,toggle_ood,cellot,64;64;64;64,50,50000,10,128,0.0001,Adam,./results/toggle_t4_ood/scgen/,generate_toggle_configs.py (deleted; outputs preserved),2026-04-09 01:51:53.337140,2026-04-09 02:15:13.924522,/n/holylabs/mooney_lab/Lab/junyizhou/speciesOT/cellot/cellot_gpu/results/_archive/toggle_cellot_subdirs/toggle_t4_ood/cellot,1,evals_ood_latent_space: R²=0.415 MMD=0.080
gpu/atlas_full_pearson_residuals/impact_cellot,impact_cellot,impact_cellot,done,speciesot-human-mouse-hvg,renormed,pearson_residuals,layers['counts'],False,,datasets/speciesot-human-mouse-hvg/hvg_pearson_residuals_atlas_full_v07.h5ad,species,condition,mouse,human,mouse → human,,,,train_test,cellot,64;64;64;64,50,50000,10,128,0.0001,Adam,./results/atlas_full_pearson_residuals/scgen/,generate_atlas_full_configs.py,2026-05-10 12:18:58.093701,2026-05-10 12:58:34.196018,/n/holylabs/mooney_lab/Lab/junyizhou/speciesOT/cellot/cellot_gpu/results/atlas_full_pearson_residuals/impact_cellot,0,
gpu/atlas_full_pearson_residuals/scgen,scgen,scgen,done,speciesot-human-mouse-hvg,renormed,pearson_residuals,layers['counts'],False,,datasets/speciesot-human-mouse-hvg/hvg_pearson_residuals_atlas_full_v07.h5ad,species,condition,mouse,human,mouse → human,,,,train_test,scgen,256;256,50,50000,,256,0.001,Adam,,generate_atlas_full_configs.py,2026-05-10 11:37:51.482424,2026-05-10 12:17:47.480095,/n/holylabs/mooney_lab/Lab/junyizhou/speciesOT/cellot/cellot_gpu/results/atlas_full_pearson_residuals/scgen,0,
gpu/atlas_full_seurat_v3/impact_cellot,impact_cellot,impact_cellot,done,speciesot-human-mouse-hvg,renormed,seurat_v3,layers['counts'],False,,datasets/speciesot-human-mouse-hvg/hvg_seurat_v3_atlas_full_v07.h5ad,species,condition,mouse,human,mouse → human,,,,train_test,cellot,64;64;64;64,50,50000,10,128,0.0001,Adam,./results/atlas_full_seurat_v3/scgen/,generate_atlas_full_configs.py,2026-05-10 11:59:23.456109,2026-05-10 12:40:49.143436,/n/holylabs/mooney_lab/Lab/junyizhou/speciesOT/cellot/cellot_gpu/results/atlas_full_seurat_v3/impact_cellot,0,
gpu/atlas_full_seurat_v3/scgen,scgen,scgen,done,speciesot-human-mouse-hvg,renormed,seurat_v3,layers['counts'],False,,datasets/speciesot-human-mouse-hvg/hvg_seurat_v3_atlas_full_v07.h5ad,species,condition,mouse,human,mouse → human,,,,train_test,scgen,256;256,50,50000,,256,0.001,Adam,,generate_atlas_full_configs.py,2026-05-10 11:36:17.787635,2026-05-10 11:58:25.940140,/n/holylabs/mooney_lab/Lab/junyizhou/speciesOT/cellot/cellot_gpu/results/atlas_full_seurat_v3/scgen,0,
gpu/cross_species_ood,cellot_legacy,cross_species_ood,done,scrna-crossspecies,unknown,,,,,datasets/scrna-crossspecies/hvg-top1k-train-only.h5ad,legacy,condition,unst,LPS6,unst → LPS6,,,False,toggle_ood,cellot,64;64;64;64,50,100000,10,128,0.0001,Adam,,,2026-03-10 22:16:49.899399,2026-03-10 22:16:49.899399,/n/holylabs/mooney_lab/Lab/junyizhou/speciesOT/cellot/cellot_gpu/results/cross_species_ood,0,
gpu/cross_species_ood_scgen_gpu,scgen,cross_species_ood_scgen_gpu,running,scrna-crossspecies,unknown,,,,,datasets/scrna-crossspecies/hvg-top1k-train-only.h5ad,drug,condition,unst,LPS6,unst → LPS6,,,False,toggle_ood,scgen,512;512,50,250000,,128,0.001,Adam,,,2026-03-13 19:17:26.700559,2026-03-15 10:59:24.216369,/n/holylabs/mooney_lab/Lab/junyizhou/speciesOT/cellot/cellot_gpu/results/cross_species_ood_scgen_gpu,0,
gpu/hvg_cell_ranger_a_iid/impact_cellot,impact_cellot,impact_cellot,done,speciesot-human-mouse-hvg,renormed,cell_ranger,X (log-norm),True,,datasets/speciesot-human-mouse-hvg/hvg_cell_ranger_a_v07.h5ad,species,condition,mouse,human,mouse → human,CL:0000625,,True,toggle_ood,cellot,64;64;64;64,50,50000,10,128,0.0001,Adam,./results/hvg_cell_ranger_a_iid/scgen/,generate_hvg_flavor_configs.py,2026-05-10 15:35:15.947075,2026-05-10 15:35:15.947075,/n/holylabs/mooney_lab/Lab/junyizhou/speciesOT/cellot/cellot_gpu/results/hvg_cell_ranger_a_iid/impact_cellot,2,evals_ood_data_space: R²=0.742 MMD=0.061 | evals_ood_latent_space: R²=0.737 MMD=0.062
gpu/hvg_cell_ranger_a_iid/scgen,scgen,scgen,done,speciesot-human-mouse-hvg,renormed,cell_ranger,X (log-norm),True,,datasets/speciesot-human-mouse-hvg/hvg_cell_ranger_a_v07.h5ad,species,condition,mouse,human,mouse → human,CL:0000625,,True,toggle_ood,scgen,256;256,50,50000,,256,0.001,Adam,,generate_hvg_flavor_configs.py,2026-05-10 15:35:15.937893,2026-05-10 15:35:15.937893,/n/holylabs/mooney_lab/Lab/junyizhou/speciesOT/cellot/cellot_gpu/results/hvg_cell_ranger_a_iid/scgen,2,evals_ood_data_space: R²=0.827 MMD=0.118 | evals_ood_latent_space: R²=0.678 MMD=0.077
gpu/hvg_cell_ranger_a_ood/impact_cellot,impact_cellot,impact_cellot,done,speciesot-human-mouse-hvg,renormed,cell_ranger,X (log-norm),True,,datasets/speciesot-human-mouse-hvg/hvg_cell_ranger_a_v07.h5ad,species,condition,mouse,human,mouse → human,CL:0000625,,False,toggle_ood,cellot,64;64;64;64,50,50000,10,128,0.0001,Adam,./results/hvg_cell_ranger_a_ood/scgen/,generate_hvg_flavor_configs.py,2026-05-10 15:35:15.912013,2026-05-10 15:35:15.912013,/n/holylabs/mooney_lab/Lab/junyizhou/speciesOT/cellot/cellot_gpu/results/hvg_cell_ranger_a_ood/impact_cellot,2,evals_ood_data_space: R²=0.759 MMD=0.062 | evals_ood_latent_space: R²=0.763 MMD=0.061
gpu/hvg_cell_ranger_a_ood/scgen,scgen,scgen,done,speciesot-human-mouse-hvg,renormed,cell_ranger,X (log-norm),True,,datasets/speciesot-human-mouse-hvg/hvg_cell_ranger_a_v07.h5ad,species,condition,mouse,human,mouse → human,CL:0000625,,False,toggle_ood,scgen,256;256,50,50000,,256,0.001,Adam,,generate_hvg_flavor_configs.py,2026-05-10 15:35:15.906299,2026-05-10 15:35:15.906299,/n/holylabs/mooney_lab/Lab/junyizhou/speciesOT/cellot/cellot_gpu/results/hvg_cell_ranger_a_ood/scgen,2,evals_ood_data_space: R²=0.835 MMD=0.128 | evals_ood_latent_space: R²=0.717 MMD=0.075
gpu/hvg_cell_ranger_b_iid/impact_cellot,impact_cellot,impact_cellot,done,speciesot-human-mouse-hvg,renormed,cell_ranger,X (log-norm),True,,datasets/speciesot-human-mouse-hvg/hvg_cell_ranger_b_v07.h5ad,species,condition,mouse,human,mouse → human,CL:0000625;CL:0000893,,True,toggle_ood,cellot,64;64;64;64,50,50000,10,128,0.0001,Adam,./results/hvg_cell_ranger_b_iid/scgen/,generate_hvg_flavor_configs.py,2026-05-10 15:35:16.025581,2026-05-10 15:35:16.025581,/n/holylabs/mooney_lab/Lab/junyizhou/speciesOT/cellot/cellot_gpu/results/hvg_cell_ranger_b_iid/impact_cellot,2,evals_ood_data_space: R²=0.843 MMD=0.038 | evals_ood_latent_space: R²=0.838 MMD=0.040
gpu/hvg_cell_ranger_b_iid/scgen,scgen,scgen,done,speciesot-human-mouse-hvg,renormed,cell_ranger,X (log-norm),True,,datasets/speciesot-human-mouse-hvg/hvg_cell_ranger_b_v07.h5ad,species,condition,mouse,human,mouse → human,CL:0000625;CL:0000893,,True,toggle_ood,scgen,256;256,50,50000,,256,0.001,Adam,,generate_hvg_flavor_configs.py,2026-05-10 15:35:16.013922,2026-05-10 15:35:16.013922,/n/holylabs/mooney_lab/Lab/junyizhou/speciesOT/cellot/cellot_gpu/results/hvg_cell_ranger_b_iid/scgen,2,evals_ood_data_space: R²=0.882 MMD=0.106 | evals_ood_latent_space: R²=0.695 MMD=0.070
gpu/hvg_cell_ranger_b_ood/impact_cellot,impact_cellot,impact_cellot,done,speciesot-human-mouse-hvg,renormed,cell_ranger,X (log-norm),True,,datasets/speciesot-human-mouse-hvg/hvg_cell_ranger_b_v07.h5ad,species,condition,mouse,human,mouse → human,CL:0000625;CL:0000893,,False,toggle_ood,cellot,64;64;64;64,50,50000,10,128,0.0001,Adam,./results/hvg_cell_ranger_b_ood/scgen/,generate_hvg_flavor_configs.py,2026-05-10 15:35:15.986020,2026-05-10 15:35:15.986020,/n/holylabs/mooney_lab/Lab/junyizhou/speciesOT/cellot/cellot_gpu/results/hvg_cell_ranger_b_ood/impact_cellot,2,evals_ood_data_space: R²=0.510 MMD=0.079 | evals_ood_latent_space: R²=0.504 MMD=0.081
gpu/hvg_cell_ranger_b_ood/scgen,scgen,scgen,done,speciesot-human-mouse-hvg,renormed,cell_ranger,X (log-norm),True,,datasets/speciesot-human-mouse-hvg/hvg_cell_ranger_b_v07.h5ad,species,condition,mouse,human,mouse → human,CL:0000625;CL:0000893,,False,toggle_ood,scgen,256;256,50,50000,,256,0.001,Adam,,generate_hvg_flavor_configs.py,2026-05-10 15:35:15.978321,2026-05-10 15:35:15.978321,/n/holylabs/mooney_lab/Lab/junyizhou/speciesOT/cellot/cellot_gpu/results/hvg_cell_ranger_b_ood/scgen,2,evals_ood_data_space: R²=0.654 MMD=0.137 | evals_ood_latent_space: R²=0.573 MMD=0.090
gpu/hvg_cell_ranger_c_iid/impact_cellot,impact_cellot,impact_cellot,done,speciesot-human-mouse-hvg,renormed,cell_ranger,X (log-norm),True,,datasets/speciesot-human-mouse-hvg/hvg_cell_ranger_c_v07.h5ad,species,condition,mouse,human,mouse → human,CL:0000624;CL:0000625;CL:0000893,,True,toggle_ood,cellot,64;64;64;64,50,50000,10,128,0.0001,Adam,./results/hvg_cell_ranger_c_iid/scgen/,generate_hvg_flavor_configs.py,2026-05-10 15:35:16.129381,2026-05-10 15:35:16.129381,/n/holylabs/mooney_lab/Lab/junyizhou/speciesOT/cellot/cellot_gpu/results/hvg_cell_ranger_c_iid/impact_cellot,2,evals_ood_data_space: R²=0.851 MMD=0.030 | evals_ood_latent_space: R²=0.857 MMD=0.031
gpu/hvg_cell_ranger_c_iid/scgen,scgen,scgen,done,speciesot-human-mouse-hvg,renormed,cell_ranger,X (log-norm),True,,datasets/speciesot-human-mouse-hvg/hvg_cell_ranger_c_v07.h5ad,species,condition,mouse,human,mouse → human,CL:0000624;CL:0000625;CL:0000893,,True,toggle_ood,scgen,256;256,50,50000,,256,0.001,Adam,,generate_hvg_flavor_configs.py,2026-05-10 15:35:16.118198,2026-05-10 15:35:16.118198,/n/holylabs/mooney_lab/Lab/junyizhou/speciesOT/cellot/cellot_gpu/results/hvg_cell_ranger_c_iid/scgen,2,evals_ood_data_space: R²=0.868 MMD=0.101 | evals_ood_latent_space: R²=0.719 MMD=0.059
gpu/hvg_cell_ranger_c_ood/impact_cellot,impact_cellot,impact_cellot,done,speciesot-human-mouse-hvg,renormed,cell_ranger,X (log-norm),True,,datasets/speciesot-human-mouse-hvg/hvg_cell_ranger_c_v07.h5ad,species,condition,mouse,human,mouse → human,CL:0000624;CL:0000625;CL:0000893,,False,toggle_ood,cellot,64;64;64;64,50,50000,10,128,0.0001,Adam,./results/hvg_cell_ranger_c_ood/scgen/,generate_hvg_flavor_configs.py,2026-05-10 15:35:16.083186,2026-05-10 15:35:16.083186,/n/holylabs/mooney_lab/Lab/junyizhou/speciesOT/cellot/cellot_gpu/results/hvg_cell_ranger_c_ood/impact_cellot,2,evals_ood_data_space: R²=0.628 MMD=0.067 | evals_ood_latent_space: R²=0.616 MMD=0.070
gpu/hvg_cell_ranger_c_ood/scgen,scgen,scgen,done,speciesot-human-mouse-hvg,renormed,cell_ranger,X (log-norm),True,,datasets/speciesot-human-mouse-hvg/hvg_cell_ranger_c_v07.h5ad,species,condition,mouse,human,mouse → human,CL:0000624;CL:0000625;CL:0000893,,False,toggle_ood,scgen,256;256,50,50000,,256,0.001,Adam,,generate_hvg_flavor_configs.py,2026-05-10 15:35:16.077195,2026-05-10 15:35:16.077195,/n/holylabs/mooney_lab/Lab/junyizhou/speciesOT/cellot/cellot_gpu/results/hvg_cell_ranger_c_ood/scgen,2,evals_ood_data_space: R²=0.708 MMD=0.126 | evals_ood_latent_space: R²=0.721 MMD=0.066
gpu/hvg_cell_ranger_d_iid/impact_cellot,impact_cellot,impact_cellot,done,speciesot-human-mouse-hvg,renormed,cell_ranger,X (log-norm),True,,datasets/speciesot-human-mouse-hvg/hvg_cell_ranger_d_v07.h5ad,species,condition,mouse,human,mouse → human,CL:0000624,,True,toggle_ood,cellot,64;64;64;64,50,50000,10,128,0.0001,Adam,./results/hvg_cell_ranger_d_iid/scgen/,generate_hvg_flavor_configs.py,2026-05-10 15:35:16.242138,2026-05-10 15:35:16.242138,/n/holylabs/mooney_lab/Lab/junyizhou/speciesOT/cellot/cellot_gpu/results/hvg_cell_ranger_d_iid/impact_cellot,2,evals_ood_data_space: R²=0.791 MMD=0.068 | evals_ood_latent_space: R²=0.794 MMD=0.068
gpu/hvg_cell_ranger_d_iid/scgen,scgen,scgen,done,speciesot-human-mouse-hvg,renormed,cell_ranger,X (log-norm),True,,datasets/speciesot-human-mouse-hvg/hvg_cell_ranger_d_v07.h5ad,species,condition,mouse,human,mouse → human,CL:0000624,,True,toggle_ood,scgen,256;256,50,50000,,256,0.001,Adam,,generate_hvg_flavor_configs.py,2026-05-10 15:35:16.230494,2026-05-10 15:35:16.230494,/n/holylabs/mooney_lab/Lab/junyizhou/speciesOT/cellot/cellot_gpu/results/hvg_cell_ranger_d_iid/scgen,2,evals_ood_data_space: R²=0.801 MMD=0.124 | evals_ood_latent_space: R²=0.689 MMD=0.080
gpu/hvg_cell_ranger_d_ood/impact_cellot,impact_cellot,impact_cellot,done,speciesot-human-mouse-hvg,renormed,cell_ranger,X (log-norm),True,,datasets/speciesot-human-mouse-hvg/hvg_cell_ranger_d_v07.h5ad,species,condition,mouse,human,mouse → human,CL:0000624,,False,toggle_ood,cellot,64;64;64;64,50,50000,10,128,0.0001,Adam,./results/hvg_cell_ranger_d_ood/scgen/,generate_hvg_flavor_configs.py,2026-05-10 15:35:16.182264,2026-05-10 15:35:16.182264,/n/holylabs/mooney_lab/Lab/junyizhou/speciesOT/cellot/cellot_gpu/results/hvg_cell_ranger_d_ood/impact_cellot,2,evals_ood_data_space: R²=0.833 MMD=0.066 | evals_ood_latent_space: R²=0.838 MMD=0.064
gpu/hvg_cell_ranger_d_ood/scgen,scgen,scgen,done,speciesot-human-mouse-hvg,renormed,cell_ranger,X (log-norm),True,,datasets/speciesot-human-mouse-hvg/hvg_cell_ranger_d_v07.h5ad,species,condition,mouse,human,mouse → human,CL:0000624,,False,toggle_ood,scgen,256;256,50,50000,,256,0.001,Adam,,generate_hvg_flavor_configs.py,2026-05-10 15:35:16.175175,2026-05-10 15:35:16.175175,/n/holylabs/mooney_lab/Lab/junyizhou/speciesOT/cellot/cellot_gpu/results/hvg_cell_ranger_d_ood/scgen,2,evals_ood_data_space: R²=0.851 MMD=0.117 | evals_ood_latent_space: R²=0.806 MMD=0.070
gpu/hvg_pearson_residuals_a_iid/impact_cellot,impact_cellot,impact_cellot,done,speciesot-human-mouse-hvg,renormed,pearson_residuals,layers['counts'],False,,datasets/speciesot-human-mouse-hvg/hvg_pearson_residuals_a_v07.h5ad,species,condition,mouse,human,mouse → human,CL:0000625,,True,toggle_ood,cellot,64;64;64;64,50,50000,10,128,0.0001,Adam,./results/hvg_pearson_residuals_a_iid/scgen/,generate_hvg_flavor_configs.py,2026-05-10 15:35:17.107282,2026-05-10 15:35:17.107282,/n/holylabs/mooney_lab/Lab/junyizhou/speciesOT/cellot/cellot_gpu/results/hvg_pearson_residuals_a_iid/impact_cellot,2,evals_ood_data_space: R²=0.753 MMD=0.054 | evals_ood_latent_space: R²=0.761 MMD=0.053
gpu/hvg_pearson_residuals_a_iid/scgen,scgen,scgen,done,speciesot-human-mouse-hvg,renormed,pearson_residuals,layers['counts'],False,,datasets/speciesot-human-mouse-hvg/hvg_pearson_residuals_a_v07.h5ad,species,condition,mouse,human,mouse → human,CL:0000625,,True,toggle_ood,scgen,256;256,50,50000,,256,0.001,Adam,,generate_hvg_flavor_configs.py,2026-05-10 15:35:17.102474,2026-05-10 15:35:17.102474,/n/holylabs/mooney_lab/Lab/junyizhou/speciesOT/cellot/cellot_gpu/results/hvg_pearson_residuals_a_iid/scgen,2,evals_ood_data_space: R²=0.827 MMD=0.121 | evals_ood_latent_space: R²=0.612 MMD=0.075
gpu/hvg_pearson_residuals_a_ood/impact_cellot,impact_cellot,impact_cellot,done,speciesot-human-mouse-hvg,renormed,pearson_residuals,layers['counts'],False,,datasets/speciesot-human-mouse-hvg/hvg_pearson_residuals_a_v07.h5ad,species,condition,mouse,human,mouse → human,CL:0000625,,False,toggle_ood,cellot,64;64;64;64,50,50000,10,128,0.0001,Adam,./results/hvg_pearson_residuals_a_ood/scgen/,generate_hvg_flavor_configs.py,2026-05-10 15:35:17.065944,2026-05-10 15:35:17.065944,/n/holylabs/mooney_lab/Lab/junyizhou/speciesOT/cellot/cellot_gpu/results/hvg_pearson_residuals_a_ood/impact_cellot,2,evals_ood_data_space: R²=0.897 MMD=0.105 | evals_ood_latent_space: R²=0.783 MMD=0.064
gpu/hvg_pearson_residuals_a_ood/scgen,scgen,scgen,done,speciesot-human-mouse-hvg,renormed,pearson_residuals,layers['counts'],False,,datasets/speciesot-human-mouse-hvg/hvg_pearson_residuals_a_v07.h5ad,species,condition,mouse,human,mouse → human,CL:0000625,,False,toggle_ood,scgen,256;256,50,50000,,256,0.001,Adam,,generate_hvg_flavor_configs.py,2026-05-10 15:35:17.058095,2026-05-10 15:35:17.058095,/n/holylabs/mooney_lab/Lab/junyizhou/speciesOT/cellot/cellot_gpu/results/hvg_pearson_residuals_a_ood/scgen,2,evals_ood_data_space: R²=0.858 MMD=0.125 | evals_ood_latent_space: R²=0.678 MMD=0.079
gpu/hvg_pearson_residuals_a_ood_uncapped/impact_cellot,impact_cellot,impact_cellot,done,speciesot-human-mouse-hvg,renormed,pearson_residuals,layers['counts'],False,,datasets/speciesot-human-mouse-hvg/hvg_pearson_residuals_a_uncapped_v07.h5ad,species,condition,mouse,human,mouse → human,CL:0000625,,False,toggle_ood,cellot,64;64;64;64,50,50000,10,128,0.0001,Adam,./results/hvg_pearson_residuals_a_ood_uncapped/scgen/,generate_hvg_flavor_configs.py,2026-05-27 12:22:04.946474,2026-05-27 12:22:04.946474,/n/holylabs/mooney_lab/Lab/junyizhou/speciesOT/cellot/cellot_gpu/results/hvg_pearson_residuals_a_ood_uncapped/impact_cellot,1,evals_ood_data_space: R²=0.848 MMD=0.051
gpu/hvg_pearson_residuals_a_ood_uncapped/scgen,scgen,scgen,done,speciesot-human-mouse-hvg,renormed,pearson_residuals,layers['counts'],False,,datasets/speciesot-human-mouse-hvg/hvg_pearson_residuals_a_uncapped_v07.h5ad,species,condition,mouse,human,mouse → human,CL:0000625,,False,toggle_ood,scgen,256;256,50,50000,,256,0.001,Adam,,generate_hvg_flavor_configs.py,2026-05-27 12:22:04.957026,2026-05-27 12:22:04.957026,/n/holylabs/mooney_lab/Lab/junyizhou/speciesOT/cellot/cellot_gpu/results/hvg_pearson_residuals_a_ood_uncapped/scgen,1,evals_ood_data_space: R²=0.932 MMD=0.116
gpu/hvg_pearson_residuals_b_iid/impact_cellot,impact_cellot,impact_cellot,done,speciesot-human-mouse-hvg,renormed,pearson_residuals,layers['counts'],False,,datasets/speciesot-human-mouse-hvg/hvg_pearson_residuals_b_v07.h5ad,species,condition,mouse,human,mouse → human,CL:0000625;CL:0000893,,True,toggle_ood,cellot,64;64;64;64,50,50000,10,128,0.0001,Adam,./results/hvg_pearson_residuals_b_iid/scgen/,generate_hvg_flavor_configs.py,2026-05-10 15:35:17.191561,2026-05-10 15:35:17.191561,/n/holylabs/mooney_lab/Lab/junyizhou/speciesOT/cellot/cellot_gpu/results/hvg_pearson_residuals_b_iid/impact_cellot,2,evals_ood_data_space: R²=0.843 MMD=0.026 | evals_ood_latent_space: R²=0.844 MMD=0.028
gpu/hvg_pearson_residuals_b_iid/scgen,scgen,scgen,done,speciesot-human-mouse-hvg,renormed,pearson_residuals,layers['counts'],False,,datasets/speciesot-human-mouse-hvg/hvg_pearson_residuals_b_v07.h5ad,species,condition,mouse,human,mouse → human,CL:0000625;CL:0000893,,True,toggle_ood,scgen,256;256,50,50000,,256,0.001,Adam,,generate_hvg_flavor_configs.py,2026-05-10 15:35:17.187235,2026-05-10 15:35:17.187235,/n/holylabs/mooney_lab/Lab/junyizhou/speciesOT/cellot/cellot_gpu/results/hvg_pearson_residuals_b_iid/scgen,2,evals_ood_data_space: R²=0.943 MMD=0.091 | evals_ood_latent_space: R²=0.702 MMD=0.049
gpu/hvg_pearson_residuals_b_ood/impact_cellot,impact_cellot,impact_cellot,done,speciesot-human-mouse-hvg,renormed,pearson_residuals,layers['counts'],False,,datasets/speciesot-human-mouse-hvg/hvg_pearson_residuals_b_v07.h5ad,species,condition,mouse,human,mouse → human,CL:0000625;CL:0000893,,False,toggle_ood,cellot,64;64;64;64,50,50000,10,128,0.0001,Adam,./results/hvg_pearson_residuals_b_ood/scgen/,generate_hvg_flavor_configs.py,2026-05-10 15:35:17.147177,2026-05-10 15:35:17.147177,/n/holylabs/mooney_lab/Lab/junyizhou/speciesOT/cellot/cellot_gpu/results/hvg_pearson_residuals_b_ood/impact_cellot,2,evals_ood_data_space: R²=0.861 MMD=0.083 | evals_ood_latent_space: R²=0.797 MMD=0.056
gpu/hvg_pearson_residuals_b_ood/scgen,scgen,scgen,done,speciesot-human-mouse-hvg,renormed,pearson_residuals,layers['counts'],False,,datasets/speciesot-human-mouse-hvg/hvg_pearson_residuals_b_v07.h5ad,species,condition,mouse,human,mouse → human,CL:0000625;CL:0000893,,False,toggle_ood,scgen,256;256,50,50000,,256,0.001,Adam,,generate_hvg_flavor_configs.py,2026-05-10 15:35:17.143454,2026-05-10 15:35:17.143454,/n/holylabs/mooney_lab/Lab/junyizhou/speciesOT/cellot/cellot_gpu/results/hvg_pearson_residuals_b_ood/scgen,2,evals_ood_data_space: R²=0.845 MMD=0.117 | evals_ood_latent_space: R²=0.728 MMD=0.074
gpu/hvg_pearson_residuals_c_iid/impact_cellot,impact_cellot,impact_cellot,done,speciesot-human-mouse-hvg,renormed,pearson_residuals,layers['counts'],False,,datasets/speciesot-human-mouse-hvg/hvg_pearson_residuals_c_v07.h5ad,species,condition,mouse,human,mouse → human,CL:0000624;CL:0000625;CL:0000893,,True,toggle_ood,cellot,64;64;64;64,50,50000,10,128,0.0001,Adam,./results/hvg_pearson_residuals_c_iid/scgen/,generate_hvg_flavor_configs.py,2026-05-10 15:35:17.300345,2026-05-10 15:35:17.300345,/n/holylabs/mooney_lab/Lab/junyizhou/speciesOT/cellot/cellot_gpu/results/hvg_pearson_residuals_c_iid/impact_cellot,2,evals_ood_data_space: R²=0.963 MMD=0.059 | evals_ood_latent_space: R²=0.859 MMD=0.028
gpu/hvg_pearson_residuals_c_iid/scgen,scgen,scgen,done,speciesot-human-mouse-hvg,renormed,pearson_residuals,layers['counts'],False,,datasets/speciesot-human-mouse-hvg/hvg_pearson_residuals_c_v07.h5ad,species,condition,mouse,human,mouse → human,CL:0000624;CL:0000625;CL:0000893,,True,toggle_ood,scgen,256;256,50,50000,,256,0.001,Adam,,generate_hvg_flavor_configs.py,2026-05-10 15:35:17.293858,2026-05-10 15:35:17.293858,/n/holylabs/mooney_lab/Lab/junyizhou/speciesOT/cellot/cellot_gpu/results/hvg_pearson_residuals_c_iid/scgen,2,evals_ood_data_space: R²=0.947 MMD=0.086 | evals_ood_latent_space: R²=0.779 MMD=0.039
gpu/hvg_pearson_residuals_c_ood/impact_cellot,impact_cellot,impact_cellot,done,speciesot-human-mouse-hvg,renormed,pearson_residuals,layers['counts'],False,,datasets/speciesot-human-mouse-hvg/hvg_pearson_residuals_c_v07.h5ad,species,condition,mouse,human,mouse → human,CL:0000624;CL:0000625;CL:0000893,,False,toggle_ood,cellot,64;64;64;64,50,50000,10,128,0.0001,Adam,./results/hvg_pearson_residuals_c_ood/scgen/,generate_hvg_flavor_configs.py,2026-05-10 15:35:17.254611,2026-05-10 15:35:17.254611,/n/holylabs/mooney_lab/Lab/junyizhou/speciesOT/cellot/cellot_gpu/results/hvg_pearson_residuals_c_ood/impact_cellot,2,evals_ood_data_space: R²=0.896 MMD=0.078 | evals_ood_latent_space: R²=0.826 MMD=0.041
gpu/hvg_pearson_residuals_c_ood/scgen,scgen,scgen,done,speciesot-human-mouse-hvg,renormed,pearson_residuals,layers['counts'],False,,datasets/speciesot-human-mouse-hvg/hvg_pearson_residuals_c_v07.h5ad,species,condition,mouse,human,mouse → human,CL:0000624;CL:0000625;CL:0000893,,False,toggle_ood,scgen,256;256,50,50000,,256,0.001,Adam,,generate_hvg_flavor_configs.py,2026-05-10 15:35:17.250690,2026-05-10 15:35:17.250690,/n/holylabs/mooney_lab/Lab/junyizhou/speciesOT/cellot/cellot_gpu/results/hvg_pearson_residuals_c_ood/scgen,2,evals_ood_data_space: R²=0.902 MMD=0.105 | evals_ood_latent_space: R²=0.757 MMD=0.050
gpu/hvg_pearson_residuals_d_iid/impact_cellot,impact_cellot,impact_cellot,done,speciesot-human-mouse-hvg,renormed,pearson_residuals,layers['counts'],False,,datasets/speciesot-human-mouse-hvg/hvg_pearson_residuals_d_v07.h5ad,species,condition,mouse,human,mouse → human,CL:0000624,,True,toggle_ood,cellot,64;64;64;64,50,50000,10,128,0.0001,Adam,./results/hvg_pearson_residuals_d_iid/scgen/,generate_hvg_flavor_configs.py,2026-05-10 15:35:17.416714,2026-05-10 15:35:17.416714,/n/holylabs/mooney_lab/Lab/junyizhou/speciesOT/cellot/cellot_gpu/results/hvg_pearson_residuals_d_iid/impact_cellot,2,evals_ood_data_space: R²=0.762 MMD=0.064 | evals_ood_latent_space: R²=0.752 MMD=0.065
gpu/hvg_pearson_residuals_d_iid/scgen,scgen,scgen,done,speciesot-human-mouse-hvg,renormed,pearson_residuals,layers['counts'],False,,datasets/speciesot-human-mouse-hvg/hvg_pearson_residuals_d_v07.h5ad,species,condition,mouse,human,mouse → human,CL:0000624,,True,toggle_ood,scgen,256;256,50,50000,,256,0.001,Adam,,generate_hvg_flavor_configs.py,2026-05-10 15:35:17.406754,2026-05-10 15:35:17.406754,/n/holylabs/mooney_lab/Lab/junyizhou/speciesOT/cellot/cellot_gpu/results/hvg_pearson_residuals_d_iid/scgen,2,evals_ood_data_space: R²=0.878 MMD=0.121 | evals_ood_latent_space: R²=0.687 MMD=0.068
gpu/hvg_pearson_residuals_d_ood/impact_cellot,impact_cellot,impact_cellot,done,speciesot-human-mouse-hvg,renormed,pearson_residuals,layers['counts'],False,,datasets/speciesot-human-mouse-hvg/hvg_pearson_residuals_d_v07.h5ad,species,condition,mouse,human,mouse → human,CL:0000624,,False,toggle_ood,cellot,64;64;64;64,50,50000,10,128,0.0001,Adam,./results/hvg_pearson_residuals_d_ood/scgen/,generate_hvg_flavor_configs.py,2026-05-10 15:35:17.361295,2026-05-10 15:35:17.361295,/n/holylabs/mooney_lab/Lab/junyizhou/speciesOT/cellot/cellot_gpu/results/hvg_pearson_residuals_d_ood/impact_cellot,2,evals_ood_data_space: R²=0.921 MMD=0.105 | evals_ood_latent_space: R²=0.789 MMD=0.065
gpu/hvg_pearson_residuals_d_ood/scgen,scgen,scgen,done,speciesot-human-mouse-hvg,renormed,pearson_residuals,layers['counts'],False,,datasets/speciesot-human-mouse-hvg/hvg_pearson_residuals_d_v07.h5ad,species,condition,mouse,human,mouse → human,CL:0000624,,False,toggle_ood,scgen,256;256,50,50000,,256,0.001,Adam,,generate_hvg_flavor_configs.py,2026-05-10 15:35:17.358114,2026-05-10 15:35:17.358114,/n/holylabs/mooney_lab/Lab/junyizhou/speciesOT/cellot/cellot_gpu/results/hvg_pearson_residuals_d_ood/scgen,2,evals_ood_data_space: R²=0.902 MMD=0.122 | evals_ood_latent_space: R²=0.734 MMD=0.072
gpu/hvg_pearson_residuals_m2_iid/impact_cellot,impact_cellot,impact_cellot,done,speciesot-human-mouse-hvg,renormed,pearson_residuals,layers['counts'],False,,datasets/speciesot-human-mouse-hvg/hvg_pearson_residuals_m2_v07.h5ad,species,condition,mouse,human,mouse → human,CL:0000875;CL:0000576,,True,toggle_ood,cellot,64;64;64;64,50,50000,10,128,0.0001,Adam,./results/hvg_pearson_residuals_m2_iid/scgen/,generate_hvg_flavor_configs.py,2026-05-10 16:22:25.830830,2026-05-10 17:02:22.624304,/n/holylabs/mooney_lab/Lab/junyizhou/speciesOT/cellot/cellot_gpu/results/hvg_pearson_residuals_m2_iid/impact_cellot,2,evals_ood_data_space: R²=0.967 MMD=0.121 | evals_ood_latent_space: R²=0.832 MMD=0.037
gpu/hvg_pearson_residuals_m2_iid/scgen,scgen,scgen,done,speciesot-human-mouse-hvg,renormed,pearson_residuals,layers['counts'],False,,datasets/speciesot-human-mouse-hvg/hvg_pearson_residuals_m2_v07.h5ad,species,condition,mouse,human,mouse → human,CL:0000875;CL:0000576,,True,toggle_ood,scgen,256;256,50,50000,,256,0.001,Adam,,generate_hvg_flavor_configs.py,2026-05-10 16:00:20.125465,2026-05-10 16:21:40.793113,/n/holylabs/mooney_lab/Lab/junyizhou/speciesOT/cellot/cellot_gpu/results/hvg_pearson_residuals_m2_iid/scgen,2,evals_ood_data_space: R²=0.936 MMD=0.142 | evals_ood_latent_space: R²=0.734 MMD=0.059
gpu/hvg_pearson_residuals_m2_ood/impact_cellot,impact_cellot,impact_cellot,done,speciesot-human-mouse-hvg,renormed,pearson_residuals,layers['counts'],False,,datasets/speciesot-human-mouse-hvg/hvg_pearson_residuals_m2_v07.h5ad,species,condition,mouse,human,mouse → human,CL:0000875;CL:0000576,,False,toggle_ood,cellot,64;64;64;64,50,50000,10,128,0.0001,Adam,./results/hvg_pearson_residuals_m2_ood/scgen/,generate_hvg_flavor_configs.py,2026-05-10 16:21:10.255181,2026-05-10 17:03:12.443105,/n/holylabs/mooney_lab/Lab/junyizhou/speciesOT/cellot/cellot_gpu/results/hvg_pearson_residuals_m2_ood/impact_cellot,2,evals_ood_data_space: R²=0.930 MMD=0.108 | evals_ood_latent_space: R²=0.710 MMD=0.058
gpu/hvg_pearson_residuals_m2_ood/scgen,scgen,scgen,done,speciesot-human-mouse-hvg,renormed,pearson_residuals,layers['counts'],False,,datasets/speciesot-human-mouse-hvg/hvg_pearson_residuals_m2_v07.h5ad,species,condition,mouse,human,mouse → human,CL:0000875;CL:0000576,,False,toggle_ood,scgen,256;256,50,50000,,256,0.001,Adam,,generate_hvg_flavor_configs.py,2026-05-10 15:57:44.749340,2026-05-10 16:20:44.535268,/n/holylabs/mooney_lab/Lab/junyizhou/speciesOT/cellot/cellot_gpu/results/hvg_pearson_residuals_m2_ood/scgen,2,evals_ood_data_space: R²=0.892 MMD=0.146 | evals_ood_latent_space: R²=0.613 MMD=0.079
gpu/hvg_seurat_a_iid/impact_cellot,impact_cellot,impact_cellot,done,speciesot-human-mouse-hvg,renormed,seurat,X (log-norm),True,,datasets/speciesot-human-mouse-hvg/hvg_seurat_a_v07.h5ad,species,condition,mouse,human,mouse → human,CL:0000625,,True,toggle_ood,cellot,64;64;64;64,50,50000,10,128,0.0001,Adam,./results/hvg_seurat_a_iid/scgen/,generate_hvg_flavor_configs.py,2026-05-10 15:35:15.597099,2026-05-10 15:35:15.597099,/n/holylabs/mooney_lab/Lab/junyizhou/speciesOT/cellot/cellot_gpu/results/hvg_seurat_a_iid/impact_cellot,2,evals_ood_data_space: R²=0.775 MMD=0.054 | evals_ood_latent_space: R²=0.780 MMD=0.053
gpu/hvg_seurat_a_iid/scgen,scgen,scgen,done,speciesot-human-mouse-hvg,renormed,seurat,X (log-norm),True,,datasets/speciesot-human-mouse-hvg/hvg_seurat_a_v07.h5ad,species,condition,mouse,human,mouse → human,CL:0000625,,True,toggle_ood,scgen,256;256,50,50000,,256,0.001,Adam,,generate_hvg_flavor_configs.py,2026-05-10 15:35:15.590234,2026-05-10 15:35:15.590234,/n/holylabs/mooney_lab/Lab/junyizhou/speciesOT/cellot/cellot_gpu/results/hvg_seurat_a_iid/scgen,2,evals_ood_data_space: R²=0.866 MMD=0.107 | evals_ood_latent_space: R²=0.674 MMD=0.075
gpu/hvg_seurat_a_ood/impact_cellot,impact_cellot,impact_cellot,done,speciesot-human-mouse-hvg,renormed,seurat,X (log-norm),True,,datasets/speciesot-human-mouse-hvg/hvg_seurat_a_v07.h5ad,species,condition,mouse,human,mouse → human,CL:0000625,,False,toggle_ood,cellot,64;64;64;64,50,50000,10,128,0.0001,Adam,./results/hvg_seurat_a_ood/scgen/,generate_hvg_flavor_configs.py,2026-05-10 15:35:15.551662,2026-05-10 15:35:15.551662,/n/holylabs/mooney_lab/Lab/junyizhou/speciesOT/cellot/cellot_gpu/results/hvg_seurat_a_ood/impact_cellot,2,evals_ood_data_space: R²=0.812 MMD=0.101 | evals_ood_latent_space: R²=0.742 MMD=0.061
gpu/hvg_seurat_a_ood/scgen,scgen,scgen,done,speciesot-human-mouse-hvg,renormed,seurat,X (log-norm),True,,datasets/speciesot-human-mouse-hvg/hvg_seurat_a_v07.h5ad,species,condition,mouse,human,mouse → human,CL:0000625,,False,toggle_ood,scgen,256;256,50,50000,,256,0.001,Adam,,generate_hvg_flavor_configs.py,2026-05-10 15:35:15.546979,2026-05-10 15:35:15.546979,/n/holylabs/mooney_lab/Lab/junyizhou/speciesOT/cellot/cellot_gpu/results/hvg_seurat_a_ood/scgen,2,evals_ood_data_space: R²=0.831 MMD=0.116 | evals_ood_latent_space: R²=0.728 MMD=0.074
gpu/hvg_seurat_b_iid/impact_cellot,impact_cellot,impact_cellot,done,speciesot-human-mouse-hvg,renormed,seurat,X (log-norm),True,,datasets/speciesot-human-mouse-hvg/hvg_seurat_b_v07.h5ad,species,condition,mouse,human,mouse → human,CL:0000625;CL:0000893,,True,toggle_ood,cellot,64;64;64;64,50,50000,10,128,0.0001,Adam,./results/hvg_seurat_b_iid/scgen/,generate_hvg_flavor_configs.py,2026-05-10 15:35:15.695150,2026-05-10 15:35:15.695150,/n/holylabs/mooney_lab/Lab/junyizhou/speciesOT/cellot/cellot_gpu/results/hvg_seurat_b_iid/impact_cellot,2,evals_ood_data_space: R²=0.889 MMD=0.089 | evals_ood_latent_space: R²=0.856 MMD=0.037
gpu/hvg_seurat_b_iid/scgen,scgen,scgen,done,speciesot-human-mouse-hvg,renormed,seurat,X (log-norm),True,,datasets/speciesot-human-mouse-hvg/hvg_seurat_b_v07.h5ad,species,condition,mouse,human,mouse → human,CL:0000625;CL:0000893,,True,toggle_ood,scgen,256;256,50,50000,,256,0.001,Adam,,generate_hvg_flavor_configs.py,2026-05-10 15:35:15.683397,2026-05-10 15:35:15.683397,/n/holylabs/mooney_lab/Lab/junyizhou/speciesOT/cellot/cellot_gpu/results/hvg_seurat_b_iid/scgen,2,evals_ood_data_space: R²=0.854 MMD=0.102 | evals_ood_latent_space: R²=0.756 MMD=0.061
gpu/hvg_seurat_b_ood/impact_cellot,impact_cellot,impact_cellot,done,speciesot-human-mouse-hvg,renormed,seurat,X (log-norm),True,,datasets/speciesot-human-mouse-hvg/hvg_seurat_b_v07.h5ad,species,condition,mouse,human,mouse → human,CL:0000625;CL:0000893,,False,toggle_ood,cellot,64;64;64;64,50,50000,10,128,0.0001,Adam,./results/hvg_seurat_b_ood/scgen/,generate_hvg_flavor_configs.py,2026-05-10 15:35:15.650598,2026-05-10 15:35:15.650598,/n/holylabs/mooney_lab/Lab/junyizhou/speciesOT/cellot/cellot_gpu/results/hvg_seurat_b_ood/impact_cellot,2,evals_ood_data_space: R²=0.646 MMD=0.063 | evals_ood_latent_space: R²=0.641 MMD=0.064
gpu/hvg_seurat_b_ood/scgen,scgen,scgen,done,speciesot-human-mouse-hvg,renormed,seurat,X (log-norm),True,,datasets/speciesot-human-mouse-hvg/hvg_seurat_b_v07.h5ad,species,condition,mouse,human,mouse → human,CL:0000625;CL:0000893,,False,toggle_ood,scgen,256;256,50,50000,,256,0.001,Adam,,generate_hvg_flavor_configs.py,2026-05-10 15:35:15.639900,2026-05-10 15:35:15.639900,/n/holylabs/mooney_lab/Lab/junyizhou/speciesOT/cellot/cellot_gpu/results/hvg_seurat_b_ood/scgen,2,evals_ood_data_space: R²=0.768 MMD=0.149 | evals_ood_latent_space: R²=0.665 MMD=0.085
gpu/hvg_seurat_c_iid/impact_cellot,impact_cellot,impact_cellot,done,speciesot-human-mouse-hvg,renormed,seurat,X (log-norm),True,,datasets/speciesot-human-mouse-hvg/hvg_seurat_c_v07.h5ad,species,condition,mouse,human,mouse → human,CL:0000624;CL:0000625;CL:0000893,,True,toggle_ood,cellot,64;64;64;64,50,50000,10,128,0.0001,Adam,./results/hvg_seurat_c_iid/scgen/,generate_hvg_flavor_configs.py,2026-05-10 15:35:15.781419,2026-05-10 15:35:15.781419,/n/holylabs/mooney_lab/Lab/junyizhou/speciesOT/cellot/cellot_gpu/results/hvg_seurat_c_iid/impact_cellot,2,evals_ood_data_space: R²=0.912 MMD=0.091 | evals_ood_latent_space: R²=0.876 MMD=0.032
gpu/hvg_seurat_c_iid/scgen,scgen,scgen,done,speciesot-human-mouse-hvg,renormed,seurat,X (log-norm),True,,datasets/speciesot-human-mouse-hvg/hvg_seurat_c_v07.h5ad,species,condition,mouse,human,mouse → human,CL:0000624;CL:0000625;CL:0000893,,True,toggle_ood,scgen,256;256,50,50000,,256,0.001,Adam,,generate_hvg_flavor_configs.py,2026-05-10 15:35:15.772233,2026-05-10 15:35:15.772233,/n/holylabs/mooney_lab/Lab/junyizhou/speciesOT/cellot/cellot_gpu/results/hvg_seurat_c_iid/scgen,2,evals_ood_data_space: R²=0.876 MMD=0.091 | evals_ood_latent_space: R²=0.816 MMD=0.053
gpu/hvg_seurat_c_ood/impact_cellot,impact_cellot,impact_cellot,done,speciesot-human-mouse-hvg,renormed,seurat,X (log-norm),True,,datasets/speciesot-human-mouse-hvg/hvg_seurat_c_v07.h5ad,species,condition,mouse,human,mouse → human,CL:0000624;CL:0000625;CL:0000893,,False,toggle_ood,cellot,64;64;64;64,50,50000,10,128,0.0001,Adam,./results/hvg_seurat_c_ood/scgen/,generate_hvg_flavor_configs.py,2026-05-10 15:35:15.725412,2026-05-10 15:35:15.725412,/n/holylabs/mooney_lab/Lab/junyizhou/speciesOT/cellot/cellot_gpu/results/hvg_seurat_c_ood/impact_cellot,2,evals_ood_data_space: R²=0.736 MMD=0.099 | evals_ood_latent_space: R²=0.764 MMD=0.058
gpu/hvg_seurat_c_ood/scgen,scgen,scgen,done,speciesot-human-mouse-hvg,renormed,seurat,X (log-norm),True,,datasets/speciesot-human-mouse-hvg/hvg_seurat_c_v07.h5ad,species,condition,mouse,human,mouse → human,CL:0000624;CL:0000625;CL:0000893,,False,toggle_ood,scgen,256;256,50,50000,,256,0.001,Adam,,generate_hvg_flavor_configs.py,2026-05-10 15:35:15.717034,2026-05-10 15:35:15.717034,/n/holylabs/mooney_lab/Lab/junyizhou/speciesOT/cellot/cellot_gpu/results/hvg_seurat_c_ood/scgen,2,evals_ood_data_space: R²=0.809 MMD=0.119 | evals_ood_latent_space: R²=0.798 MMD=0.061
gpu/hvg_seurat_d_iid/impact_cellot,impact_cellot,impact_cellot,done,speciesot-human-mouse-hvg,renormed,seurat,X (log-norm),True,,datasets/speciesot-human-mouse-hvg/hvg_seurat_d_v07.h5ad,species,condition,mouse,human,mouse → human,CL:0000624,,True,toggle_ood,cellot,64;64;64;64,50,50000,10,128,0.0001,Adam,./results/hvg_seurat_d_iid/scgen/,generate_hvg_flavor_configs.py,2026-05-10 15:35:15.871474,2026-05-10 15:35:15.871474,/n/holylabs/mooney_lab/Lab/junyizhou/speciesOT/cellot/cellot_gpu/results/hvg_seurat_d_iid/impact_cellot,2,evals_ood_data_space: R²=0.844 MMD=0.059 | evals_ood_latent_space: R²=0.844 MMD=0.058
gpu/hvg_seurat_d_iid/scgen,scgen,scgen,done,speciesot-human-mouse-hvg,renormed,seurat,X (log-norm),True,,datasets/speciesot-human-mouse-hvg/hvg_seurat_d_v07.h5ad,species,condition,mouse,human,mouse → human,CL:0000624,,True,toggle_ood,scgen,256;256,50,50000,,256,0.001,Adam,,generate_hvg_flavor_configs.py,2026-05-10 15:35:15.862570,2026-05-10 15:35:15.862570,/n/holylabs/mooney_lab/Lab/junyizhou/speciesOT/cellot/cellot_gpu/results/hvg_seurat_d_iid/scgen,2,evals_ood_data_space: R²=0.856 MMD=0.098 | evals_ood_latent_space: R²=0.796 MMD=0.066
gpu/hvg_seurat_d_ood/impact_cellot,impact_cellot,impact_cellot,done,speciesot-human-mouse-hvg,renormed,seurat,X (log-norm),True,,datasets/speciesot-human-mouse-hvg/hvg_seurat_d_v07.h5ad,species,condition,mouse,human,mouse → human,CL:0000624,,False,toggle_ood,cellot,64;64;64;64,50,50000,10,128,0.0001,Adam,./results/hvg_seurat_d_ood/scgen/,generate_hvg_flavor_configs.py,2026-05-26 10:51:33.107510,2026-05-26 10:51:33.107510,/n/holylabs/mooney_lab/Lab/junyizhou/speciesOT/cellot/cellot_gpu/results/hvg_seurat_d_ood/impact_cellot,2,evals_ood_data_space: R²=0.803 MMD=0.067 | evals_ood_latent_space: R²=0.798 MMD=0.067
gpu/hvg_seurat_d_ood/scgen,scgen,scgen,done,speciesot-human-mouse-hvg,renormed,seurat,X (log-norm),True,,datasets/speciesot-human-mouse-hvg/hvg_seurat_d_v07.h5ad,species,condition,mouse,human,mouse → human,CL:0000624,,False,toggle_ood,scgen,256;256,50,50000,,256,0.001,Adam,,generate_hvg_flavor_configs.py,2026-05-10 15:35:15.814708,2026-05-10 15:35:15.814708,/n/holylabs/mooney_lab/Lab/junyizhou/speciesOT/cellot/cellot_gpu/results/hvg_seurat_d_ood/scgen,2,evals_ood_data_space: R²=0.866 MMD=0.103 | evals_ood_latent_space: R²=0.824 MMD=0.066
gpu/hvg_seurat_v3_a_iid/impact_cellot,impact_cellot,impact_cellot,done,speciesot-human-mouse-hvg,renormed,seurat_v3,layers['counts'],False,,datasets/speciesot-human-mouse-hvg/hvg_seurat_v3_a_v07.h5ad,species,condition,mouse,human,mouse → human,CL:0000625,,True,toggle_ood,cellot,64;64;64;64,50,50000,10,128,0.0001,Adam,./results/hvg_seurat_v3_a_iid/scgen/,generate_hvg_flavor_configs.py,2026-05-10 15:35:16.323314,2026-05-10 15:35:16.323314,/n/holylabs/mooney_lab/Lab/junyizhou/speciesOT/cellot/cellot_gpu/results/hvg_seurat_v3_a_iid/impact_cellot,2,evals_ood_data_space: R²=0.776 MMD=0.050 | evals_ood_latent_space: R²=0.773 MMD=0.051
gpu/hvg_seurat_v3_a_iid/scgen,scgen,scgen,done,speciesot-human-mouse-hvg,renormed,seurat_v3,layers['counts'],False,,datasets/speciesot-human-mouse-hvg/hvg_seurat_v3_a_v07.h5ad,species,condition,mouse,human,mouse → human,CL:0000625,,True,toggle_ood,scgen,256;256,50,50000,,256,0.001,Adam,,generate_hvg_flavor_configs.py,2026-05-10 15:35:16.318083,2026-05-10 15:35:16.318083,/n/holylabs/mooney_lab/Lab/junyizhou/speciesOT/cellot/cellot_gpu/results/hvg_seurat_v3_a_iid/scgen,2,evals_ood_data_space: R²=0.834 MMD=0.107 | evals_ood_latent_space: R²=0.718 MMD=0.059
gpu/hvg_seurat_v3_a_ood/impact_cellot,impact_cellot,impact_cellot,done,speciesot-human-mouse-hvg,renormed,seurat_v3,layers['counts'],False,,datasets/speciesot-human-mouse-hvg/hvg_seurat_v3_a_v07.h5ad,species,condition,mouse,human,mouse → human,CL:0000625,,False,toggle_ood,cellot,64;64;64;64,50,50000,10,128,0.0001,Adam,./results/hvg_seurat_v3_a_ood/scgen/,generate_hvg_flavor_configs.py,2026-05-10 15:35:16.295498,2026-05-10 15:35:16.295498,/n/holylabs/mooney_lab/Lab/junyizhou/speciesOT/cellot/cellot_gpu/results/hvg_seurat_v3_a_ood/impact_cellot,2,evals_ood_data_space: R²=0.824 MMD=0.106 | evals_ood_latent_space: R²=0.787 MMD=0.060
gpu/hvg_seurat_v3_a_ood/scgen,scgen,scgen,done,speciesot-human-mouse-hvg,renormed,seurat_v3,layers['counts'],False,,datasets/speciesot-human-mouse-hvg/hvg_seurat_v3_a_v07.h5ad,species,condition,mouse,human,mouse → human,CL:0000625,,False,toggle_ood,scgen,256;256,50,50000,,256,0.001,Adam,,generate_hvg_flavor_configs.py,2026-05-10 15:35:16.292377,2026-05-10 15:35:16.292377,/n/holylabs/mooney_lab/Lab/junyizhou/speciesOT/cellot/cellot_gpu/results/hvg_seurat_v3_a_ood/scgen,2,evals_ood_data_space: R²=0.828 MMD=0.113 | evals_ood_latent_space: R²=0.755 MMD=0.065
gpu/hvg_seurat_v3_b_iid/impact_cellot,impact_cellot,impact_cellot,done,speciesot-human-mouse-hvg,renormed,seurat_v3,layers['counts'],False,,datasets/speciesot-human-mouse-hvg/hvg_seurat_v3_b_v07.h5ad,species,condition,mouse,human,mouse → human,CL:0000625;CL:0000893,,True,toggle_ood,cellot,64;64;64;64,50,50000,10,128,0.0001,Adam,./results/hvg_seurat_v3_b_iid/scgen/,generate_hvg_flavor_configs.py,2026-05-10 15:35:16.408433,2026-05-10 15:35:16.408433,/n/holylabs/mooney_lab/Lab/junyizhou/speciesOT/cellot/cellot_gpu/results/hvg_seurat_v3_b_iid/impact_cellot,2,evals_ood_data_space: R²=0.811 MMD=0.032 | evals_ood_latent_space: R²=0.816 MMD=0.032
gpu/hvg_seurat_v3_b_iid/scgen,scgen,scgen,done,speciesot-human-mouse-hvg,renormed,seurat_v3,layers['counts'],False,,datasets/speciesot-human-mouse-hvg/hvg_seurat_v3_b_v07.h5ad,species,condition,mouse,human,mouse → human,CL:0000625;CL:0000893,,True,toggle_ood,scgen,256;256,50,50000,,256,0.001,Adam,,generate_hvg_flavor_configs.py,2026-05-10 15:35:16.401060,2026-05-10 15:35:16.401060,/n/holylabs/mooney_lab/Lab/junyizhou/speciesOT/cellot/cellot_gpu/results/hvg_seurat_v3_b_iid/scgen,2,evals_ood_data_space: R²=0.835 MMD=0.091 | evals_ood_latent_space: R²=0.747 MMD=0.050
gpu/hvg_seurat_v3_b_ood/impact_cellot,impact_cellot,impact_cellot,done,speciesot-human-mouse-hvg,renormed,seurat_v3,layers['counts'],False,,datasets/speciesot-human-mouse-hvg/hvg_seurat_v3_b_v07.h5ad,species,condition,mouse,human,mouse → human,CL:0000625;CL:0000893,,False,toggle_ood,cellot,64;64;64;64,50,50000,10,128,0.0001,Adam,./results/hvg_seurat_v3_b_ood/scgen/,generate_hvg_flavor_configs.py,2026-05-10 15:35:16.371812,2026-05-10 15:35:16.371812,/n/holylabs/mooney_lab/Lab/junyizhou/speciesOT/cellot/cellot_gpu/results/hvg_seurat_v3_b_ood/impact_cellot,2,evals_ood_data_space: R²=0.571 MMD=0.072 | evals_ood_latent_space: R²=0.561 MMD=0.074
gpu/hvg_seurat_v3_b_ood/scgen,scgen,scgen,done,speciesot-human-mouse-hvg,renormed,seurat_v3,layers['counts'],False,,datasets/speciesot-human-mouse-hvg/hvg_seurat_v3_b_v07.h5ad,species,condition,mouse,human,mouse → human,CL:0000625;CL:0000893,,False,toggle_ood,scgen,256;256,50,50000,,256,0.001,Adam,,generate_hvg_flavor_configs.py,2026-05-10 15:35:16.368860,2026-05-10 15:35:16.368860,/n/holylabs/mooney_lab/Lab/junyizhou/speciesOT/cellot/cellot_gpu/results/hvg_seurat_v3_b_ood/scgen,2,evals_ood_data_space: R²=0.643 MMD=0.125 | evals_ood_latent_space: R²=0.668 MMD=0.076
gpu/hvg_seurat_v3_c_iid/impact_cellot,impact_cellot,impact_cellot,done,speciesot-human-mouse-hvg,renormed,seurat_v3,layers['counts'],False,,datasets/speciesot-human-mouse-hvg/hvg_seurat_v3_c_v07.h5ad,species,condition,mouse,human,mouse → human,CL:0000624;CL:0000625;CL:0000893,,True,toggle_ood,cellot,64;64;64;64,50,50000,10,128,0.0001,Adam,./results/hvg_seurat_v3_c_iid/scgen/,generate_hvg_flavor_configs.py,2026-05-10 15:35:16.494983,2026-05-10 15:35:16.494983,/n/holylabs/mooney_lab/Lab/junyizhou/speciesOT/cellot/cellot_gpu/results/hvg_seurat_v3_c_iid/impact_cellot,2,evals_ood_data_space: R²=0.847 MMD=0.030 | evals_ood_latent_space: R²=0.840 MMD=0.032
gpu/hvg_seurat_v3_c_iid/scgen,scgen,scgen,done,speciesot-human-mouse-hvg,renormed,seurat_v3,layers['counts'],False,,datasets/speciesot-human-mouse-hvg/hvg_seurat_v3_c_v07.h5ad,species,condition,mouse,human,mouse → human,CL:0000624;CL:0000625;CL:0000893,,True,toggle_ood,scgen,256;256,50,50000,,256,0.001,Adam,,generate_hvg_flavor_configs.py,2026-05-10 15:35:16.489707,2026-05-10 15:35:16.489707,/n/holylabs/mooney_lab/Lab/junyizhou/speciesOT/cellot/cellot_gpu/results/hvg_seurat_v3_c_iid/scgen,2,evals_ood_data_space: R²=0.875 MMD=0.080 | evals_ood_latent_space: R²=0.737 MMD=0.050
gpu/hvg_seurat_v3_c_ood/impact_cellot,impact_cellot,impact_cellot,done,speciesot-human-mouse-hvg,renormed,seurat_v3,layers['counts'],False,,datasets/speciesot-human-mouse-hvg/hvg_seurat_v3_c_v07.h5ad,species,condition,mouse,human,mouse → human,CL:0000624;CL:0000625;CL:0000893,,False,toggle_ood,cellot,64;64;64;64,50,50000,10,128,0.0001,Adam,./results/hvg_seurat_v3_c_ood/scgen/,generate_hvg_flavor_configs.py,2026-05-10 15:35:16.461012,2026-05-10 15:35:16.461012,/n/holylabs/mooney_lab/Lab/junyizhou/speciesOT/cellot/cellot_gpu/results/hvg_seurat_v3_c_ood/impact_cellot,2,evals_ood_data_space: R²=0.518 MMD=0.069 | evals_ood_latent_space: R²=0.519 MMD=0.069
gpu/hvg_seurat_v3_c_ood/scgen,scgen,scgen,done,speciesot-human-mouse-hvg,renormed,seurat_v3,layers['counts'],False,,datasets/speciesot-human-mouse-hvg/hvg_seurat_v3_c_v07.h5ad,species,condition,mouse,human,mouse → human,CL:0000624;CL:0000625;CL:0000893,,False,toggle_ood,scgen,256;256,50,50000,,256,0.001,Adam,,generate_hvg_flavor_configs.py,2026-05-10 15:35:16.447457,2026-05-10 15:35:16.447457,/n/holylabs/mooney_lab/Lab/junyizhou/speciesOT/cellot/cellot_gpu/results/hvg_seurat_v3_c_ood/scgen,2,evals_ood_data_space: R²=0.668 MMD=0.111 | evals_ood_latent_space: R²=0.653 MMD=0.060
gpu/hvg_seurat_v3_d_iid/impact_cellot,impact_cellot,impact_cellot,done,speciesot-human-mouse-hvg,renormed,seurat_v3,layers['counts'],False,,datasets/speciesot-human-mouse-hvg/hvg_seurat_v3_d_v07.h5ad,species,condition,mouse,human,mouse → human,CL:0000624,,True,toggle_ood,cellot,64;64;64;64,50,50000,10,128,0.0001,Adam,./results/hvg_seurat_v3_d_iid/scgen/,generate_hvg_flavor_configs.py,2026-05-10 15:35:16.593229,2026-05-10 15:35:16.593229,/n/holylabs/mooney_lab/Lab/junyizhou/speciesOT/cellot/cellot_gpu/results/hvg_seurat_v3_d_iid/impact_cellot,2,evals_ood_data_space: R²=0.806 MMD=0.061 | evals_ood_latent_space: R²=0.803 MMD=0.060
gpu/hvg_seurat_v3_d_iid/scgen,scgen,scgen,done,speciesot-human-mouse-hvg,renormed,seurat_v3,layers['counts'],False,,datasets/speciesot-human-mouse-hvg/hvg_seurat_v3_d_v07.h5ad,species,condition,mouse,human,mouse → human,CL:0000624,,True,toggle_ood,scgen,256;256,50,50000,,256,0.001,Adam,,generate_hvg_flavor_configs.py,2026-05-10 15:35:16.583071,2026-05-10 15:35:16.583071,/n/holylabs/mooney_lab/Lab/junyizhou/speciesOT/cellot/cellot_gpu/results/hvg_seurat_v3_d_iid/scgen,2,evals_ood_data_space: R²=0.854 MMD=0.101 | evals_ood_latent_space: R²=0.821 MMD=0.063
gpu/hvg_seurat_v3_d_ood/impact_cellot,impact_cellot,impact_cellot,done,speciesot-human-mouse-hvg,renormed,seurat_v3,layers['counts'],False,,datasets/speciesot-human-mouse-hvg/hvg_seurat_v3_d_v07.h5ad,species,condition,mouse,human,mouse → human,CL:0000624,,False,toggle_ood,cellot,64;64;64;64,50,50000,10,128,0.0001,Adam,./results/hvg_seurat_v3_d_ood/scgen/,generate_hvg_flavor_configs.py,2026-05-10 15:35:16.550188,2026-05-10 15:35:16.550188,/n/holylabs/mooney_lab/Lab/junyizhou/speciesOT/cellot/cellot_gpu/results/hvg_seurat_v3_d_ood/impact_cellot,2,evals_ood_data_space: R²=0.884 MMD=0.107 | evals_ood_latent_space: R²=0.918 MMD=0.050
gpu/hvg_seurat_v3_d_ood/scgen,scgen,scgen,done,speciesot-human-mouse-hvg,renormed,seurat_v3,layers['counts'],False,,datasets/speciesot-human-mouse-hvg/hvg_seurat_v3_d_v07.h5ad,species,condition,mouse,human,mouse → human,CL:0000624,,False,toggle_ood,scgen,256;256,50,50000,,256,0.001,Adam,,generate_hvg_flavor_configs.py,2026-05-10 15:35:16.546357,2026-05-10 15:35:16.546357,/n/holylabs/mooney_lab/Lab/junyizhou/speciesOT/cellot/cellot_gpu/results/hvg_seurat_v3_d_ood/scgen,2,evals_ood_data_space: R²=0.869 MMD=0.103 | evals_ood_latent_space: R²=0.841 MMD=0.060
gpu/hvg_seurat_v3_m2_iid/impact_cellot,impact_cellot,impact_cellot,done,speciesot-human-mouse-hvg,renormed,seurat_v3,layers['counts'],False,,datasets/speciesot-human-mouse-hvg/hvg_seurat_v3_m2_v07.h5ad,species,condition,mouse,human,mouse → human,CL:0000875;CL:0000576,,True,toggle_ood,cellot,64;64;64;64,50,50000,10,128,0.0001,Adam,./results/hvg_seurat_v3_m2_iid/scgen/,generate_hvg_flavor_configs.py,2026-05-10 16:17:27.334245,2026-05-10 16:59:26.593311,/n/holylabs/mooney_lab/Lab/junyizhou/speciesOT/cellot/cellot_gpu/results/hvg_seurat_v3_m2_iid/impact_cellot,2,evals_ood_data_space: R²=0.952 MMD=0.110 | evals_ood_latent_space: R²=0.897 MMD=0.031
gpu/hvg_seurat_v3_m2_iid/scgen,scgen,scgen,done,speciesot-human-mouse-hvg,renormed,seurat_v3,layers['counts'],False,,datasets/speciesot-human-mouse-hvg/hvg_seurat_v3_m2_v07.h5ad,species,condition,mouse,human,mouse → human,CL:0000875;CL:0000576,,True,toggle_ood,scgen,256;256,50,50000,,256,0.001,Adam,,generate_hvg_flavor_configs.py,2026-05-10 15:57:00.962046,2026-05-10 16:16:49.763923,/n/holylabs/mooney_lab/Lab/junyizhou/speciesOT/cellot/cellot_gpu/results/hvg_seurat_v3_m2_iid/scgen,2,evals_ood_data_space: R²=0.891 MMD=0.126 | evals_ood_latent_space: R²=0.721 MMD=0.055
gpu/hvg_seurat_v3_m2_ood/impact_cellot,impact_cellot,impact_cellot,done,speciesot-human-mouse-hvg,renormed,seurat_v3,layers['counts'],False,,datasets/speciesot-human-mouse-hvg/hvg_seurat_v3_m2_v07.h5ad,species,condition,mouse,human,mouse → human,CL:0000875;CL:0000576,,False,toggle_ood,cellot,64;64;64;64,50,50000,10,128,0.0001,Adam,./results/hvg_seurat_v3_m2_ood/scgen/,generate_hvg_flavor_configs.py,2026-05-10 16:20:48.471286,2026-05-10 17:03:20.966489,/n/holylabs/mooney_lab/Lab/junyizhou/speciesOT/cellot/cellot_gpu/results/hvg_seurat_v3_m2_ood/impact_cellot,2,evals_ood_data_space: R²=0.903 MMD=0.136 | evals_ood_latent_space: R²=0.777 MMD=0.052
gpu/hvg_seurat_v3_m2_ood/scgen,scgen,scgen,done,speciesot-human-mouse-hvg,renormed,seurat_v3,layers['counts'],False,,datasets/speciesot-human-mouse-hvg/hvg_seurat_v3_m2_v07.h5ad,species,condition,mouse,human,mouse → human,CL:0000875;CL:0000576,,False,toggle_ood,scgen,256;256,50,50000,,256,0.001,Adam,,generate_hvg_flavor_configs.py,2026-05-10 16:01:28.901006,2026-05-10 16:20:01.519238,/n/holylabs/mooney_lab/Lab/junyizhou/speciesOT/cellot/cellot_gpu/results/hvg_seurat_v3_m2_ood/scgen,2,evals_ood_data_space: R²=0.862 MMD=0.136 | evals_ood_latent_space: R²=0.664 MMD=0.073
gpu/hvg_seurat_v3_paper_a_iid/impact_cellot,impact_cellot,impact_cellot,done,speciesot-human-mouse-hvg,renormed,seurat_v3_paper,layers['counts'],False,,datasets/speciesot-human-mouse-hvg/hvg_seurat_v3_paper_a_v07.h5ad,species,condition,mouse,human,mouse → human,CL:0000625,,True,toggle_ood,cellot,64;64;64;64,50,50000,10,128,0.0001,Adam,./results/hvg_seurat_v3_paper_a_iid/scgen/,generate_hvg_flavor_configs.py,2026-05-10 15:35:16.667871,2026-05-10 15:35:16.667871,/n/holylabs/mooney_lab/Lab/junyizhou/speciesOT/cellot/cellot_gpu/results/hvg_seurat_v3_paper_a_iid/impact_cellot,2,evals_ood_data_space: R²=0.786 MMD=0.053 | evals_ood_latent_space: R²=0.790 MMD=0.052
gpu/hvg_seurat_v3_paper_a_iid/scgen,scgen,scgen,done,speciesot-human-mouse-hvg,renormed,seurat_v3_paper,layers['counts'],False,,datasets/speciesot-human-mouse-hvg/hvg_seurat_v3_paper_a_v07.h5ad,species,condition,mouse,human,mouse → human,CL:0000625,,True,toggle_ood,scgen,256;256,50,50000,,256,0.001,Adam,,generate_hvg_flavor_configs.py,2026-05-10 15:35:16.662858,2026-05-10 15:35:16.662858,/n/holylabs/mooney_lab/Lab/junyizhou/speciesOT/cellot/cellot_gpu/results/hvg_seurat_v3_paper_a_iid/scgen,2,evals_ood_data_space: R²=0.838 MMD=0.105 | evals_ood_latent_space: R²=0.649 MMD=0.068
gpu/hvg_seurat_v3_paper_a_ood/impact_cellot,impact_cellot,impact_cellot,done,speciesot-human-mouse-hvg,renormed,seurat_v3_paper,layers['counts'],False,,datasets/speciesot-human-mouse-hvg/hvg_seurat_v3_paper_a_v07.h5ad,species,condition,mouse,human,mouse → human,CL:0000625,,False,toggle_ood,cellot,64;64;64;64,50,50000,10,128,0.0001,Adam,./results/hvg_seurat_v3_paper_a_ood/scgen/,generate_hvg_flavor_configs.py,2026-05-10 15:35:16.635912,2026-05-10 15:35:16.635912,/n/holylabs/mooney_lab/Lab/junyizhou/speciesOT/cellot/cellot_gpu/results/hvg_seurat_v3_paper_a_ood/impact_cellot,2,evals_ood_data_space: R²=0.773 MMD=0.056 | evals_ood_latent_space: R²=0.773 MMD=0.056
gpu/hvg_seurat_v3_paper_a_ood/scgen,scgen,scgen,done,speciesot-human-mouse-hvg,renormed,seurat_v3_paper,layers['counts'],False,,datasets/speciesot-human-mouse-hvg/hvg_seurat_v3_paper_a_v07.h5ad,species,condition,mouse,human,mouse → human,CL:0000625,,False,toggle_ood,scgen,256;256,50,50000,,256,0.001,Adam,,generate_hvg_flavor_configs.py,2026-05-10 15:35:16.631697,2026-05-10 15:35:16.631697,/n/holylabs/mooney_lab/Lab/junyizhou/speciesOT/cellot/cellot_gpu/results/hvg_seurat_v3_paper_a_ood/scgen,2,evals_ood_data_space: R²=0.840 MMD=0.112 | evals_ood_latent_space: R²=0.702 MMD=0.067
gpu/hvg_seurat_v3_paper_b_iid/impact_cellot,impact_cellot,impact_cellot,done,speciesot-human-mouse-hvg,renormed,seurat_v3_paper,layers['counts'],False,,datasets/speciesot-human-mouse-hvg/hvg_seurat_v3_paper_b_v07.h5ad,species,condition,mouse,human,mouse → human,CL:0000625;CL:0000893,,True,toggle_ood,cellot,64;64;64;64,50,50000,10,128,0.0001,Adam,./results/hvg_seurat_v3_paper_b_iid/scgen/,generate_hvg_flavor_configs.py,2026-05-10 15:35:16.775842,2026-05-10 15:35:16.775842,/n/holylabs/mooney_lab/Lab/junyizhou/speciesOT/cellot/cellot_gpu/results/hvg_seurat_v3_paper_b_iid/impact_cellot,2,evals_ood_data_space: R²=0.797 MMD=0.035 | evals_ood_latent_space: R²=0.793 MMD=0.037
gpu/hvg_seurat_v3_paper_b_iid/scgen,scgen,scgen,done,speciesot-human-mouse-hvg,renormed,seurat_v3_paper,layers['counts'],False,,datasets/speciesot-human-mouse-hvg/hvg_seurat_v3_paper_b_v07.h5ad,species,condition,mouse,human,mouse → human,CL:0000625;CL:0000893,,True,toggle_ood,scgen,256;256,50,50000,,256,0.001,Adam,,generate_hvg_flavor_configs.py,2026-05-10 15:35:16.771988,2026-05-10 15:35:16.771988,/n/holylabs/mooney_lab/Lab/junyizhou/speciesOT/cellot/cellot_gpu/results/hvg_seurat_v3_paper_b_iid/scgen,2,evals_ood_data_space: R²=0.816 MMD=0.108 | evals_ood_latent_space: R²=0.659 MMD=0.063
gpu/hvg_seurat_v3_paper_b_ood/impact_cellot,impact_cellot,impact_cellot,done,speciesot-human-mouse-hvg,renormed,seurat_v3_paper,layers['counts'],False,,datasets/speciesot-human-mouse-hvg/hvg_seurat_v3_paper_b_v07.h5ad,species,condition,mouse,human,mouse → human,CL:0000625;CL:0000893,,False,toggle_ood,cellot,64;64;64;64,50,50000,10,128,0.0001,Adam,./results/hvg_seurat_v3_paper_b_ood/scgen/,generate_hvg_flavor_configs.py,2026-05-10 15:35:16.720692,2026-05-10 15:35:16.720692,/n/holylabs/mooney_lab/Lab/junyizhou/speciesOT/cellot/cellot_gpu/results/hvg_seurat_v3_paper_b_ood/impact_cellot,2,evals_ood_data_space: R²=0.397 MMD=0.082 | evals_ood_latent_space: R²=0.397 MMD=0.083
gpu/hvg_seurat_v3_paper_b_ood/scgen,scgen,scgen,done,speciesot-human-mouse-hvg,renormed,seurat_v3_paper,layers['counts'],False,,datasets/speciesot-human-mouse-hvg/hvg_seurat_v3_paper_b_v07.h5ad,species,condition,mouse,human,mouse → human,CL:0000625;CL:0000893,,False,toggle_ood,scgen,256;256,50,50000,,256,0.001,Adam,,generate_hvg_flavor_configs.py,2026-05-10 15:35:16.713708,2026-05-10 15:35:16.713708,/n/holylabs/mooney_lab/Lab/junyizhou/speciesOT/cellot/cellot_gpu/results/hvg_seurat_v3_paper_b_ood/scgen,2,evals_ood_data_space: R²=0.642 MMD=0.124 | evals_ood_latent_space: R²=0.548 MMD=0.083
gpu/hvg_seurat_v3_paper_c_iid/impact_cellot,impact_cellot,impact_cellot,done,speciesot-human-mouse-hvg,renormed,seurat_v3_paper,layers['counts'],False,,datasets/speciesot-human-mouse-hvg/hvg_seurat_v3_paper_c_v07.h5ad,species,condition,mouse,human,mouse → human,CL:0000624;CL:0000625;CL:0000893,,True,toggle_ood,cellot,64;64;64;64,50,50000,10,128,0.0001,Adam,./results/hvg_seurat_v3_paper_c_iid/scgen/,generate_hvg_flavor_configs.py,2026-05-10 15:35:16.879636,2026-05-10 15:35:16.879636,/n/holylabs/mooney_lab/Lab/junyizhou/speciesOT/cellot/cellot_gpu/results/hvg_seurat_v3_paper_c_iid/impact_cellot,2,evals_ood_data_space: R²=0.854 MMD=0.026 | evals_ood_latent_space: R²=0.858 MMD=0.026
gpu/hvg_seurat_v3_paper_c_iid/scgen,scgen,scgen,done,speciesot-human-mouse-hvg,renormed,seurat_v3_paper,layers['counts'],False,,datasets/speciesot-human-mouse-hvg/hvg_seurat_v3_paper_c_v07.h5ad,species,condition,mouse,human,mouse → human,CL:0000624;CL:0000625;CL:0000893,,True,toggle_ood,scgen,256;256,50,50000,,256,0.001,Adam,,generate_hvg_flavor_configs.py,2026-05-10 15:35:16.869736,2026-05-10 15:35:16.869736,/n/holylabs/mooney_lab/Lab/junyizhou/speciesOT/cellot/cellot_gpu/results/hvg_seurat_v3_paper_c_iid/scgen,2,evals_ood_data_space: R²=0.848 MMD=0.079 | evals_ood_latent_space: R²=0.712 MMD=0.052
gpu/hvg_seurat_v3_paper_c_ood/impact_cellot,impact_cellot,impact_cellot,done,speciesot-human-mouse-hvg,renormed,seurat_v3_paper,layers['counts'],False,,datasets/speciesot-human-mouse-hvg/hvg_seurat_v3_paper_c_v07.h5ad,species,condition,mouse,human,mouse → human,CL:0000624;CL:0000625;CL:0000893,,False,toggle_ood,cellot,64;64;64;64,50,50000,10,128,0.0001,Adam,./results/hvg_seurat_v3_paper_c_ood/scgen/,generate_hvg_flavor_configs.py,2026-05-10 15:35:16.841042,2026-05-10 15:35:16.841042,/n/holylabs/mooney_lab/Lab/junyizhou/speciesOT/cellot/cellot_gpu/results/hvg_seurat_v3_paper_c_ood/impact_cellot,2,evals_ood_data_space: R²=0.681 MMD=0.050 | evals_ood_latent_space: R²=0.678 MMD=0.052
gpu/hvg_seurat_v3_paper_c_ood/scgen,scgen,scgen,done,speciesot-human-mouse-hvg,renormed,seurat_v3_paper,layers['counts'],False,,datasets/speciesot-human-mouse-hvg/hvg_seurat_v3_paper_c_v07.h5ad,species,condition,mouse,human,mouse → human,CL:0000624;CL:0000625;CL:0000893,,False,toggle_ood,scgen,256;256,50,50000,,256,0.001,Adam,,generate_hvg_flavor_configs.py,2026-05-10 15:35:16.833610,2026-05-10 15:35:16.833610,/n/holylabs/mooney_lab/Lab/junyizhou/speciesOT/cellot/cellot_gpu/results/hvg_seurat_v3_paper_c_ood/scgen,2,evals_ood_data_space: R²=0.688 MMD=0.112 | evals_ood_latent_space: R²=0.704 MMD=0.058
gpu/hvg_seurat_v3_paper_d_iid/impact_cellot,impact_cellot,impact_cellot,done,speciesot-human-mouse-hvg,renormed,seurat_v3_paper,layers['counts'],False,,datasets/speciesot-human-mouse-hvg/hvg_seurat_v3_paper_d_v07.h5ad,species,condition,mouse,human,mouse → human,CL:0000624,,True,toggle_ood,cellot,64;64;64;64,50,50000,10,128,0.0001,Adam,./results/hvg_seurat_v3_paper_d_iid/scgen/,generate_hvg_flavor_configs.py,2026-05-10 15:35:17.000364,2026-05-10 15:35:17.000364,/n/holylabs/mooney_lab/Lab/junyizhou/speciesOT/cellot/cellot_gpu/results/hvg_seurat_v3_paper_d_iid/impact_cellot,2,evals_ood_data_space: R²=0.785 MMD=0.062 | evals_ood_latent_space: R²=0.787 MMD=0.062
gpu/hvg_seurat_v3_paper_d_iid/scgen,scgen,scgen,done,speciesot-human-mouse-hvg,renormed,seurat_v3_paper,layers['counts'],False,,datasets/speciesot-human-mouse-hvg/hvg_seurat_v3_paper_d_v07.h5ad,species,condition,mouse,human,mouse → human,CL:0000624,,True,toggle_ood,scgen,256;256,50,50000,,256,0.001,Adam,,generate_hvg_flavor_configs.py,2026-05-10 15:35:16.994859,2026-05-10 15:35:16.994859,/n/holylabs/mooney_lab/Lab/junyizhou/speciesOT/cellot/cellot_gpu/results/hvg_seurat_v3_paper_d_iid/scgen,2,evals_ood_data_space: R²=0.837 MMD=0.100 | evals_ood_latent_space: R²=0.780 MMD=0.068
gpu/hvg_seurat_v3_paper_d_ood/impact_cellot,impact_cellot,impact_cellot,done,speciesot-human-mouse-hvg,renormed,seurat_v3_paper,layers['counts'],False,,datasets/speciesot-human-mouse-hvg/hvg_seurat_v3_paper_d_v07.h5ad,species,condition,mouse,human,mouse → human,CL:0000624,,False,toggle_ood,cellot,64;64;64;64,50,50000,10,128,0.0001,Adam,./results/hvg_seurat_v3_paper_d_ood/scgen/,generate_hvg_flavor_configs.py,2026-05-10 15:35:16.938623,2026-05-10 15:35:16.938623,/n/holylabs/mooney_lab/Lab/junyizhou/speciesOT/cellot/cellot_gpu/results/hvg_seurat_v3_paper_d_ood/impact_cellot,2,evals_ood_data_space: R²=0.774 MMD=0.062 | evals_ood_latent_space: R²=0.776 MMD=0.062
gpu/hvg_seurat_v3_paper_d_ood/scgen,scgen,scgen,done,speciesot-human-mouse-hvg,renormed,seurat_v3_paper,layers['counts'],False,,datasets/speciesot-human-mouse-hvg/hvg_seurat_v3_paper_d_v07.h5ad,species,condition,mouse,human,mouse → human,CL:0000624,,False,toggle_ood,scgen,256;256,50,50000,,256,0.001,Adam,,generate_hvg_flavor_configs.py,2026-05-10 15:35:16.929470,2026-05-10 15:35:16.929470,/n/holylabs/mooney_lab/Lab/junyizhou/speciesOT/cellot/cellot_gpu/results/hvg_seurat_v3_paper_d_ood/scgen,2,evals_ood_data_space: R²=0.851 MMD=0.098 | evals_ood_latent_space: R²=0.757 MMD=0.069
gpu/race_cpu,cellot_legacy,race_cpu,done,scrna-crossspecies,unknown,,,,,datasets/scrna-crossspecies/hvg-top1k-train-only.h5ad,legacy,condition,unst,LPS6,unst → LPS6,,,False,toggle_ood,cellot,64;64;64;64,50,10000,10,128,0.0001,Adam,./results/cross_species_ood_scgen_gpu/,,2026-03-15 14:13:06.467360,2026-03-15 14:23:50.349607,/n/holylabs/mooney_lab/Lab/junyizhou/speciesOT/cellot/cellot_gpu/results/race_cpu,1,evals_ood_latent_space: R²=0.715 MMD=0.216
gpu/race_gpu_requeue,cellot_legacy,race_gpu_requeue,done,scrna-crossspecies,unknown,,,,,datasets/scrna-crossspecies/hvg-top1k-train-only.h5ad,legacy,condition,unst,LPS6,unst → LPS6,,,False,toggle_ood,cellot,64;64;64;64,50,10000,10,128,0.0001,Adam,./results/cross_species_ood_scgen_gpu/,,2026-03-15 18:05:13.469174,2026-03-15 18:11:55.940387,/n/holylabs/mooney_lab/Lab/junyizhou/speciesOT/cellot/cellot_gpu/results/race_gpu_requeue,0,
gpu/renorm_cd4/normal_cellot,cellot_celltype,normal_cellot,done,speciesot-human-mouse-renorm,renormed,,,,,datasets/speciesot-human-mouse-renorm/cd4_holdout_swapped_renorm_v07.h5ad,cell_type,condition,non_cd4,cd4,non_cd4 → cd4,,,,train_test,cellot,64;64;64;64,50,50000,10,128,0.0001,Adam,./results/renorm_cd4/scgen/,,2026-04-21 01:40:33.282247,2026-04-21 02:23:00.343198,/n/holylabs/mooney_lab/Lab/junyizhou/speciesOT/cellot/cellot_gpu/results/renorm_cd4/normal_cellot,1,evals_ood_latent_space: R²=0.769 MMD=0.057
gpu/renorm_cd4/scgen,scgen,scgen,done,speciesot-human-mouse-renorm,renormed,,,,,datasets/speciesot-human-mouse-renorm/ae_training_cd4_renorm_v07.h5ad,species,condition,mouse,human,mouse → human,,,,train_test,scgen,256;256,50,50000,,256,0.001,Adam,,,2026-04-21 01:26:12.935238,2026-04-21 01:39:47.129391,/n/holylabs/mooney_lab/Lab/junyizhou/speciesOT/cellot/cellot_gpu/results/renorm_cd4/scgen,0,
gpu/renorm_cd4/swapped_cellot,impact_cellot,swapped_cellot,done,speciesot-human-mouse-renorm,renormed,,,,,datasets/speciesot-human-mouse-renorm/cd4_holdout_renorm_v07.h5ad,species,condition,mouse,human,mouse → human,,,,train_test,cellot,64;64;64;64,50,50000,10,128,0.0001,Adam,./results/renorm_cd4/scgen/,,2026-04-21 01:40:12.572968,2026-04-21 02:14:45.272007,/n/holylabs/mooney_lab/Lab/junyizhou/speciesOT/cellot/cellot_gpu/results/renorm_cd4/swapped_cellot,1,evals_ood_latent_space: R²=0.816 MMD=0.044
gpu/renorm_cd8/normal_cellot,cellot_celltype,normal_cellot,done,speciesot-human-mouse-renorm,renormed,,,,,datasets/speciesot-human-mouse-renorm/cd8_holdout_swapped_renorm_v07.h5ad,cell_type,condition,non_cd8,cd8,non_cd8 → cd8,,,,train_test,cellot,64;64;64;64,50,50000,10,128,0.0001,Adam,./results/renorm_cd8/scgen/,,2026-04-21 01:42:39.464329,2026-04-21 02:30:29.294922,/n/holylabs/mooney_lab/Lab/junyizhou/speciesOT/cellot/cellot_gpu/results/renorm_cd8/normal_cellot,1,evals_ood_latent_space: R²=0.730 MMD=0.086
gpu/renorm_cd8/scgen,scgen,scgen,done,speciesot-human-mouse-renorm,renormed,,,,,datasets/speciesot-human-mouse-renorm/ae_training_cd8_renorm_v07.h5ad,species,condition,mouse,human,mouse → human,,,,train_test,scgen,256;256,50,50000,,256,0.001,Adam,,,2026-04-21 01:22:27.357610,2026-04-21 01:40:44.718834,/n/holylabs/mooney_lab/Lab/junyizhou/speciesOT/cellot/cellot_gpu/results/renorm_cd8/scgen,0,
gpu/renorm_cd8/swapped_cellot,impact_cellot,swapped_cellot,done,speciesot-human-mouse-renorm,renormed,,,,,datasets/speciesot-human-mouse-renorm/cd8_holdout_renorm_v07.h5ad,species,condition,mouse,human,mouse → human,,,,train_test,cellot,64;64;64;64,50,50000,10,128,0.0001,Adam,./results/renorm_cd8/scgen/,,2026-04-21 01:41:27.287975,2026-04-21 02:26:40.066406,/n/holylabs/mooney_lab/Lab/junyizhou/speciesOT/cellot/cellot_gpu/results/renorm_cd8/swapped_cellot,1,evals_ood_latent_space: R²=0.775 MMD=0.060
gpu/renorm_cd8_thymo/normal_cellot,cellot_celltype,normal_cellot,done,speciesot-human-mouse-renorm,renormed,,,,,datasets/speciesot-human-mouse-renorm/cd8_thymo_holdout_swapped_renorm_v07.h5ad,cell_type,condition,non_cd8,cd8,non_cd8 → cd8,,,,train_test,cellot,64;64;64;64,50,50000,10,128,0.0001,Adam,./results/renorm_cd8_thymo/scgen/,,2026-04-21 01:43:48.442448,2026-04-21 02:29:00.685084,/n/holylabs/mooney_lab/Lab/junyizhou/speciesOT/cellot/cellot_gpu/results/renorm_cd8_thymo/normal_cellot,1,evals_ood_latent_space: R²=0.691 MMD=0.069
gpu/renorm_cd8_thymo/scgen,scgen,scgen,done,speciesot-human-mouse-renorm,renormed,,,,,datasets/speciesot-human-mouse-renorm/ae_training_cd8_thymo_renorm_v07.h5ad,species,condition,mouse,human,mouse → human,,,,train_test,scgen,256;256,50,50000,,256,0.001,Adam,,,2026-04-21 01:24:38.997132,2026-04-21 01:41:11.100496,/n/holylabs/mooney_lab/Lab/junyizhou/speciesOT/cellot/cellot_gpu/results/renorm_cd8_thymo/scgen,0,
gpu/renorm_cd8_thymo/swapped_cellot,impact_cellot,swapped_cellot,done,speciesot-human-mouse-renorm,renormed,,,,,datasets/speciesot-human-mouse-renorm/cd8_thymo_holdout_renorm_v07.h5ad,species,condition,mouse,human,mouse → human,,,,train_test,cellot,64;64;64;64,50,50000,10,128,0.0001,Adam,./results/renorm_cd8_thymo/scgen/,,2026-04-21 01:43:26.554064,2026-04-21 02:28:24.639000,/n/holylabs/mooney_lab/Lab/junyizhou/speciesOT/cellot/cellot_gpu/results/renorm_cd8_thymo/swapped_cellot,1,evals_ood_latent_space: R²=0.747 MMD=0.057
gpu/renorm_tcell_subtypes/normal_cellot,cellot_celltype,normal_cellot,done,speciesot-human-mouse-renorm,renormed,,,,,datasets/speciesot-human-mouse-renorm/tcell_subtypes_holdout_swapped_renorm_v07.h5ad,cell_type,condition,non_tcell_subtype,tcell_subtype,non_tcell_subtype → tcell_subtype,,,,train_test,cellot,64;64;64;64,50,50000,10,128,0.0001,Adam,./results/renorm_tcell_subtypes/scgen/,,2026-04-21 01:50:50.814188,2026-04-21 02:34:33.892531,/n/holylabs/mooney_lab/Lab/junyizhou/speciesOT/cellot/cellot_gpu/results/renorm_tcell_subtypes/normal_cellot,1,evals_ood_latent_space: R²=0.484 MMD=0.074
gpu/renorm_tcell_subtypes/scgen,scgen,scgen,done,speciesot-human-mouse-renorm,renormed,,,,,datasets/speciesot-human-mouse-renorm/ae_training_tcell_subtypes_renorm_v07.h5ad,species,condition,mouse,human,mouse → human,,,,train_test,scgen,256;256,50,50000,,256,0.001,Adam,,,2026-04-21 01:25:26.059906,2026-04-21 01:43:31.786513,/n/holylabs/mooney_lab/Lab/junyizhou/speciesOT/cellot/cellot_gpu/results/renorm_tcell_subtypes/scgen,0,
gpu/renorm_tcell_subtypes/swapped_cellot,impact_cellot,swapped_cellot,done,speciesot-human-mouse-renorm,renormed,,,,,datasets/speciesot-human-mouse-renorm/tcell_subtypes_holdout_renorm_v07.h5ad,species,condition,mouse,human,mouse → human,,,,train_test,cellot,64;64;64;64,50,50000,10,128,0.0001,Adam,./results/renorm_tcell_subtypes/scgen/,,2026-04-21 01:48:18.813388,2026-04-21 02:30:51.949793,/n/holylabs/mooney_lab/Lab/junyizhou/speciesOT/cellot/cellot_gpu/results/renorm_tcell_subtypes/swapped_cellot,1,evals_ood_latent_space: R²=0.666 MMD=0.068
gpu/speciesot_cd4/speciesot_cellot,impact_cellot,speciesot_cellot,done,speciesot-human-mouse,stale,,,,,datasets/speciesot-human-mouse/cd4_holdout_v07.h5ad,species,condition,mouse,human,mouse → human,,,,train_test,cellot,64;64;64;64,50,50000,10,128,0.0001,Adam,./results/speciesot_cd4/speciesot_scgen/,,2026-04-05 20:51:29.505445,2026-04-05 21:40:39.551733,/n/holylabs/mooney_lab/Lab/junyizhou/speciesOT/cellot/cellot_gpu/results/speciesot_cd4/speciesot_cellot,1,evals_ood_data_space: R²=0.597 MMD=0.082
gpu/speciesot_cd4/speciesot_cellot_swapped,cellot_celltype,speciesot_cellot_swapped,done,speciesot-human-mouse,stale,,,,,datasets/speciesot-human-mouse/cd4_holdout_swapped_v07.h5ad,cell_type,condition,non_cd4,cd4,non_cd4 → cd4,,,,train_test,cellot,64;64;64;64,50,50000,10,128,0.0001,Adam,./results/speciesot_cd4/speciesot_scgen/,,2026-04-05 20:51:22.619218,2026-04-05 21:37:28.725672,/n/holylabs/mooney_lab/Lab/junyizhou/speciesOT/cellot/cellot_gpu/results/speciesot_cd4/speciesot_cellot_swapped,1,evals_ood_data_space: R²=0.572 MMD=0.121
gpu/speciesot_cd4/speciesot_scgen,scgen,speciesot_scgen,done,speciesot-human-mouse,stale,,,,,datasets/speciesot-human-mouse/ae_training_cd4_v07.h5ad,species,condition,mouse,human,mouse → human,,,,train_test,scgen,256;256,50,50000,,256,0.001,Adam,,,2026-04-05 19:46:12.630004,2026-04-05 20:16:13.873681,/n/holylabs/mooney_lab/Lab/junyizhou/speciesOT/cellot/cellot_gpu/results/speciesot_cd4/speciesot_scgen,0,
gpu/speciesot_cd8/cellot,cellot_celltype,cellot,done,speciesot-human-mouse,stale,,,,,datasets/speciesot-human-mouse/cd8_holdout_swapped_v07.h5ad,cell_type,condition,non_cd8,cd8,non_cd8 → cd8,,,,train_test,cellot,64;64;64;64,50,50000,10,128,0.0001,Adam,./results/speciesot_cd8/speciesot_scgen/,,2026-03-25 13:17:27.262578,2026-03-25 13:59:56.055833,/n/holylabs/mooney_lab/Lab/junyizhou/speciesOT/cellot/cellot_gpu/results/speciesot_cd8/cellot,1,evals_ood_data_space: R²=0.624 MMD=0.109
gpu/speciesot_cd8/impact_or,impact_cellot,impact_or,done,speciesot-human-mouse,stale,,,,,datasets/speciesot-human-mouse/cd8_holdout_v07.h5ad,species,condition,mouse,human,mouse → human,,,,train_test,cellot,64;64;64;64,50,50000,10,128,0.0001,Adam,./results/speciesot_cd8/speciesot_scgen/,,2026-03-25 13:16:55.086553,2026-03-25 13:59:52.264448,/n/holylabs/mooney_lab/Lab/junyizhou/speciesOT/cellot/cellot_gpu/results/speciesot_cd8/impact_or,1,evals_ood_data_space: R²=0.685 MMD=0.080
gpu/speciesot_cd8/speciesot_scgen,scgen,speciesot_scgen,done,speciesot-human-mouse,stale,,,,,datasets/speciesot-human-mouse/ae_training_expanded_v07.h5ad,species,condition,mouse,human,mouse → human,,,,train_test,scgen,256;256,50,50000,,256,0.001,Adam,,,2026-03-25 12:35:30.890029,2026-03-25 13:12:32.896909,/n/holylabs/mooney_lab/Lab/junyizhou/speciesOT/cellot/cellot_gpu/results/speciesot_cd8/speciesot_scgen,0,
gpu/speciesot_cd8_nothymo/speciesot_cellot,impact_cellot,speciesot_cellot,done,speciesot-human-mouse,stale,,,,,datasets/speciesot-human-mouse/cd8_nothymo_holdout_v07.h5ad,species,condition,mouse,human,mouse → human,,,,train_test,cellot,64;64;64;64,50,50000,10,128,0.0001,Adam,./results/speciesot_cd8_nothymo/speciesot_scgen/,,2026-04-05 20:51:22.942956,2026-04-05 21:30:45.316786,/n/holylabs/mooney_lab/Lab/junyizhou/speciesOT/cellot/cellot_gpu/results/speciesot_cd8_nothymo/speciesot_cellot,1,evals_ood_data_space: R²=0.674 MMD=0.073
gpu/speciesot_cd8_nothymo/speciesot_cellot_swapped,cellot_celltype,speciesot_cellot_swapped,done,speciesot-human-mouse,stale,,,,,datasets/speciesot-human-mouse/cd8_nothymo_holdout_swapped_v07.h5ad,cell_type,condition,non_cd8,cd8,non_cd8 → cd8,,,,train_test,cellot,64;64;64;64,50,50000,10,128,0.0001,Adam,./results/speciesot_cd8_nothymo/speciesot_scgen/,,2026-04-05 20:51:20.961111,2026-04-05 21:41:00.064372,/n/holylabs/mooney_lab/Lab/junyizhou/speciesOT/cellot/cellot_gpu/results/speciesot_cd8_nothymo/speciesot_cellot_swapped,1,evals_ood_data_space: R²=0.558 MMD=0.113
gpu/speciesot_cd8_nothymo/speciesot_scgen,scgen,speciesot_scgen,done,speciesot-human-mouse,stale,,,,,datasets/speciesot-human-mouse/ae_training_cd8_nothymo_v07.h5ad,species,condition,mouse,human,mouse → human,,,,train_test,scgen,256;256,50,50000,,256,0.001,Adam,,,2026-04-05 19:45:26.716771,2026-04-05 20:20:20.616156,/n/holylabs/mooney_lab/Lab/junyizhou/speciesOT/cellot/cellot_gpu/results/speciesot_cd8_nothymo/speciesot_scgen,0,
gpu/speciesot_cpu/speciesot_cellot,impact_cellot,speciesot_cellot,done,speciesot-human-mouse,stale,,,,,datasets/speciesot-human-mouse/hvg-top1k.h5ad,species,condition,human,mouse,human → mouse,CL:0000084,,False,toggle_ood,cellot,64;64;64;64,50,10000,10,128,0.0001,Adam,./results/speciesot_cpu/speciesot_scgen/,,2026-03-18 09:48:09.833339,2026-03-18 09:54:34.137938,/n/holylabs/mooney_lab/Lab/junyizhou/speciesOT/cellot/cellot_gpu/results/speciesot_cpu/speciesot_cellot,0,
gpu/speciesot_cpu/speciesot_scgen,scgen,speciesot_scgen,done,speciesot-human-mouse,stale,,,,,datasets/speciesot-human-mouse/hvg-top1k.h5ad,species,condition,human,mouse,human → mouse,CL:0000084,,False,toggle_ood,scgen,512;512,50,5000,,128,0.001,Adam,,,2026-03-18 09:36:54.632882,2026-03-18 09:47:26.856261,/n/holylabs/mooney_lab/Lab/junyizhou/speciesOT/cellot/cellot_gpu/results/speciesot_cpu/speciesot_scgen,0,
gpu/speciesot_tcell_subtypes/speciesot_cellot,impact_cellot,speciesot_cellot,done,speciesot-human-mouse,stale,,,,,datasets/speciesot-human-mouse/tcell_subtypes_holdout_v07.h5ad,species,condition,mouse,human,mouse → human,,,,train_test,cellot,64;64;64;64,50,50000,10,128,0.0001,Adam,./results/speciesot_tcell_subtypes/speciesot_scgen/,,2026-04-05 20:51:20.960655,2026-04-05 21:41:09.125444,/n/holylabs/mooney_lab/Lab/junyizhou/speciesOT/cellot/cellot_gpu/results/speciesot_tcell_subtypes/speciesot_cellot,1,evals_ood_data_space: R²=0.641 MMD=0.058
gpu/speciesot_tcell_subtypes/speciesot_cellot_swapped,cellot_celltype,speciesot_cellot_swapped,done,speciesot-human-mouse,stale,,,,,datasets/speciesot-human-mouse/tcell_subtypes_holdout_swapped_v07.h5ad,cell_type,condition,non_tcell_subtype,tcell_subtype,non_tcell_subtype → tcell_subtype,,,,train_test,cellot,64;64;64;64,50,50000,10,128,0.0001,Adam,./results/speciesot_tcell_subtypes/speciesot_scgen/,,2026-04-05 20:51:21.215756,2026-04-05 21:35:05.617236,/n/holylabs/mooney_lab/Lab/junyizhou/speciesOT/cellot/cellot_gpu/results/speciesot_tcell_subtypes/speciesot_cellot_swapped,1,evals_ood_data_space: R²=0.507 MMD=0.053
gpu/speciesot_tcell_subtypes/speciesot_scgen,scgen,speciesot_scgen,done,speciesot-human-mouse,stale,,,,,datasets/speciesot-human-mouse/ae_training_tcell_subtypes_v07.h5ad,species,condition,mouse,human,mouse → human,,,,train_test,scgen,256;256,50,50000,,256,0.001,Adam,,,2026-04-05 19:45:23.388374,2026-04-05 20:25:50.929940,/n/holylabs/mooney_lab/Lab/junyizhou/speciesOT/cellot/cellot_gpu/results/speciesot_tcell_subtypes/speciesot_scgen,0,
gpu/toggle_m1_iid/impact,impact_cellot,impact,done,speciesot-human-mouse,stale,,,,,datasets/speciesot-human-mouse/toggle_m1_holdout_v07.h5ad,species,condition,mouse,human,mouse → human,CL:0000875,,True,toggle_ood,cellot,64;64;64;64,50,50000,10,128,0.0001,Adam,./results/toggle_m1_iid/scgen/,generate_toggle_configs.py (deleted; outputs preserved),2026-04-09 01:25:28.512863,2026-04-09 02:09:43.173474,/n/holylabs/mooney_lab/Lab/junyizhou/speciesOT/cellot/cellot_gpu/results/toggle_m1_iid/impact,1,evals_ood_latent_space: R²=0.790 MMD=0.032
gpu/toggle_m1_iid/scgen,scgen,scgen,done,speciesot-human-mouse,stale,,,,,datasets/speciesot-human-mouse/toggle_m1_ae_training_iid_v07.h5ad,species,condition,mouse,human,mouse → human,,,,train_test,scgen,256;256,50,50000,,256,0.001,Adam,,generate_toggle_configs.py (deleted; outputs preserved),2026-04-09 00:40:52.873599,2026-04-09 01:18:08.195573,/n/holylabs/mooney_lab/Lab/junyizhou/speciesOT/cellot/cellot_gpu/results/toggle_m1_iid/scgen,0,
gpu/toggle_m1_ood/impact,impact_cellot,impact,done,speciesot-human-mouse,stale,,,,,datasets/speciesot-human-mouse/toggle_m1_holdout_v07.h5ad,species,condition,mouse,human,mouse → human,CL:0000875,,False,toggle_ood,cellot,64;64;64;64,50,50000,10,128,0.0001,Adam,./results/toggle_m1_ood/scgen/,generate_toggle_configs.py (deleted; outputs preserved),2026-04-09 01:25:28.513484,2026-04-09 02:09:21.345662,/n/holylabs/mooney_lab/Lab/junyizhou/speciesOT/cellot/cellot_gpu/results/toggle_m1_ood/impact,1,evals_ood_latent_space: R²=0.731 MMD=0.036
gpu/toggle_m1_ood/scgen,scgen,scgen,done,speciesot-human-mouse,stale,,,,,datasets/speciesot-human-mouse/toggle_m1_ae_training_ood_v07.h5ad,species,condition,mouse,human,mouse → human,,,,train_test,scgen,256;256,50,50000,,256,0.001,Adam,,generate_toggle_configs.py (deleted; outputs preserved),2026-04-09 00:40:54.401101,2026-04-09 01:16:10.532350,/n/holylabs/mooney_lab/Lab/junyizhou/speciesOT/cellot/cellot_gpu/results/toggle_m1_ood/scgen,0,
gpu/toggle_m2_iid/impact,impact_cellot,impact,done,speciesot-human-mouse,stale,,,,,datasets/speciesot-human-mouse/toggle_m2_holdout_v07.h5ad,species,condition,mouse,human,mouse → human,CL:0000875;CL:0000576,,True,toggle_ood,cellot,64;64;64;64,50,50000,10,128,0.0001,Adam,./results/toggle_m2_iid/scgen/,generate_toggle_configs.py (deleted; outputs preserved),2026-04-09 01:25:29.601934,2026-04-09 02:11:22.746737,/n/holylabs/mooney_lab/Lab/junyizhou/speciesOT/cellot/cellot_gpu/results/toggle_m2_iid/impact,1,evals_ood_latent_space: R²=0.821 MMD=0.027
gpu/toggle_m2_iid/scgen,scgen,scgen,done,speciesot-human-mouse,stale,,,,,datasets/speciesot-human-mouse/toggle_m2_ae_training_iid_v07.h5ad,species,condition,mouse,human,mouse → human,,,,train_test,scgen,256;256,50,50000,,256,0.001,Adam,,generate_toggle_configs.py (deleted; outputs preserved),2026-04-09 00:40:55.132440,2026-04-09 01:18:07.000013,/n/holylabs/mooney_lab/Lab/junyizhou/speciesOT/cellot/cellot_gpu/results/toggle_m2_iid/scgen,0,
gpu/toggle_m2_ood/impact,impact_cellot,impact,done,speciesot-human-mouse,stale,,,,,datasets/speciesot-human-mouse/toggle_m2_holdout_v07.h5ad,species,condition,mouse,human,mouse → human,CL:0000875;CL:0000576,,False,toggle_ood,cellot,64;64;64;64,50,50000,10,128,0.0001,Adam,./results/toggle_m2_ood/scgen/,generate_toggle_configs.py (deleted; outputs preserved),2026-04-09 01:25:28.785457,2026-04-09 01:56:44.968004,/n/holylabs/mooney_lab/Lab/junyizhou/speciesOT/cellot/cellot_gpu/results/toggle_m2_ood/impact,1,evals_ood_latent_space: R²=0.752 MMD=0.031
gpu/toggle_m2_ood/scgen,scgen,scgen,done,speciesot-human-mouse,stale,,,,,datasets/speciesot-human-mouse/toggle_m2_ae_training_ood_v07.h5ad,species,condition,mouse,human,mouse → human,,,,train_test,scgen,256;256,50,50000,,256,0.001,Adam,,generate_toggle_configs.py (deleted; outputs preserved),2026-04-09 00:40:54.714949,2026-04-09 01:23:52.766841,/n/holylabs/mooney_lab/Lab/junyizhou/speciesOT/cellot/cellot_gpu/results/toggle_m2_ood/scgen,0,
gpu/toggle_m3_iid/impact,impact_cellot,impact,done,speciesot-human-mouse,stale,,,,,datasets/speciesot-human-mouse/toggle_m3_holdout_v07.h5ad,species,condition,mouse,human,mouse → human,CL:0000875;CL:0000860;CL:0002393;CL:0000576,,True,toggle_ood,cellot,64;64;64;64,50,50000,10,128,0.0001,Adam,./results/toggle_m3_iid/scgen/,generate_toggle_configs.py (deleted; outputs preserved),2026-04-09 01:25:28.798302,2026-04-09 01:56:57.312991,/n/holylabs/mooney_lab/Lab/junyizhou/speciesOT/cellot/cellot_gpu/results/toggle_m3_iid/impact,1,evals_ood_latent_space: R²=0.824 MMD=0.024
gpu/toggle_m3_iid/scgen,scgen,scgen,done,speciesot-human-mouse,stale,,,,,datasets/speciesot-human-mouse/toggle_m3_ae_training_iid_v07.h5ad,species,condition,mouse,human,mouse → human,,,,train_test,scgen,256;256,50,50000,,256,0.001,Adam,,generate_toggle_configs.py (deleted; outputs preserved),2026-04-09 00:40:56.260697,2026-04-09 01:20:32.930628,/n/holylabs/mooney_lab/Lab/junyizhou/speciesOT/cellot/cellot_gpu/results/toggle_m3_iid/scgen,0,
gpu/toggle_m3_ood/impact,impact_cellot,impact,done,speciesot-human-mouse,stale,,,,,datasets/speciesot-human-mouse/toggle_m3_holdout_v07.h5ad,species,condition,mouse,human,mouse → human,CL:0000875;CL:0000860;CL:0002393;CL:0000576,,False,toggle_ood,cellot,64;64;64;64,50,50000,10,128,0.0001,Adam,./results/toggle_m3_ood/scgen/,generate_toggle_configs.py (deleted; outputs preserved),2026-04-09 01:25:42.785333,2026-04-09 01:58:15.665173,/n/holylabs/mooney_lab/Lab/junyizhou/speciesOT/cellot/cellot_gpu/results/toggle_m3_ood/impact,1,evals_ood_latent_space: R²=0.641 MMD=0.032
gpu/toggle_m3_ood/scgen,scgen,scgen,done,speciesot-human-mouse,stale,,,,,datasets/speciesot-human-mouse/toggle_m3_ae_training_ood_v07.h5ad,species,condition,mouse,human,mouse → human,,,,train_test,scgen,256;256,50,50000,,256,0.001,Adam,,generate_toggle_configs.py (deleted; outputs preserved),2026-04-09 00:40:56.301099,2026-04-09 01:12:51.084284,/n/holylabs/mooney_lab/Lab/junyizhou/speciesOT/cellot/cellot_gpu/results/toggle_m3_ood/scgen,0,
gpu/toggle_m4_iid/impact,impact_cellot,impact,done,speciesot-human-mouse,stale,,,,,datasets/speciesot-human-mouse/toggle_m4_holdout_v07.h5ad,species,condition,mouse,human,mouse → human,CL:0000860,,True,toggle_ood,cellot,64;64;64;64,50,50000,10,128,0.0001,Adam,./results/toggle_m4_iid/scgen/,generate_toggle_configs.py (deleted; outputs preserved),2026-04-09 01:25:25.557351,2026-04-09 01:57:59.278552,/n/holylabs/mooney_lab/Lab/junyizhou/speciesOT/cellot/cellot_gpu/results/toggle_m4_iid/impact,1,evals_ood_latent_space: R²=0.680 MMD=0.056
gpu/toggle_m4_iid/scgen,scgen,scgen,done,speciesot-human-mouse,stale,,,,,datasets/speciesot-human-mouse/toggle_m4_ae_training_iid_v07.h5ad,species,condition,mouse,human,mouse → human,,,,train_test,scgen,256;256,50,50000,,256,0.001,Adam,,generate_toggle_configs.py (deleted; outputs preserved),2026-04-09 00:40:55.840232,2026-04-09 01:19:45.466794,/n/holylabs/mooney_lab/Lab/junyizhou/speciesOT/cellot/cellot_gpu/results/toggle_m4_iid/scgen,0,
gpu/toggle_m4_ood/impact,impact_cellot,impact,done,speciesot-human-mouse,stale,,,,,datasets/speciesot-human-mouse/toggle_m4_holdout_v07.h5ad,species,condition,mouse,human,mouse → human,CL:0000860,,False,toggle_ood,cellot,64;64;64;64,50,50000,10,128,0.0001,Adam,./results/toggle_m4_ood/scgen/,generate_toggle_configs.py (deleted; outputs preserved),2026-04-09 01:25:27.450624,2026-04-09 02:12:17.298761,/n/holylabs/mooney_lab/Lab/junyizhou/speciesOT/cellot/cellot_gpu/results/toggle_m4_ood/impact,1,evals_ood_latent_space: R²=0.714 MMD=0.051
gpu/toggle_m4_ood/scgen,scgen,scgen,done,speciesot-human-mouse,stale,,,,,datasets/speciesot-human-mouse/toggle_m4_ae_training_ood_v07.h5ad,species,condition,mouse,human,mouse → human,,,,train_test,scgen,256;256,50,50000,,256,0.001,Adam,,generate_toggle_configs.py (deleted; outputs preserved),2026-04-09 00:40:56.441944,2026-04-09 01:15:03.219742,/n/holylabs/mooney_lab/Lab/junyizhou/speciesOT/cellot/cellot_gpu/results/toggle_m4_ood/scgen,0,
gpu/toggle_t1_iid/impact,impact_cellot,impact,done,speciesot-human-mouse,stale,,,,,datasets/speciesot-human-mouse/toggle_t1_holdout_v07.h5ad,species,condition,mouse,human,mouse → human,CL:0000625,,True,toggle_ood,cellot,64;64;64;64,50,50000,10,128,0.0001,Adam,./results/toggle_t1_iid/scgen/,generate_toggle_configs.py (deleted; outputs preserved),2026-04-09 01:25:29.599289,2026-04-09 02:11:02.483773,/n/holylabs/mooney_lab/Lab/junyizhou/speciesOT/cellot/cellot_gpu/results/toggle_t1_iid/impact,1,evals_ood_latent_space: R²=0.867 MMD=0.022
gpu/toggle_t1_iid/scgen,scgen,scgen,done,speciesot-human-mouse,stale,,,,,datasets/speciesot-human-mouse/toggle_t1_ae_training_iid_v07.h5ad,species,condition,mouse,human,mouse → human,,,,train_test,scgen,256;256,50,50000,,256,0.001,Adam,,generate_toggle_configs.py (deleted; outputs preserved),2026-04-09 00:40:58.081528,2026-04-09 01:15:25.061175,/n/holylabs/mooney_lab/Lab/junyizhou/speciesOT/cellot/cellot_gpu/results/toggle_t1_iid/scgen,0,
gpu/toggle_t1_ood/impact,impact_cellot,impact,done,speciesot-human-mouse,stale,,,,,datasets/speciesot-human-mouse/toggle_t1_holdout_v07.h5ad,species,condition,mouse,human,mouse → human,CL:0000625,,False,toggle_ood,cellot,64;64;64;64,50,50000,10,128,0.0001,Adam,./results/toggle_t1_ood/scgen/,generate_toggle_configs.py (deleted; outputs preserved),2026-04-09 01:26:13.943836,2026-04-09 01:58:47.050980,/n/holylabs/mooney_lab/Lab/junyizhou/speciesOT/cellot/cellot_gpu/results/toggle_t1_ood/impact,1,evals_ood_latent_space: R²=0.841 MMD=0.022
gpu/toggle_t1_ood/scgen,scgen,scgen,done,speciesot-human-mouse,stale,,,,,datasets/speciesot-human-mouse/toggle_t1_ae_training_ood_v07.h5ad,species,condition,mouse,human,mouse → human,,,,train_test,scgen,256;256,50,50000,,256,0.001,Adam,,generate_toggle_configs.py (deleted; outputs preserved),2026-04-09 00:40:57.597956,2026-04-09 01:22:22.440886,/n/holylabs/mooney_lab/Lab/junyizhou/speciesOT/cellot/cellot_gpu/results/toggle_t1_ood/scgen,0,
gpu/toggle_t2_iid/impact,impact_cellot,impact,done,speciesot-human-mouse,stale,,,,,datasets/speciesot-human-mouse/toggle_t2_holdout_v07.h5ad,species,condition,mouse,human,mouse → human,CL:0000625;CL:0000893,,True,toggle_ood,cellot,64;64;64;64,50,50000,10,128,0.0001,Adam,./results/toggle_t2_iid/scgen/,generate_toggle_configs.py (deleted; outputs preserved),2026-04-09 01:27:45.089379,2026-04-09 02:00:04.121410,/n/holylabs/mooney_lab/Lab/junyizhou/speciesOT/cellot/cellot_gpu/results/toggle_t2_iid/impact,1,evals_ood_latent_space: R²=0.844 MMD=0.018
gpu/toggle_t2_iid/scgen,scgen,scgen,done,speciesot-human-mouse,stale,,,,,datasets/speciesot-human-mouse/toggle_t2_ae_training_iid_v07.h5ad,species,condition,mouse,human,mouse → human,,,,train_test,scgen,256;256,50,50000,,256,0.001,Adam,,generate_toggle_configs.py (deleted; outputs preserved),2026-04-09 00:40:58.498220,2026-04-09 01:22:04.634081,/n/holylabs/mooney_lab/Lab/junyizhou/speciesOT/cellot/cellot_gpu/results/toggle_t2_iid/scgen,0,
gpu/toggle_t2_ood/impact,impact_cellot,impact,done,speciesot-human-mouse,stale,,,,,datasets/speciesot-human-mouse/toggle_t2_holdout_v07.h5ad,species,condition,mouse,human,mouse → human,CL:0000625;CL:0000893,,False,toggle_ood,cellot,64;64;64;64,50,50000,10,128,0.0001,Adam,./results/toggle_t2_ood/scgen/,generate_toggle_configs.py (deleted; outputs preserved),2026-04-09 01:27:47.959472,2026-04-09 02:00:03.548195,/n/holylabs/mooney_lab/Lab/junyizhou/speciesOT/cellot/cellot_gpu/results/toggle_t2_ood/impact,1,evals_ood_latent_space: R²=0.829 MMD=0.020
gpu/toggle_t2_ood/scgen,scgen,scgen,done,speciesot-human-mouse,stale,,,,,datasets/speciesot-human-mouse/toggle_t2_ae_training_ood_v07.h5ad,species,condition,mouse,human,mouse → human,,,,train_test,scgen,256;256,50,50000,,256,0.001,Adam,,generate_toggle_configs.py (deleted; outputs preserved),2026-04-09 00:40:57.633311,2026-04-09 01:19:13.131423,/n/holylabs/mooney_lab/Lab/junyizhou/speciesOT/cellot/cellot_gpu/results/toggle_t2_ood/scgen,0,
gpu/toggle_t3_iid/impact,impact_cellot,impact,done,speciesot-human-mouse,stale,,,,,datasets/speciesot-human-mouse/toggle_t3_holdout_v07.h5ad,species,condition,mouse,human,mouse → human,CL:0000624;CL:0000625;CL:0000893,,True,toggle_ood,cellot,64;64;64;64,50,50000,10,128,0.0001,Adam,./results/toggle_t3_iid/scgen/,generate_toggle_configs.py (deleted; outputs preserved),2026-04-09 01:27:47.958679,2026-04-09 02:00:08.193788,/n/holylabs/mooney_lab/Lab/junyizhou/speciesOT/cellot/cellot_gpu/results/toggle_t3_iid/impact,1,evals_ood_latent_space: R²=0.872 MMD=0.015
gpu/toggle_t3_iid/scgen,scgen,scgen,done,speciesot-human-mouse,stale,,,,,datasets/speciesot-human-mouse/toggle_t3_ae_training_iid_v07.h5ad,species,condition,mouse,human,mouse → human,,,,train_test,scgen,256;256,50,50000,,256,0.001,Adam,,generate_toggle_configs.py (deleted; outputs preserved),2026-04-09 00:40:59.385253,2026-04-09 01:13:40.128450,/n/holylabs/mooney_lab/Lab/junyizhou/speciesOT/cellot/cellot_gpu/results/toggle_t3_iid/scgen,0,
gpu/toggle_t3_ood/impact,impact_cellot,impact,done,speciesot-human-mouse,stale,,,,,datasets/speciesot-human-mouse/toggle_t3_holdout_v07.h5ad,species,condition,mouse,human,mouse → human,CL:0000624;CL:0000625;CL:0000893,,False,toggle_ood,cellot,64;64;64;64,50,50000,10,128,0.0001,Adam,./results/toggle_t3_ood/scgen/,generate_toggle_configs.py (deleted; outputs preserved),2026-04-09 01:28:17.905819,2026-04-09 02:00:52.131493,/n/holylabs/mooney_lab/Lab/junyizhou/speciesOT/cellot/cellot_gpu/results/toggle_t3_ood/impact,1,evals_ood_latent_space: R²=0.797 MMD=0.023
gpu/toggle_t3_ood/scgen,scgen,scgen,done,speciesot-human-mouse,stale,,,,,datasets/speciesot-human-mouse/toggle_t3_ae_training_ood_v07.h5ad,species,condition,mouse,human,mouse → human,,,,train_test,scgen,256;256,50,50000,,256,0.001,Adam,,generate_toggle_configs.py (deleted; outputs preserved),2026-04-09 00:40:59.781637,2026-04-09 01:15:56.635557,/n/holylabs/mooney_lab/Lab/junyizhou/speciesOT/cellot/cellot_gpu/results/toggle_t3_ood/scgen,0,
gpu/toggle_t4_iid/impact,impact_cellot,impact,done,speciesot-human-mouse,stale,,,,,datasets/speciesot-human-mouse/toggle_t4_holdout_v07.h5ad,species,condition,mouse,human,mouse → human,CL:0000624,,True,toggle_ood,cellot,64;64;64;64,50,50000,10,128,0.0001,Adam,./results/toggle_t4_iid/scgen/,generate_toggle_configs.py (deleted; outputs preserved),2026-04-09 01:28:27.661535,2026-04-09 02:01:00.148373,/n/holylabs/mooney_lab/Lab/junyizhou/speciesOT/cellot/cellot_gpu/results/toggle_t4_iid/impact,1,evals_ood_latent_space: R²=0.760 MMD=0.049
gpu/toggle_t4_iid/scgen,scgen,scgen,done,speciesot-human-mouse,stale,,,,,datasets/speciesot-human-mouse/toggle_t4_ae_training_iid_v07.h5ad,species,condition,mouse,human,mouse → human,,,,train_test,scgen,256;256,50,50000,,256,0.001,Adam,,generate_toggle_configs.py (deleted; outputs preserved),2026-04-09 00:41:00.054878,2026-04-09 01:25:03.468340,/n/holylabs/mooney_lab/Lab/junyizhou/speciesOT/cellot/cellot_gpu/results/toggle_t4_iid/scgen,0,
gpu/toggle_t4_ood/impact,impact_cellot,impact,done,speciesot-human-mouse,stale,,,,,datasets/speciesot-human-mouse/toggle_t4_holdout_v07.h5ad,species,condition,mouse,human,mouse → human,CL:0000624,,False,toggle_ood,cellot,64;64;64;64,50,50000,10,128,0.0001,Adam,./results/toggle_t4_ood/scgen/,generate_toggle_configs.py (deleted; outputs preserved),2026-04-09 01:29:56.341394,2026-04-09 02:04:54.780849,/n/holylabs/mooney_lab/Lab/junyizhou/speciesOT/cellot/cellot_gpu/results/toggle_t4_ood/impact,1,evals_ood_latent_space: R²=0.773 MMD=0.049
gpu/toggle_t4_ood/scgen,scgen,scgen,done,speciesot-human-mouse,stale,,,,,datasets/speciesot-human-mouse/toggle_t4_ae_training_ood_v07.h5ad,species,condition,mouse,human,mouse → human,,,,train_test,scgen,256;256,50,50000,,256,0.001,Adam,,generate_toggle_configs.py (deleted; outputs preserved),2026-04-09 00:41:20.745609,2026-04-09 01:13:37.521418,/n/holylabs/mooney_lab/Lab/junyizhou/speciesOT/cellot/cellot_gpu/results/toggle_t4_ood/scgen,0,
