symbol,ensmusg
Kdm5d,ENSMUSG00000056673
Eif2s3y,ENSMUSG00000069049
Uty,ENSMUSG00000068457
Ddx3y,ENSMUSG00000069045
Cep120,ENSMUSG00000048799
Csnk1g3,ENSMUSG00000073563
Zfp608,ENSMUSG00000052713
Aldh7a1,ENSMUSG00000053644
Phax,ENSMUSG00000008301
Lmnb1,ENSMUSG00000024590
Klf9,ENSMUSG00000033863
C330018D20Rik,ENSMUSG00000024592
Smc5,ENSMUSG00000024943
B4galt6,ENSMUSG00000056124
Mamdc2,ENSMUSG00000033207
Trappc8,ENSMUSG00000033382
Ptar1,ENSMUSG00000074925
Apba1,ENSMUSG00000024897
Rnf125,ENSMUSG00000033107
Rnf138,ENSMUSG00000024317
Tjp2,ENSMUSG00000024812
Fxn,ENSMUSG00000059363
Pip5k1b,ENSMUSG00000024867
Isoc1,ENSMUSG00000024601
Nrap,ENSMUSG00000049134
Vma21,ENSMUSG00000073131
Trib2,ENSMUSG00000020601
Gm4841,ENSMUSG00000068606
Rlim,ENSMUSG00000056537
Nubpl,ENSMUSG00000035142
Ifitm7,ENSMUSG00000065968
Npc2,ENSMUSG00000021242
Rbm22,ENSMUSG00000024604
Ndufb4,ENSMUSG00000022820
Isca2,ENSMUSG00000021241
Arhgap5,ENSMUSG00000035133
Fstl1,ENSMUSG00000022816
Lrrc58,ENSMUSG00000034158
Gsk3b,ENSMUSG00000022812
Egln3,ENSMUSG00000035105
Casp7,ENSMUSG00000025076
Abcb7,ENSMUSG00000031333
Dock8,ENSMUSG00000052085
Nde1,ENSMUSG00000022678
Uprt,ENSMUSG00000073016
Gabre,ENSMUSG00000031340
Zdhhc15,ENSMUSG00000033906
Mapre2,ENSMUSG00000024277
Magee2,ENSMUSG00000031224
Tiam1,ENSMUSG00000002489
Ppp2r5c,ENSMUSG00000017843
Zfp397,ENSMUSG00000024276
Zfp35,ENSMUSG00000063281
Nhlrc2,ENSMUSG00000025078
Ccdc134,ENSMUSG00000068114
Ino80c,ENSMUSG00000047989
Galnt1,ENSMUSG00000000420
Lrch2,ENSMUSG00000031290
Pacs1,ENSMUSG00000024855
Sod1,ENSMUSG00000022982
2700062C07Rik,ENSMUSG00000024273
Scaf4,ENSMUSG00000022983
Rprd1a,ENSMUSG00000040446
Card6,ENSMUSG00000041849
Rpl37,ENSMUSG00000041841
Prkaa1,ENSMUSG00000050697
Sf3b2,ENSMUSG00000024853
Ppargc1b,ENSMUSG00000033871
Srebf2,ENSMUSG00000022463
Dync1h1,ENSMUSG00000018707
Magee1,ENSMUSG00000031227
Celf4,ENSMUSG00000024268
Mtbp,ENSMUSG00000022369
Atrx,ENSMUSG00000031229
Urb1,ENSMUSG00000039929
Cst6,ENSMUSG00000024846
Fcf1,ENSMUSG00000021243
Hsp90aa1,ENSMUSG00000021270
Lpin1,ENSMUSG00000020593
Sntb1,ENSMUSG00000060429
Pik3c3,ENSMUSG00000033628
Ttc33,ENSMUSG00000022151
Ptger4,ENSMUSG00000039942
Magt1,ENSMUSG00000031232
Banf1,ENSMUSG00000024844
Zhx2,ENSMUSG00000071757
Eif1ad,ENSMUSG00000024841
Derl1,ENSMUSG00000022365
Nsa2,ENSMUSG00000060739
Cox7b,ENSMUSG00000031231
Apex2,ENSMUSG00000025269
Pcyox1l,ENSMUSG00000024579
Sart1,ENSMUSG00000039148
Grpel2,ENSMUSG00000024580
Afap1l1,ENSMUSG00000033032
Tmem65,ENSMUSG00000062373
Trmt12,ENSMUSG00000037085
Drap1,ENSMUSG00000024914
Rnf139,ENSMUSG00000037075
Dab2,ENSMUSG00000022150
Atp7a,ENSMUSG00000033792
Ylpm1,ENSMUSG00000021244
AI837181,ENSMUSG00000047423
Ccdc85b,ENSMUSG00000095098
Synj1,ENSMUSG00000022973
Aoah,ENSMUSG00000021322
Adrb2,ENSMUSG00000045730
Wdr33,ENSMUSG00000024400
Pgk1,ENSMUSG00000062070
Prox2,ENSMUSG00000042320
Taf9b,ENSMUSG00000047242
Gfm2,ENSMUSG00000021666
Zfp839,ENSMUSG00000021271
Srp54b,ENSMUSG00000112449
Rpl39,ENSMUSG00000079641
Sft2d3,ENSMUSG00000044982
Ube2v2,ENSMUSG00000022674
Mcm4,ENSMUSG00000022673
Fibp,ENSMUSG00000024911
Cinp,ENSMUSG00000021276
Upf3b,ENSMUSG00000036572
Ctsw,ENSMUSG00000024910
Pspc1,ENSMUSG00000021938
Nkap,ENSMUSG00000016409
Dlst,ENSMUSG00000004789
Tatdn1,ENSMUSG00000050891
Ctcf,ENSMUSG00000005698
Efemp2,ENSMUSG00000024909
Ndufa1,ENSMUSG00000016427
Rnf113a1,ENSMUSG00000036537
Dach1,ENSMUSG00000055639
Iws1,ENSMUSG00000024384
Zbtb20,ENSMUSG00000022708
Ndufb9,ENSMUSG00000022354
Zmym5,ENSMUSG00000040123
Cysltr1,ENSMUSG00000052821
Pcm1,ENSMUSG00000031592
Mus81,ENSMUSG00000024906
Hexb,ENSMUSG00000021665
Wdhd1,ENSMUSG00000037572
Map3k2,ENSMUSG00000024383
Mtss1,ENSMUSG00000022353
Zfp457,ENSMUSG00000055341
Zfp595,ENSMUSG00000057842
Ercc3,ENSMUSG00000024382
Lpar4,ENSMUSG00000049929
Hivep1,ENSMUSG00000021366
P2ry10,ENSMUSG00000050921
Snx32,ENSMUSG00000056185
Edn1,ENSMUSG00000021367
Ppp2r3c,ENSMUSG00000021022
Prkdc,ENSMUSG00000022672
Srbd1,ENSMUSG00000024135
Tcf20,ENSMUSG00000041852
Gypc,ENSMUSG00000090523
Tslp,ENSMUSG00000024379
Wdr36,ENSMUSG00000038299
Rictor,ENSMUSG00000050310
Socs4,ENSMUSG00000048379
Gpr174,ENSMUSG00000073008
Acd,ENSMUSG00000038000
Zmym2,ENSMUSG00000021945
Rnaseh2c,ENSMUSG00000024925
Zfp942,ENSMUSG00000071267
Zfp943,ENSMUSG00000053347
Tecpr2,ENSMUSG00000021275
Zfp947,ENSMUSG00000063383
Smarca2,ENSMUSG00000024921
Zfp944,ENSMUSG00000033972
Mapk1ip1l,ENSMUSG00000021840
Itm2a,ENSMUSG00000031239
Zfp758,ENSMUSG00000044501
Camk4,ENSMUSG00000038128
Lgals3,ENSMUSG00000050335
Asah1,ENSMUSG00000031591
Zfp946,ENSMUSG00000071266
Stard4,ENSMUSG00000024378
Eif2b2,ENSMUSG00000004788
Rhoq,ENSMUSG00000024143
Pibf1,ENSMUSG00000022064
1500009L16Rik,ENSMUSG00000087651
Pigf,ENSMUSG00000024145
Pard6a,ENSMUSG00000005699
Arhgap18,ENSMUSG00000039031
Mrpl47,ENSMUSG00000037531
Cript,ENSMUSG00000024146
Nsmce2,ENSMUSG00000059586
Mzt2,ENSMUSG00000022671
Frg1,ENSMUSG00000031590
Yeats4,ENSMUSG00000020171
Socs5,ENSMUSG00000037104
Trib1,ENSMUSG00000032501
Zfp945,ENSMUSG00000059142
Zmiz1,ENSMUSG00000007817
Phactr1,ENSMUSG00000054728
Nfam1,ENSMUSG00000058099
Ndufb5,ENSMUSG00000027673
Mlh3,ENSMUSG00000021245
Lyz2,ENSMUSG00000069516
Arhgap10,ENSMUSG00000037148
Mcfd2,ENSMUSG00000024150
Lyz1,ENSMUSG00000069515
Slc30a7,ENSMUSG00000054414
Brwd3,ENSMUSG00000063663
Zfp40,ENSMUSG00000002617
Ifi44,ENSMUSG00000028037
Acyp1,ENSMUSG00000008822
Yars2,ENSMUSG00000022792
Klf5,ENSMUSG00000005148
Nek9,ENSMUSG00000034290
Ttc7,ENSMUSG00000036918
Ifnar1,ENSMUSG00000022967
Tmed10,ENSMUSG00000021248
Dlgap5,ENSMUSG00000037544
Fos,ENSMUSG00000021250
Nol10,ENSMUSG00000061458
Hmgn5,ENSMUSG00000031245
Gfod2,ENSMUSG00000013150
Extl2,ENSMUSG00000027963
Ifngr2,ENSMUSG00000022965
Sh3bgrl,ENSMUSG00000031246
Cpsf6,ENSMUSG00000055531
Tbc1d7,ENSMUSG00000021368
Odc1,ENSMUSG00000011179
Tmem50b,ENSMUSG00000022964
Serhl,ENSMUSG00000058586
Gramd1c,ENSMUSG00000036292
Hpcal1,ENSMUSG00000071379
Calm2,ENSMUSG00000036438
Gfod1,ENSMUSG00000051335
5730507C01Rik,ENSMUSG00000073197
Dnajb4,ENSMUSG00000028035
Ranbp10,ENSMUSG00000037415
Fbxo11,ENSMUSG00000005371
Myc,ENSMUSG00000022346
Zfp933,ENSMUSG00000059423
Vcam1,ENSMUSG00000027962
Miip,ENSMUSG00000029022
Tbc1d4,ENSMUSG00000033083
Sirt5,ENSMUSG00000054021
Lamp2,ENSMUSG00000016534
Dnajc28,ENSMUSG00000039763
Tmem184c,ENSMUSG00000031617
Atp6v1a,ENSMUSG00000052459
Bag5,ENSMUSG00000049792
Lifr,ENSMUSG00000054263
Cdc14a,ENSMUSG00000033502
Mbip,ENSMUSG00000021028
Mtrr,ENSMUSG00000034617
Fv1,ENSMUSG00000070583
Mfn2,ENSMUSG00000029020
Jam3,ENSMUSG00000031990
Cenpt,ENSMUSG00000036672
Foxn2,ENSMUSG00000034998
Slc25a21,ENSMUSG00000035472
Fam120c,ENSMUSG00000025262
Ric8b,ENSMUSG00000035620
Nol7,ENSMUSG00000063200
Apc,ENSMUSG00000005871
Klc1,ENSMUSG00000021288
Thap11,ENSMUSG00000036442
Dnm1l,ENSMUSG00000022789
Ppm1l,ENSMUSG00000027784
Cul4b,ENSMUSG00000031095
Fbxo34,ENSMUSG00000037536
Fastkd3,ENSMUSG00000021532
Arhgef7,ENSMUSG00000031511
Fhl4,ENSMUSG00000050035
Nmd3,ENSMUSG00000027787
Cry1,ENSMUSG00000020038
Lhcgr,ENSMUSG00000024107
Zfp322a,ENSMUSG00000046351
Mdm2,ENSMUSG00000020184
Mocs1,ENSMUSG00000064120
Abt1,ENSMUSG00000036376
Atg14,ENSMUSG00000037526
Plod1,ENSMUSG00000019055
Txnl1,ENSMUSG00000024583
Gstk1,ENSMUSG00000029864
2510039O18Rik,ENSMUSG00000044496
Xrcc3,ENSMUSG00000021287
Ssbp3,ENSMUSG00000061887
Slc35e3,ENSMUSG00000060181
Ptprk,ENSMUSG00000019889
Ranbp9,ENSMUSG00000038546
Glyctk,ENSMUSG00000020258
Pyroxd1,ENSMUSG00000041671
Sec23a,ENSMUSG00000020986
Wdr7,ENSMUSG00000040560
Apool,ENSMUSG00000025525
Kif6,ENSMUSG00000023999
Casp2,ENSMUSG00000029863
Naa50,ENSMUSG00000022698
Mcts1,ENSMUSG00000000355
Kat5,ENSMUSG00000024926
Setdb2,ENSMUSG00000071350
Rftn1,ENSMUSG00000039316
C1galt1c1,ENSMUSG00000048970
Recql,ENSMUSG00000030243
6030498E09Rik,ENSMUSG00000051361
Wdr82,ENSMUSG00000020257
Gart,ENSMUSG00000022962
Wdr70,ENSMUSG00000039828
Snx19,ENSMUSG00000031993
Plcl2,ENSMUSG00000038910
Zfyve21,ENSMUSG00000021286
Nutf2,ENSMUSG00000008450
Hfe,ENSMUSG00000006611
Nrxn1,ENSMUSG00000024109
Cab39l,ENSMUSG00000021981
Tnpo1,ENSMUSG00000009470
Chm,ENSMUSG00000025531
Ppm1m,ENSMUSG00000020253
Snx27,ENSMUSG00000028136
Nup155,ENSMUSG00000022142
Golt1b,ENSMUSG00000030245
Cdadc1,ENSMUSG00000021982
Trappc6b,ENSMUSG00000020993
Zbtb44,ENSMUSG00000047412
Phf8,ENSMUSG00000041229
Ppp1r13b,ENSMUSG00000021285
Rela,ENSMUSG00000024927
Shisa2,ENSMUSG00000044461
Pnn,ENSMUSG00000020994
Atp8a2,ENSMUSG00000021983
Fech,ENSMUSG00000024588
Tuft1,ENSMUSG00000005968
Cyp4v3,ENSMUSG00000079057
Vldlr,ENSMUSG00000024924
Ldhb,ENSMUSG00000030246
Edc4,ENSMUSG00000036270
Ptcd2,ENSMUSG00000021650
Pwp1,ENSMUSG00000001785
Mrpl37,ENSMUSG00000028622
Nipbl,ENSMUSG00000022141
Rap1b,ENSMUSG00000052681
St14,ENSMUSG00000031995
Mrps27,ENSMUSG00000041632
Ubiad1,ENSMUSG00000047719
Cyb5rl,ENSMUSG00000028621
Twf2,ENSMUSG00000023277
Exo1,ENSMUSG00000039748
Jarid2,ENSMUSG00000038518
Mtor,ENSMUSG00000028991
Tbc1d5,ENSMUSG00000023923
Spice1,ENSMUSG00000043065
Pskh1,ENSMUSG00000048310
Adam17,ENSMUSG00000052593
Uxs1,ENSMUSG00000057363
Alas1,ENSMUSG00000032786
Ddx21,ENSMUSG00000020075
AI987944,ENSMUSG00000056383
Prdm4,ENSMUSG00000035529
AW146154,ENSMUSG00000074166
Rfx3,ENSMUSG00000040929
Lrrc1,ENSMUSG00000032352
Pdcd10,ENSMUSG00000027835
Nup85,ENSMUSG00000020739
Son,ENSMUSG00000022961
Psmb10,ENSMUSG00000031897
Dsel,ENSMUSG00000038702
Frrs1,ENSMUSG00000033386
Ddx50,ENSMUSG00000020076
Gria3,ENSMUSG00000001986
Mccc2,ENSMUSG00000021646
Ctnna1,ENSMUSG00000037815
Mettl4,ENSMUSG00000055660
Cds1,ENSMUSG00000029330
Rpa1,ENSMUSG00000000751
Tmem59,ENSMUSG00000028618
Satb1,ENSMUSG00000023927
Echdc1,ENSMUSG00000019883
Mtmr6,ENSMUSG00000021987
Pptc7,ENSMUSG00000038582
Ttc14,ENSMUSG00000027677
Mmaa,ENSMUSG00000037022
Spata13,ENSMUSG00000021990
Rrs1,ENSMUSG00000061024
Cdk6,ENSMUSG00000040274
Sil1,ENSMUSG00000024357
Stox1,ENSMUSG00000036923
Gclc,ENSMUSG00000032350
Lrrc42,ENSMUSG00000028617
Smyd4,ENSMUSG00000018809
Rad9b,ENSMUSG00000038569
Bpifc,ENSMUSG00000050108
Ablim1,ENSMUSG00000025085
Dach2,ENSMUSG00000025592
Nrg2,ENSMUSG00000060275
Rnf146,ENSMUSG00000038876
Poc1a,ENSMUSG00000023345
Gga3,ENSMUSG00000020740
Exosc10,ENSMUSG00000017264
Vps29,ENSMUSG00000029462
Fgd4,ENSMUSG00000022788
Smad1,ENSMUSG00000031681
Pura,ENSMUSG00000043991
Zyx,ENSMUSG00000029860
Fbxo7,ENSMUSG00000001786
Slc12a4,ENSMUSG00000017765
Cep170,ENSMUSG00000057335
Pfdn1,ENSMUSG00000024346
Thoc2,ENSMUSG00000037475
Nedd4l,ENSMUSG00000024589
Mipep,ENSMUSG00000021993
Gpn3,ENSMUSG00000029464
Mrps7,ENSMUSG00000046756
Aplp2,ENSMUSG00000031996
Cenpw,ENSMUSG00000075266
Rab5a,ENSMUSG00000017831
Zfp788,ENSMUSG00000074165
Syn3,ENSMUSG00000059602
Serpinf1,ENSMUSG00000000753
Rpia,ENSMUSG00000053604
Kat2b,ENSMUSG00000000708
Xpo6,ENSMUSG00000000131
Bdp1,ENSMUSG00000049658
Arpc3,ENSMUSG00000029465
Ruvbl1,ENSMUSG00000030079
Samm50,ENSMUSG00000022437
Timp3,ENSMUSG00000020044
Mdm1,ENSMUSG00000020212
Parvb,ENSMUSG00000022438
Parvg,ENSMUSG00000022439
Ywhaq,ENSMUSG00000076432
Xiap,ENSMUSG00000025860
Otud4,ENSMUSG00000036990
Mif4gd,ENSMUSG00000020743
Sacs,ENSMUSG00000048279
Eif2ak3,ENSMUSG00000031668
Atp8a1,ENSMUSG00000037685
Klhl4,ENSMUSG00000025597
Yipf1,ENSMUSG00000057375
Mybl1,ENSMUSG00000025912
Capsl,ENSMUSG00000039676
Pomt2,ENSMUSG00000034126
Il7r,ENSMUSG00000003882
Mylip,ENSMUSG00000038175
Dpep2,ENSMUSG00000053687
Ubxn2b,ENSMUSG00000028243
Fam118a,ENSMUSG00000022434
Pot1b,ENSMUSG00000024174
Fubp1,ENSMUSG00000028034
Abce1,ENSMUSG00000058355
Arl11,ENSMUSG00000043157
Ebpl,ENSMUSG00000021928
Sec61a1,ENSMUSG00000030082
Fsd2,ENSMUSG00000038663
Arhgef3,ENSMUSG00000021895
Ncam1,ENSMUSG00000039542
Spef2,ENSMUSG00000072663
Vcpip1,ENSMUSG00000045210
Tbc1d24,ENSMUSG00000036473
Sbk1,ENSMUSG00000042978
Anapc10,ENSMUSG00000036977
Kpna3,ENSMUSG00000021929
Tpp2,ENSMUSG00000041763
Slc25a19,ENSMUSG00000020744
Ccar1,ENSMUSG00000020074
Rbm26,ENSMUSG00000022119
Ceacam1,ENSMUSG00000074272
Stag2,ENSMUSG00000025862
Kbtbd12,ENSMUSG00000033182
Gstz1,ENSMUSG00000021033
Gypa,ENSMUSG00000051839
Thnsl2,ENSMUSG00000054474
Wdr81,ENSMUSG00000045374
Gtpbp8,ENSMUSG00000022668
Serf1,ENSMUSG00000021643
Prdm10,ENSMUSG00000042496
Gmpr,ENSMUSG00000000253
Tmed8,ENSMUSG00000034111
Cd200r1,ENSMUSG00000022667
Tox,ENSMUSG00000041272
Tlcd2,ENSMUSG00000038217
Smn1,ENSMUSG00000021645
Pts,ENSMUSG00000032067
Grb2,ENSMUSG00000059923
Taf1b,ENSMUSG00000059669
Trmt11,ENSMUSG00000019792
Fkbp15,ENSMUSG00000066151
Donson,ENSMUSG00000022960
Bco2,ENSMUSG00000032066
Ddx28,ENSMUSG00000045538
Il18,ENSMUSG00000039217
Nfatc3,ENSMUSG00000031902
Asap1,ENSMUSG00000022377
Grhl1,ENSMUSG00000020656
Ndufs6,ENSMUSG00000021606
Sdhd,ENSMUSG00000000171
Usp34,ENSMUSG00000056342
Anapc7,ENSMUSG00000029466
Timm8b,ENSMUSG00000039016
Nfrkb,ENSMUSG00000042185
Cttn,ENSMUSG00000031078
Mrpl36,ENSMUSG00000021607
Cap2,ENSMUSG00000021373
Hint3,ENSMUSG00000019791
Cd200r4,ENSMUSG00000062082
Tet1,ENSMUSG00000047146
Naip2,ENSMUSG00000078945
Klf11,ENSMUSG00000020653
Usp38,ENSMUSG00000038250
Wdfy3,ENSMUSG00000043940
Ccdc66,ENSMUSG00000046753
Ccnf,ENSMUSG00000072082
Top3b,ENSMUSG00000022779
Dyrk2,ENSMUSG00000028630
Slc25a16,ENSMUSG00000071253
Whamm,ENSMUSG00000045795
Clec4d,ENSMUSG00000030144
Spry2,ENSMUSG00000022114
Sdccag8,ENSMUSG00000026504
Cand1,ENSMUSG00000020114
Pla2g15,ENSMUSG00000031903
Lat,ENSMUSG00000030742
Clec4e,ENSMUSG00000030142
Slc7a6,ENSMUSG00000031904
Dleu7,ENSMUSG00000048281
Abca17,ENSMUSG00000035435
Rnaseh2b,ENSMUSG00000021932
Naip5,ENSMUSG00000071203
Pih1d2,ENSMUSG00000000167
Huwe1,ENSMUSG00000025261
Dna2,ENSMUSG00000036875
Snrnp40,ENSMUSG00000074088
Slc7a6os,ENSMUSG00000033106
Prmt7,ENSMUSG00000060098
Dlat,ENSMUSG00000000168
Zfp618,ENSMUSG00000028358
Mgll,ENSMUSG00000033174
H2-DMa,ENSMUSG00000037649
Ahsa1,ENSMUSG00000021037
Ddx43,ENSMUSG00000070291
Abca3,ENSMUSG00000024130
Arhgap32,ENSMUSG00000041444
Ctnnbip1,ENSMUSG00000028988
Inpp4b,ENSMUSG00000037940
Rrm2,ENSMUSG00000020649
Mboat2,ENSMUSG00000020646
Ints6,ENSMUSG00000035161
Akt3,ENSMUSG00000019699
B3gnt8,ENSMUSG00000059479
Homer2,ENSMUSG00000025813
Pum1,ENSMUSG00000028580
Nup153,ENSMUSG00000021374
Mto1,ENSMUSG00000032342
Ccdc39,ENSMUSG00000027676
Prpf8,ENSMUSG00000020850
Arhgef5,ENSMUSG00000033542
Kif13a,ENSMUSG00000021375
Bckdha,ENSMUSG00000060376
Rtf1,ENSMUSG00000027304
Ppm1f,ENSMUSG00000026181
Eef1a1,ENSMUSG00000037742
Cryzl1,ENSMUSG00000058240
Ncoa7,ENSMUSG00000039697
Il15,ENSMUSG00000031712
Ppfia1,ENSMUSG00000037519
Fli1,ENSMUSG00000016087
H2-DMb2,ENSMUSG00000037548
Cyth3,ENSMUSG00000018001
Zfp330,ENSMUSG00000031711
Abtb1,ENSMUSG00000030083
Slc17a5,ENSMUSG00000049624
Atrnl1,ENSMUSG00000054843
Cmah,ENSMUSG00000016756
Itpka,ENSMUSG00000027296
H2-DMb1,ENSMUSG00000079547
Surf2,ENSMUSG00000014873
Edem3,ENSMUSG00000043019
Rnf150,ENSMUSG00000047747
Snx7,ENSMUSG00000028007
Rnps1,ENSMUSG00000034681
Tbc1d9,ENSMUSG00000031709
Spns1,ENSMUSG00000030741
Zfp831,ENSMUSG00000050600
Surf4,ENSMUSG00000014867
Wdfy2,ENSMUSG00000014547
Tpk1,ENSMUSG00000029735
Fam171a1,ENSMUSG00000050530
Atp2a2,ENSMUSG00000029467
Psmb9,ENSMUSG00000096727
Rilp,ENSMUSG00000038195
Sntb2,ENSMUSG00000041308
Ets1,ENSMUSG00000032035
Slc35a5,ENSMUSG00000022664
Exosc5,ENSMUSG00000061286
Caskin2,ENSMUSG00000034471
Podxl2,ENSMUSG00000033152
Rapgef2,ENSMUSG00000062232
Eci1,ENSMUSG00000024132
Elmod2,ENSMUSG00000035151
1700025G04Rik,ENSMUSG00000032666
Nfatc2ip,ENSMUSG00000030722
Atg3,ENSMUSG00000022663
Peg12,ENSMUSG00000070526
Tmem91,ENSMUSG00000061702
Ctsb,ENSMUSG00000021939
Dnase1l2,ENSMUSG00000024136
Mapk1,ENSMUSG00000063358
B9d2,ENSMUSG00000063439
Scarf1,ENSMUSG00000038188
Tgds,ENSMUSG00000022130
Rexo4,ENSMUSG00000052406
Vps4a,ENSMUSG00000031913
Tap1,ENSMUSG00000037321
Tgfb1,ENSMUSG00000002603
Tsen15,ENSMUSG00000014980
Tsen54,ENSMUSG00000020781
Rnf144b,ENSMUSG00000038068
Epha4,ENSMUSG00000026235
Nmt2,ENSMUSG00000026643
Gpr180,ENSMUSG00000022131
Pdf,ENSMUSG00000078931
Cog8,ENSMUSG00000031916
Nexn,ENSMUSG00000039103
Btla,ENSMUSG00000052013
Rufy2,ENSMUSG00000020070
Jak2,ENSMUSG00000024789
Ccdc97,ENSMUSG00000002608
Clstn1,ENSMUSG00000039953
Rpp38,ENSMUSG00000049950
Cd200,ENSMUSG00000022661
Acbd7,ENSMUSG00000026644
Nip7,ENSMUSG00000031917
Slc43a2,ENSMUSG00000038178
Fdft1,ENSMUSG00000021273
Usp42,ENSMUSG00000051306
Scoc,ENSMUSG00000063253
Klf13,ENSMUSG00000052040
Psmb8,ENSMUSG00000024338
Rabep2,ENSMUSG00000030727
Guf1,ENSMUSG00000029208
Sdc3,ENSMUSG00000025743
Tap2,ENSMUSG00000024339
Terf2,ENSMUSG00000031921
Fbxl20,ENSMUSG00000020883
Insl6,ENSMUSG00000050957
E4f1,ENSMUSG00000024137
Fbln1,ENSMUSG00000006369
Llgl2,ENSMUSG00000020782
Fam167a,ENSMUSG00000035095
Abcc4,ENSMUSG00000032849
Hnrnpul1,ENSMUSG00000040725
Slc18a2,ENSMUSG00000025094
BC016579,ENSMUSG00000033187
Cyb5b,ENSMUSG00000031924
Fnip2,ENSMUSG00000061175
Dcaf12l1,ENSMUSG00000045284
Tmprss7,ENSMUSG00000033177
Mcf2l,ENSMUSG00000031442
Cd274,ENSMUSG00000016496
Hddc2,ENSMUSG00000000295
Pdzd8,ENSMUSG00000074746
Tspan6,ENSMUSG00000067377
Bivm,ENSMUSG00000041684
Hnrnph3,ENSMUSG00000020069
Abhd10,ENSMUSG00000033157
Pdcd1lg2,ENSMUSG00000016498
Atxn10,ENSMUSG00000016541
Phldb2,ENSMUSG00000033149
Rab11fip2,ENSMUSG00000040022
Ptbp2,ENSMUSG00000028134
Eif2ak1,ENSMUSG00000029613
Cryab,ENSMUSG00000032060
Actr8,ENSMUSG00000015971
Pgp,ENSMUSG00000043445
Ercc5,ENSMUSG00000026048
H2-Ob,ENSMUSG00000041538
Atp2a1,ENSMUSG00000030730
Inpp5k,ENSMUSG00000006127
Gmnn,ENSMUSG00000006715
Ift81,ENSMUSG00000029469
Laptm5,ENSMUSG00000028581
Fbxo33,ENSMUSG00000035329
Pbld2,ENSMUSG00000020072
H2-Ab1,ENSMUSG00000073421
Fdxacb1,ENSMUSG00000037845
BC005537,ENSMUSG00000019132
Farsb,ENSMUSG00000026245
Alg9,ENSMUSG00000032059
Mtmr9,ENSMUSG00000035078
Ppid,ENSMUSG00000027804
Kidins220,ENSMUSG00000036333
Acot13,ENSMUSG00000006717
Tdp2,ENSMUSG00000035958
Mlst8,ENSMUSG00000024142
Cldn10,ENSMUSG00000022132
Etfdh,ENSMUSG00000027809
Gnpda2,ENSMUSG00000029209
Rnf217,ENSMUSG00000063760
Plcxd2,ENSMUSG00000087141
Rgl1,ENSMUSG00000026482
Pinx1,ENSMUSG00000021958
4930579G24Rik,ENSMUSG00000027811
Rwdd3,ENSMUSG00000028133
Il17rb,ENSMUSG00000015966
Pik3r1,ENSMUSG00000041417
Papolg,ENSMUSG00000020273
Axl,ENSMUSG00000002602
Sytl4,ENSMUSG00000031255
Akna,ENSMUSG00000039158
Id2,ENSMUSG00000020644
Akap9,ENSMUSG00000040407
Itsn1,ENSMUSG00000022957
Nanos1,ENSMUSG00000072437
Eif3a,ENSMUSG00000024991
H2-Aa,ENSMUSG00000036594
Gm527,ENSMUSG00000047227
Aldh5a1,ENSMUSG00000035936
Mcm2,ENSMUSG00000002870
Alpk2,ENSMUSG00000032845
Med1,ENSMUSG00000018160
Cd180,ENSMUSG00000021624
Chdh,ENSMUSG00000015970
Ermp1,ENSMUSG00000046324
Malt1,ENSMUSG00000032688
H2-Eb1,ENSMUSG00000060586
Cmas,ENSMUSG00000030282
Ttc38,ENSMUSG00000035944
Arpc5,ENSMUSG00000008475
Ocrl,ENSMUSG00000001173
Gulp1,ENSMUSG00000056870
Dzip1,ENSMUSG00000042156
Dnajc21,ENSMUSG00000044224
Prpf39,ENSMUSG00000035597
Mrpl35,ENSMUSG00000052962
Mrs2,ENSMUSG00000021339
St8sia1,ENSMUSG00000030283
Gtse1,ENSMUSG00000022385
Tpra1,ENSMUSG00000002871
Brix1,ENSMUSG00000022247
Mex3b,ENSMUSG00000057706
Fkbp3,ENSMUSG00000020949
Efcab2,ENSMUSG00000026495
Acsl3,ENSMUSG00000032883
Trmu,ENSMUSG00000022386
Obscn,ENSMUSG00000061462
Slc2a6,ENSMUSG00000036067
Ranbp6,ENSMUSG00000074909
Tmem144,ENSMUSG00000027956
Sfxn4,ENSMUSG00000063698
P2rx7,ENSMUSG00000029468
Msra,ENSMUSG00000054733
Apln,ENSMUSG00000037010
Efr3a,ENSMUSG00000015002
Cstf2,ENSMUSG00000031256
Nup37,ENSMUSG00000035351
Prdx3,ENSMUSG00000024997
Sh2b1,ENSMUSG00000030733
Pik3cd,ENSMUSG00000039936
Dnajc3,ENSMUSG00000022136
Ifih1,ENSMUSG00000026896
Ninj1,ENSMUSG00000037966
Ncf2,ENSMUSG00000026480
Kif13b,ENSMUSG00000060012
Grk5,ENSMUSG00000003228
Alg14,ENSMUSG00000039887
Uhrf2,ENSMUSG00000024817
Dram1,ENSMUSG00000020057
Col1a2,ENSMUSG00000029661
Atp11b,ENSMUSG00000037400
Uggt2,ENSMUSG00000042104
Traf7,ENSMUSG00000052752
Gnptab,ENSMUSG00000035311
Susd3,ENSMUSG00000021384
Cox7a2,ENSMUSG00000032330
Tmem30a,ENSMUSG00000032328
Filip1,ENSMUSG00000034898
Fancm,ENSMUSG00000055884
Sgk3,ENSMUSG00000025915
Cdk14,ENSMUSG00000028926
Mbnl2,ENSMUSG00000022139
St3gal4,ENSMUSG00000032038
Gca,ENSMUSG00000026893
Chpt1,ENSMUSG00000060002
Prkg1,ENSMUSG00000052920
Rad1,ENSMUSG00000022248
Exoc3,ENSMUSG00000034152
Dcun1d1,ENSMUSG00000027708
Cstf2t,ENSMUSG00000053536
Zfp532,ENSMUSG00000042439
Dcps,ENSMUSG00000032040
Dclre1c,ENSMUSG00000026648
Tufm,ENSMUSG00000073838
Tirap,ENSMUSG00000032041
Sash3,ENSMUSG00000031101
Celsr1,ENSMUSG00000016028
Fgd3,ENSMUSG00000037946
Mis18bp1,ENSMUSG00000047534
Zdhhc9,ENSMUSG00000036985
Asah2,ENSMUSG00000024887
Hmbox1,ENSMUSG00000021972
Reep3,ENSMUSG00000019873
Gramd4,ENSMUSG00000035900
Ppp2r1b,ENSMUSG00000032058
Maea,ENSMUSG00000079562
Rai14,ENSMUSG00000022246
Mast4,ENSMUSG00000034751
Pdia4,ENSMUSG00000025823
Mecr,ENSMUSG00000028910
Tecpr1,ENSMUSG00000066621
Zfp786,ENSMUSG00000051499
Utp14a,ENSMUSG00000063785
Zfp398,ENSMUSG00000062519
Atxn2l,ENSMUSG00000032637
Zfp282,ENSMUSG00000025821
Srsf4,ENSMUSG00000028911
Immt,ENSMUSG00000052337
Runx1,ENSMUSG00000022952
Rragb,ENSMUSG00000041658
Rap2a,ENSMUSG00000051615
Tmem201,ENSMUSG00000044700
Ints9,ENSMUSG00000021975
Lipo1,ENSMUSG00000079342
Suv39h2,ENSMUSG00000026646
Klf8,ENSMUSG00000041649
Bcl11a,ENSMUSG00000000861
Mccc1,ENSMUSG00000027709
Spic,ENSMUSG00000004359
Rab26,ENSMUSG00000079657
Kctd12b,ENSMUSG00000041633
Extl3,ENSMUSG00000021978
Sardh,ENSMUSG00000009614
Eif3c,ENSMUSG00000030738
Bcorl1,ENSMUSG00000036959
Cerk,ENSMUSG00000035891
Fzd3,ENSMUSG00000007989
Recql5,ENSMUSG00000020752
Sec11c,ENSMUSG00000024516
Slc25a33,ENSMUSG00000028982
Fbxo16,ENSMUSG00000034532
Pkd1,ENSMUSG00000032855
Senp6,ENSMUSG00000034252
Arl1,ENSMUSG00000060904
Utp14b,ENSMUSG00000079470
Zfp395,ENSMUSG00000034522
H6pd,ENSMUSG00000028980
Tbc1d22a,ENSMUSG00000051864
Usp33,ENSMUSG00000025437
Jmjd1c,ENSMUSG00000037876
Gpr157,ENSMUSG00000047875
Hspa14,ENSMUSG00000109865
Smyd3,ENSMUSG00000055067
Gtf2a1,ENSMUSG00000020962
Elp3,ENSMUSG00000022031
Trmt2b,ENSMUSG00000067369
Bri3,ENSMUSG00000047843
Sap30bp,ENSMUSG00000020755
Tsc2,ENSMUSG00000002496
Slc7a4,ENSMUSG00000022756
Stambpl1,ENSMUSG00000024776
Ap1s3,ENSMUSG00000054702
Whrn,ENSMUSG00000039137
Tfb2m,ENSMUSG00000026492
5730522E02Rik,ENSMUSG00000032985
Lman1,ENSMUSG00000041891
Cdk12,ENSMUSG00000003119
Aff1,ENSMUSG00000029313
Cd47,ENSMUSG00000055447
Cnst,ENSMUSG00000038949
Tmem71,ENSMUSG00000036944
Brd1,ENSMUSG00000022387
Pdcd6,ENSMUSG00000021576
Foxred1,ENSMUSG00000039048
Cdnf,ENSMUSG00000039496
Ston2,ENSMUSG00000020961
Fas,ENSMUSG00000024778
Elf4,ENSMUSG00000031103
Hdac2,ENSMUSG00000019777
Fam107b,ENSMUSG00000026655
Zbed4,ENSMUSG00000034333
Lipa,ENSMUSG00000024781
Rps29,ENSMUSG00000034892
Lrr1,ENSMUSG00000034883
Nrbf2,ENSMUSG00000075000
Pbk,ENSMUSG00000022033
Rpl36al,ENSMUSG00000049751
Marcks,ENSMUSG00000069662
Mgat2,ENSMUSG00000043998
Aifm1,ENSMUSG00000036932
Ifit2,ENSMUSG00000045932
Zfp212,ENSMUSG00000052763
Fancl,ENSMUSG00000004018
Vav2,ENSMUSG00000009621
Esco2,ENSMUSG00000022034
Bicd2,ENSMUSG00000037933
Pank1,ENSMUSG00000033610
Alg12,ENSMUSG00000035845
Nfxl1,ENSMUSG00000072889
Zfp956,ENSMUSG00000045466
Ccdc25,ENSMUSG00000022035
Pmaip1,ENSMUSG00000024521
Utp20,ENSMUSG00000004356
Sik2,ENSMUSG00000037112
Gnal,ENSMUSG00000024524
Bbx,ENSMUSG00000022641
Kif20b,ENSMUSG00000024795
Sub1,ENSMUSG00000022205
Zfp777,ENSMUSG00000071477
Clu,ENSMUSG00000022037
Creld2,ENSMUSG00000023272
Ptcd3,ENSMUSG00000063884
Rab33a,ENSMUSG00000031104
Cenpi,ENSMUSG00000031262
Pim3,ENSMUSG00000035828
Klhl8,ENSMUSG00000029312
Phf20l1,ENSMUSG00000072501
Sdha,ENSMUSG00000021577
Rpap1,ENSMUSG00000034032
Snap47,ENSMUSG00000009894
Ippk,ENSMUSG00000021385
Pole2,ENSMUSG00000020974
Ctso,ENSMUSG00000028015
Vrk2,ENSMUSG00000064090
Sccpdh,ENSMUSG00000038936
Acad9,ENSMUSG00000027710
Zfp746,ENSMUSG00000057691
Ephx2,ENSMUSG00000022040
Acot9,ENSMUSG00000025287
Mppe1,ENSMUSG00000062526
Cenpp,ENSMUSG00000021391
Stard3,ENSMUSG00000018167
Hsd17b11,ENSMUSG00000029311
Smg7,ENSMUSG00000042772
Srek1,ENSMUSG00000032621
Ttll8,ENSMUSG00000022388
Prdx4,ENSMUSG00000025289
Klhdc1,ENSMUSG00000051890
Tpcn2,ENSMUSG00000048677
Impa2,ENSMUSG00000024525
Nudt9,ENSMUSG00000029310
Mapkapk3,ENSMUSG00000032577
Rpp30,ENSMUSG00000024800
Tubb6,ENSMUSG00000001473
Atp6v1g1,ENSMUSG00000039105
Zfr,ENSMUSG00000022201
Jmjd4,ENSMUSG00000036819
Afg3l2,ENSMUSG00000024527
Ccdc127,ENSMUSG00000021578
Tube1,ENSMUSG00000019845
Fam118b,ENSMUSG00000050471
Ighmbp2,ENSMUSG00000024831
Zfp867,ENSMUSG00000054519
Ptk2b,ENSMUSG00000059456
Zfp72,ENSMUSG00000069184
Klhdc2,ENSMUSG00000020978
Pgap3,ENSMUSG00000038208
Eno1,ENSMUSG00000063524
Rtkn2,ENSMUSG00000037846
Spire1,ENSMUSG00000024533
Hlcs,ENSMUSG00000040820
Myo1c,ENSMUSG00000017774
Anxa5,ENSMUSG00000027712
Cish,ENSMUSG00000032578
Tnfsf8,ENSMUSG00000028362
Rpusd4,ENSMUSG00000032044
Rere,ENSMUSG00000039852
Mrpl21,ENSMUSG00000024829
Ripply3,ENSMUSG00000022941
Txk,ENSMUSG00000054892
Zfp825,ENSMUSG00000069208
1810062G17Rik,ENSMUSG00000027713
Pigp,ENSMUSG00000022940
Mtmr12,ENSMUSG00000039458
Id1,ENSMUSG00000042745
Hemk1,ENSMUSG00000032579
Cox4i2,ENSMUSG00000009876
Sox4,ENSMUSG00000076431
Cpt1a,ENSMUSG00000024900
Nemf,ENSMUSG00000020982
Erap1,ENSMUSG00000021583
Bcl2l1,ENSMUSG00000007659
Abca4,ENSMUSG00000028125
Arid5b,ENSMUSG00000019947
Cep76,ENSMUSG00000073542
Nfat5,ENSMUSG00000003847
Psmg2,ENSMUSG00000024537
Cblb,ENSMUSG00000022637
Wdfy1,ENSMUSG00000073643
Ptpn2,ENSMUSG00000024539
Zfp280c,ENSMUSG00000036916
Cdkal1,ENSMUSG00000006191
Tg,ENSMUSG00000053469
Mtmr10,ENSMUSG00000030522
Zzz3,ENSMUSG00000039068
Fdx1,ENSMUSG00000032051
Sri,ENSMUSG00000003161
Rdx,ENSMUSG00000032050
Arf6,ENSMUSG00000044147
Seh1l,ENSMUSG00000079614
Fan1,ENSMUSG00000033458
Btaf1,ENSMUSG00000040565
Zc3h12c,ENSMUSG00000035164
Cep192,ENSMUSG00000024542
Nqo1,ENSMUSG00000003849
Spp1,ENSMUSG00000029304
Mphosph10,ENSMUSG00000030521
Ddx10,ENSMUSG00000053289
Ppp6r3,ENSMUSG00000024908
E2f3,ENSMUSG00000016477
Mcee,ENSMUSG00000033429
Mrpl44,ENSMUSG00000026248
Etnk1,ENSMUSG00000030275
Galc,ENSMUSG00000021003
Serpine2,ENSMUSG00000026249
Nob1,ENSMUSG00000003848
Polr1a,ENSMUSG00000049553
Golph3,ENSMUSG00000022200
4930550C14Rik,ENSMUSG00000005131
Mboat1,ENSMUSG00000038732
Alcam,ENSMUSG00000022636
Pkd2,ENSMUSG00000034462
Cacna1d,ENSMUSG00000015968
F10,ENSMUSG00000031444
Atm,ENSMUSG00000034218
Exosc9,ENSMUSG00000027714
Timm8a1,ENSMUSG00000048007
Shroom4,ENSMUSG00000068270
S1pr3,ENSMUSG00000067586
Hmga2,ENSMUSG00000056758
Gpr65,ENSMUSG00000021886
Zfp951,ENSMUSG00000072774
Sos2,ENSMUSG00000034801
Abcg3,ENSMUSG00000029299
Ahctf1,ENSMUSG00000026491
Crk,ENSMUSG00000017776
Lemd3,ENSMUSG00000048661
St3gal5,ENSMUSG00000056091
Gbp8,ENSMUSG00000034438
Rnf14,ENSMUSG00000060450
Ufsp2,ENSMUSG00000031634
Gbp9,ENSMUSG00000029298
Cobll1,ENSMUSG00000034903
Trim32,ENSMUSG00000051675
Pdzd2,ENSMUSG00000022197
Ccna2,ENSMUSG00000027715
Btk,ENSMUSG00000031264
Tlr4,ENSMUSG00000039005
Gbp4,ENSMUSG00000079363
Smpd4,ENSMUSG00000005899
Nthl1,ENSMUSG00000041429
Cops5,ENSMUSG00000025917
L2hgdh,ENSMUSG00000020988
Myo6,ENSMUSG00000033577
Lrp5,ENSMUSG00000024913
Trabd,ENSMUSG00000015363
Ankrd37,ENSMUSG00000050914
Tec,ENSMUSG00000029217
Cdk5rap2,ENSMUSG00000039298
Pcid2,ENSMUSG00000038542
Zkscan17,ENSMUSG00000020472
Zxdc,ENSMUSG00000034430
Gns,ENSMUSG00000034707
Sla,ENSMUSG00000022372
Rpl36a,ENSMUSG00000079435
Fah,ENSMUSG00000030630
1810055G02Rik,ENSMUSG00000035372
Slc25a14,ENSMUSG00000031105
Wwp2,ENSMUSG00000031930
Rassf3,ENSMUSG00000025795
Exoc6,ENSMUSG00000053799
Cul3,ENSMUSG00000004364
Tjp1,ENSMUSG00000030516
Slc16a10,ENSMUSG00000019838
Ywhae,ENSMUSG00000020849
Spata7,ENSMUSG00000021007
Fbxl17,ENSMUSG00000023965
Tbk1,ENSMUSG00000020115
Gnpda1,ENSMUSG00000052102
Megf9,ENSMUSG00000039270
Lamc1,ENSMUSG00000026478
Ndfip1,ENSMUSG00000024425
Sox5,ENSMUSG00000041540
6030458C11Rik,ENSMUSG00000022195
Xpot,ENSMUSG00000034667
Gla,ENSMUSG00000031266
Psmd7,ENSMUSG00000039067
Pigk,ENSMUSG00000039047
Nr3c1,ENSMUSG00000024431
Rbmx2,ENSMUSG00000031107
Cul4a,ENSMUSG00000031446
Pnpt1,ENSMUSG00000020464
Ppp1r3d,ENSMUSG00000049999
Tubgcp6,ENSMUSG00000051786
Rpf2,ENSMUSG00000038510
Zfand6,ENSMUSG00000030629
Zfhx3,ENSMUSG00000038872
Pja2,ENSMUSG00000024083
Yipf5,ENSMUSG00000024487
Hnrnph2,ENSMUSG00000045427
Ptpn21,ENSMUSG00000021009
Lamp1,ENSMUSG00000031447
Armcx4,ENSMUSG00000049804
Prelid2,ENSMUSG00000056671
Tpx2,ENSMUSG00000027469
Drosha,ENSMUSG00000022191
Rph3al,ENSMUSG00000020847
Man2a1,ENSMUSG00000024085
Trrap,ENSMUSG00000045482
Dhx9,ENSMUSG00000042699
St6galnac3,ENSMUSG00000052544
Bbs7,ENSMUSG00000037325
Gtf3c6,ENSMUSG00000019837
Aldh1l1,ENSMUSG00000030088
Dhx38,ENSMUSG00000037993
Zpbp2,ENSMUSG00000017195
Clcn5,ENSMUSG00000004317
Amd1,ENSMUSG00000075232
Cks2,ENSMUSG00000062248
Nln,ENSMUSG00000021710
Hdac10,ENSMUSG00000062906
Txnl4b,ENSMUSG00000031723
Srgap1,ENSMUSG00000020121
Grtp1,ENSMUSG00000038515
Usp27x,ENSMUSG00000046269
Vapa,ENSMUSG00000024091
Atl1,ENSMUSG00000021066
Chsy1,ENSMUSG00000032640
Npl,ENSMUSG00000042684
Armcx1,ENSMUSG00000033460
Rbm27,ENSMUSG00000024491
Fnbp1l,ENSMUSG00000039735
Secisbp2,ENSMUSG00000035139
Rab31,ENSMUSG00000056515
Lrrk1,ENSMUSG00000015133
Ppp4r1,ENSMUSG00000061950
Npat,ENSMUSG00000033054
Sav1,ENSMUSG00000021067
Bcat1,ENSMUSG00000030268
Cdk19,ENSMUSG00000038481
Slc39a10,ENSMUSG00000025986
Lsm14b,ENSMUSG00000039108
Armcx6,ENSMUSG00000050394
Gmds,ENSMUSG00000038372
Hp,ENSMUSG00000031722
Chek1,ENSMUSG00000032113
Ndrg1,ENSMUSG00000005125
Ppp1r3f,ENSMUSG00000039556
Snx25,ENSMUSG00000038291
Psma7,ENSMUSG00000027566
Ormdl3,ENSMUSG00000038150
Cspp1,ENSMUSG00000056763
Ss18l1,ENSMUSG00000039086
Armcx3,ENSMUSG00000049047
Tcerg1,ENSMUSG00000024498
Zc3h14,ENSMUSG00000021012
Rps6ka3,ENSMUSG00000031309
Plrg1,ENSMUSG00000027998
Wrnip1,ENSMUSG00000021400
Ttll9,ENSMUSG00000074673
Ppm1h,ENSMUSG00000034613
Aldh1a3,ENSMUSG00000015134
Slc41a3,ENSMUSG00000030089
Myof,ENSMUSG00000048612
Sema4d,ENSMUSG00000021451
Acat1,ENSMUSG00000032047
Psmd3,ENSMUSG00000017221
Iqsec1,ENSMUSG00000034312
Asb7,ENSMUSG00000030509
Mapk12,ENSMUSG00000022610
Ralbp1,ENSMUSG00000024096
Dhodh,ENSMUSG00000031730
Armcx2,ENSMUSG00000033436
Ccdc88a,ENSMUSG00000032740
Serpinb1a,ENSMUSG00000044734
Eif1ax,ENSMUSG00000067194
Mapk11,ENSMUSG00000053137
Gadd45g,ENSMUSG00000021453
Frmd4a,ENSMUSG00000026657
Cdc40,ENSMUSG00000038446
Twsg1,ENSMUSG00000024098
Mei4,ENSMUSG00000043289
Diras2,ENSMUSG00000047842
Slc25a4,ENSMUSG00000031633
St3gal1,ENSMUSG00000013846
Serpinb6b,ENSMUSG00000042842
Ankrd12,ENSMUSG00000034647
Slain2,ENSMUSG00000036087
Stt3a,ENSMUSG00000032116
Dcun1d2,ENSMUSG00000038506
Serpinb9,ENSMUSG00000045827
Fig4,ENSMUSG00000038417
Ndufv2,ENSMUSG00000024099
Lrrc8d,ENSMUSG00000046079
Prorsd1,ENSMUSG00000032673
Synpo2,ENSMUSG00000050315
Itgb4,ENSMUSG00000020758
Zfat,ENSMUSG00000022335
Nfkbiz,ENSMUSG00000035356
Tmco3,ENSMUSG00000038497
Mon2,ENSMUSG00000034602
Slc25a13,ENSMUSG00000015112
Zfp326,ENSMUSG00000029290
Sec24d,ENSMUSG00000039234
Zfp386,ENSMUSG00000042063
Vipr2,ENSMUSG00000011171
Adamts17,ENSMUSG00000058145
Ddx11,ENSMUSG00000035842
Acsl1,ENSMUSG00000018796
Slc35f2,ENSMUSG00000042195
Ythdf2,ENSMUSG00000040025
Eml5,ENSMUSG00000051166
Rabggtb,ENSMUSG00000038975
Irak1bp1,ENSMUSG00000032251
Plxnb2,ENSMUSG00000036606
Smurf1,ENSMUSG00000038780
Gmeb1,ENSMUSG00000028901
Lysmd4,ENSMUSG00000043831
Capg,ENSMUSG00000056737
Cep55,ENSMUSG00000024989
Syk,ENSMUSG00000021457
Taf12,ENSMUSG00000028899
Phip,ENSMUSG00000032253
Trnau1ap,ENSMUSG00000028898
Trim35,ENSMUSG00000022043
Rnasel,ENSMUSG00000066800
Tfdp1,ENSMUSG00000038482
Ttc8,ENSMUSG00000021013
Cep97,ENSMUSG00000022604
Arfgef1,ENSMUSG00000067851
Acot10,ENSMUSG00000047565
Fryl,ENSMUSG00000070733
Osbpl9,ENSMUSG00000028559
Dock9,ENSMUSG00000025558
Ei24,ENSMUSG00000062762
Nup160,ENSMUSG00000051329
Trim23,ENSMUSG00000021712
Foxn3,ENSMUSG00000033713
Ncapg2,ENSMUSG00000042029
Dock10,ENSMUSG00000038608
Rpl24,ENSMUSG00000098274
Ppwd1,ENSMUSG00000021713
Zbtb11,ENSMUSG00000022601
Dcp2,ENSMUSG00000024472
Usp15,ENSMUSG00000020124
Nup210,ENSMUSG00000030091
Ctsc,ENSMUSG00000030560
Cast,ENSMUSG00000021585
Pdrg1,ENSMUSG00000027472
Med15,ENSMUSG00000012114
Ppp6r2,ENSMUSG00000036561
Mga,ENSMUSG00000033943
Mef2a,ENSMUSG00000030557
Ccdc22,ENSMUSG00000031143
Ythdc2,ENSMUSG00000034653
Hmgn3,ENSMUSG00000066456
Gas6,ENSMUSG00000031451
Mnd1,ENSMUSG00000033752
Basp1,ENSMUSG00000045763
Mettl14,ENSMUSG00000028114
Arhgap28,ENSMUSG00000024043
Trim36,ENSMUSG00000033949
Tdp1,ENSMUSG00000021177
Lca5,ENSMUSG00000032258
Pggt1b,ENSMUSG00000024477
Rab38,ENSMUSG00000030559
Ccdc112,ENSMUSG00000071855
Acadm,ENSMUSG00000062908
Elmod3,ENSMUSG00000056698
Ociad1,ENSMUSG00000029152
Gvin1,ENSMUSG00000045868
Myo10,ENSMUSG00000022272
Psmc1,ENSMUSG00000021178
Dmxl2,ENSMUSG00000041268
Fem1c,ENSMUSG00000033319
Tmem135,ENSMUSG00000039428
Pcnp,ENSMUSG00000071533
Atg12,ENSMUSG00000032905
Slc16a7,ENSMUSG00000020102
Ap3s1,ENSMUSG00000024480
Noc3l,ENSMUSG00000024999
Hdac11,ENSMUSG00000034245
Tbc1d12,ENSMUSG00000048720
Senp7,ENSMUSG00000052917
Mtif2,ENSMUSG00000020459
Hells,ENSMUSG00000025001
Commd10,ENSMUSG00000042705
Arid1b,ENSMUSG00000069729
Prpf18,ENSMUSG00000039449
Lrrc28,ENSMUSG00000030556
Gimap9,ENSMUSG00000051124
Kras,ENSMUSG00000030265
Rap2c,ENSMUSG00000050029
Tmpo,ENSMUSG00000019961
Mbnl3,ENSMUSG00000036109
Fnbp4,ENSMUSG00000008200
Med24,ENSMUSG00000017210
Tyw3,ENSMUSG00000047583
Gimap4,ENSMUSG00000054435
Dtwd2,ENSMUSG00000024505
Cdc7,ENSMUSG00000029283
Sh3kbp1,ENSMUSG00000040990
Cdca7l,ENSMUSG00000021175
Dmxl1,ENSMUSG00000037416
Zdhhc14,ENSMUSG00000034265
Rcc1,ENSMUSG00000028896
Calm1,ENSMUSG00000001175
Gimap6,ENSMUSG00000047867
Nr1h2,ENSMUSG00000060601
Snx9,ENSMUSG00000002365
Gimap7,ENSMUSG00000043931
Rassf8,ENSMUSG00000030259
Zfp622,ENSMUSG00000052253
Rtn4r,ENSMUSG00000043811
Gimap1,ENSMUSG00000090019
Zdhhc8,ENSMUSG00000060166
Bend7,ENSMUSG00000048186
Gimap5,ENSMUSG00000043505
Nin,ENSMUSG00000021068
Zfp821,ENSMUSG00000031728
Ank,ENSMUSG00000022265
Hsd17b4,ENSMUSG00000024507
Gimap3,ENSMUSG00000039264
Ctdsp2,ENSMUSG00000078429
Aldoart1,ENSMUSG00000059343
Cib2,ENSMUSG00000037493
Rasa3,ENSMUSG00000031453
Rps27a,ENSMUSG00000020460
Galnt3,ENSMUSG00000026994
Tmem218,ENSMUSG00000032121
Galk1,ENSMUSG00000020766
Ociad2,ENSMUSG00000029153
Trim2,ENSMUSG00000027993
Prex2,ENSMUSG00000048960
Idh3a,ENSMUSG00000032279
Sbf1,ENSMUSG00000036529
Mapkbp1,ENSMUSG00000033902
Plekhg5,ENSMUSG00000039713
Tgfbr3,ENSMUSG00000029287
Srfbp1,ENSMUSG00000024528
H3f3b,ENSMUSG00000016559
Nedd1,ENSMUSG00000019988
Napsa,ENSMUSG00000002204
Ttk,ENSMUSG00000038379
Pdlim1,ENSMUSG00000055044
Col4a4,ENSMUSG00000067158
Thra,ENSMUSG00000058756
Atxn1l,ENSMUSG00000069895
Sorbs1,ENSMUSG00000025006
Casp3,ENSMUSG00000031628
Jmjd7,ENSMUSG00000098789
Dcun1d4,ENSMUSG00000051674
Tsfm,ENSMUSG00000040521
Sephs1,ENSMUSG00000026662
Nr1d1,ENSMUSG00000020889
Cdc16,ENSMUSG00000038416
Chchd4,ENSMUSG00000034203
Kcnc3,ENSMUSG00000062785
Sesn1,ENSMUSG00000038332
Vps53,ENSMUSG00000017288
Tmem43,ENSMUSG00000030095
Hck,ENSMUSG00000003283
Auh,ENSMUSG00000021460
Ier5,ENSMUSG00000056708
Mr1,ENSMUSG00000026471
Dcp1a,ENSMUSG00000021962
Xpc,ENSMUSG00000030094
Mettl1,ENSMUSG00000006732
Upf3a,ENSMUSG00000038398
Lrrc66,ENSMUSG00000067206
Ttc23,ENSMUSG00000030555
Tnfrsf25,ENSMUSG00000024793
Sgcb,ENSMUSG00000029156
Irf2,ENSMUSG00000031627
Gm6525,ENSMUSG00000104043
Armc2,ENSMUSG00000071324
Ubac2,ENSMUSG00000041765
Nfil3,ENSMUSG00000056749
Cenpk,ENSMUSG00000021714
Gpr18,ENSMUSG00000050350
Tmem176b,ENSMUSG00000029810
Gpr183,ENSMUSG00000051212
Arxes2,ENSMUSG00000048040
Snx2,ENSMUSG00000034484
Phyh,ENSMUSG00000026664
Bex2,ENSMUSG00000042750
Tkt,ENSMUSG00000021957
Gpc3,ENSMUSG00000055653
Fhdc1,ENSMUSG00000041842
Snx24,ENSMUSG00000024535
Ap1g1,ENSMUSG00000031731
Ppp1r26,ENSMUSG00000035829
Ppic,ENSMUSG00000024538
Tm9sf2,ENSMUSG00000025544
Foxo3,ENSMUSG00000048756
Glmn,ENSMUSG00000029276
Cdk4,ENSMUSG00000006728
Arfip1,ENSMUSG00000074513
Eps15,ENSMUSG00000028552
Dnaja4,ENSMUSG00000032285
Cryz,ENSMUSG00000028199
Tcf4,ENSMUSG00000053477
Mrps2,ENSMUSG00000035772
Bckdhb,ENSMUSG00000032263
Clybl,ENSMUSG00000025545
Ell2,ENSMUSG00000001542
Tspan31,ENSMUSG00000006736
Bex4,ENSMUSG00000047844
Pdha1,ENSMUSG00000031299
Lsm3,ENSMUSG00000034192
Tmem176a,ENSMUSG00000023367
Stx6,ENSMUSG00000026470
Tceal8,ENSMUSG00000051579
Glrx,ENSMUSG00000021591
Sfxn1,ENSMUSG00000021474
Cdk17,ENSMUSG00000020015
Tceal5,ENSMUSG00000054034
Igf1r,ENSMUSG00000005533
Hrh2,ENSMUSG00000034987
Fbxo25,ENSMUSG00000038365
Bex1,ENSMUSG00000050071
Adamts6,ENSMUSG00000046169
Slco4a1,ENSMUSG00000038963
Pcca,ENSMUSG00000041650
Cacna1f,ENSMUSG00000031142
Snx3,ENSMUSG00000019804
Ehd4,ENSMUSG00000027293
Scfd2,ENSMUSG00000062110
Elk3,ENSMUSG00000008398
Lmf2,ENSMUSG00000022614
Eed,ENSMUSG00000030619
Erich1,ENSMUSG00000051978
Xpr1,ENSMUSG00000026469
Ttc7b,ENSMUSG00000033530
Mcm10,ENSMUSG00000026669
Tmem154,ENSMUSG00000056498
Ccdc15,ENSMUSG00000034303
Rhobtb3,ENSMUSG00000021589
Kdm4c,ENSMUSG00000028397
Synj2,ENSMUSG00000023805
Trio,ENSMUSG00000022263
Cplx2,ENSMUSG00000025867
Agap2,ENSMUSG00000025422
Thoc3,ENSMUSG00000025872
Itpr2,ENSMUSG00000030287
Tmtc4,ENSMUSG00000041594
Tfg,ENSMUSG00000022757
Rnf6,ENSMUSG00000029634
Cwc27,ENSMUSG00000021715
Ttc39a,ENSMUSG00000028555
Unk,ENSMUSG00000020770
Srek1ip1,ENSMUSG00000021716
Ogfr,ENSMUSG00000049401
Lta4h,ENSMUSG00000015889
Tmem115,ENSMUSG00000010045
Optn,ENSMUSG00000026672
Cyb561d2,ENSMUSG00000037190
Zfp59,ENSMUSG00000078779
Poln,ENSMUSG00000045102
Arrdc4,ENSMUSG00000042659
Ireb2,ENSMUSG00000032293
Ostm1,ENSMUSG00000038280
Tomm70a,ENSMUSG00000022752
Rgs7bp,ENSMUSG00000021719
Rfesd,ENSMUSG00000043190
Ppfibp2,ENSMUSG00000036528
Os9,ENSMUSG00000040462
Nit2,ENSMUSG00000022751
Sp4,ENSMUSG00000025323
Gpr150,ENSMUSG00000045509
Serpinb6a,ENSMUSG00000060147
Tbc1d23,ENSMUSG00000022749
Msl1,ENSMUSG00000052915
AY074887,ENSMUSG00000044820
Nprl2,ENSMUSG00000010057
Rnf11,ENSMUSG00000028557
Rhod,ENSMUSG00000041845
Cdkn2c,ENSMUSG00000028551
Prkcd,ENSMUSG00000021948
Ibtk,ENSMUSG00000035941
Faf1,ENSMUSG00000010517
Ncaph2,ENSMUSG00000008690
Cln8,ENSMUSG00000026317
Aldh18a1,ENSMUSG00000025007
Camk1d,ENSMUSG00000039145
Rps6ka5,ENSMUSG00000021180
Rwdd4a,ENSMUSG00000031568
Casc3,ENSMUSG00000078676
Zfp780b,ENSMUSG00000063047
Tmem30c,ENSMUSG00000022753
Dmrta2,ENSMUSG00000047143
Haus3,ENSMUSG00000079555
Amdhd1,ENSMUSG00000015890
Ing2,ENSMUSG00000063049
Mxd4,ENSMUSG00000037235
Rapgefl1,ENSMUSG00000038020
B4galnt1,ENSMUSG00000006731
Filip1l,ENSMUSG00000043336
Wipf2,ENSMUSG00000038013
Ttc3,ENSMUSG00000040785
Glod4,ENSMUSG00000017286
Rnf180,ENSMUSG00000021720
Syp,ENSMUSG00000031144
Zfyve28,ENSMUSG00000037224
Psma4,ENSMUSG00000032301
Ndufa4,ENSMUSG00000029632
Prickle3,ENSMUSG00000031145
Igf2bp3,ENSMUSG00000029814
Nqo2,ENSMUSG00000046949
Mctp2,ENSMUSG00000032776
Cdkn2aip,ENSMUSG00000038069
Cdk8,ENSMUSG00000029635
Tctn3,ENSMUSG00000025008
Snrpf,ENSMUSG00000020018
Zswim4,ENSMUSG00000035671
Plp2,ENSMUSG00000031146
Ntn4,ENSMUSG00000020019
Espn,ENSMUSG00000028943
Wwc2,ENSMUSG00000031563
Rassf1,ENSMUSG00000010067
Arsk,ENSMUSG00000021592
Rtn4,ENSMUSG00000020458
Tra2a,ENSMUSG00000029817
Qrsl1,ENSMUSG00000019863
Ccdc126,ENSMUSG00000050786
Sco2,ENSMUSG00000091780
Rpap2,ENSMUSG00000033773
D8Ertd738e,ENSMUSG00000019362
Arhgef25,ENSMUSG00000019467
Pcx,ENSMUSG00000024892
Vac14,ENSMUSG00000010936
4833439L19Rik,ENSMUSG00000025871
Hdac9,ENSMUSG00000004698
Tusc2,ENSMUSG00000010054
Hyal2,ENSMUSG00000010047
Cdc42bpa,ENSMUSG00000026490
Mri1,ENSMUSG00000004996
Arl10,ENSMUSG00000025870
Hyal1,ENSMUSG00000010051
Nop16,ENSMUSG00000025869
Higd2a,ENSMUSG00000025868
Mmgt1,ENSMUSG00000061273
Ripk1,ENSMUSG00000021408
Fgfr1op2,ENSMUSG00000040242
Hyal3,ENSMUSG00000036091
Ube2q2,ENSMUSG00000032307
Slc9a6,ENSMUSG00000060681
Rtn4ip1,ENSMUSG00000019864
Entpd1,ENSMUSG00000048120
Nlrp10,ENSMUSG00000049709
Dtx3,ENSMUSG00000040415
Il2,ENSMUSG00000027720
Bphl,ENSMUSG00000038286
Psmd9,ENSMUSG00000029440
Chkb,ENSMUSG00000022617
Fbxw7,ENSMUSG00000028086
Mprip,ENSMUSG00000005417
Arhgef10,ENSMUSG00000071176
Pip4k2c,ENSMUSG00000025417
Eif3f,ENSMUSG00000031029
Cltb,ENSMUSG00000047547
Tm7sf3,ENSMUSG00000040234
Robo4,ENSMUSG00000032125
Ccnj,ENSMUSG00000025010
Ralgds,ENSMUSG00000026821
Gfi1,ENSMUSG00000029275
Zfp518a,ENSMUSG00000049164
Chd2,ENSMUSG00000078671
Tbc1d8b,ENSMUSG00000042473
Tubb2a,ENSMUSG00000058672
Ptk2,ENSMUSG00000022607
Metap2,ENSMUSG00000036112
Rft1,ENSMUSG00000052395
Blnk,ENSMUSG00000061132
Fhl1,ENSMUSG00000023092
Cetn4,ENSMUSG00000045031
Frmd6,ENSMUSG00000048285
Rnf4,ENSMUSG00000029110
Bbs12,ENSMUSG00000051444
Actr10,ENSMUSG00000021076
Med21,ENSMUSG00000030291
Psmg4,ENSMUSG00000071451
Psma3,ENSMUSG00000060073
Adam22,ENSMUSG00000040537
Ipo11,ENSMUSG00000042590
Phf14,ENSMUSG00000029629
Dntt,ENSMUSG00000025014
Mill2,ENSMUSG00000040987
Adam28,ENSMUSG00000014725
Atg5,ENSMUSG00000038160
Kif5a,ENSMUSG00000074657
Sf3b3,ENSMUSG00000033732
Ifrd2,ENSMUSG00000010048
Ahr,ENSMUSG00000019256
Ric3,ENSMUSG00000048330
Pglyrp1,ENSMUSG00000030413
Fam174b,ENSMUSG00000078670
Nudt6,ENSMUSG00000050174
Lmo1,ENSMUSG00000036111
Mtch2,ENSMUSG00000027282
St8sia2,ENSMUSG00000025789
Ccdc61,ENSMUSG00000074358
Tspan13,ENSMUSG00000020577
Acot7,ENSMUSG00000028937
Slc22a23,ENSMUSG00000038267
Arid4a,ENSMUSG00000048118
Dctn2,ENSMUSG00000025410
Stk38l,ENSMUSG00000001630
Mypop,ENSMUSG00000048481
Tm9sf3,ENSMUSG00000025016
Faf2,ENSMUSG00000025873
Irf2bp1,ENSMUSG00000044030
Foxa3,ENSMUSG00000040891
Slco3a1,ENSMUSG00000025790
Slc25a37,ENSMUSG00000034248
Prep,ENSMUSG00000019849
Gtf3c5,ENSMUSG00000026816
Kbtbd11,ENSMUSG00000055675
Icmt,ENSMUSG00000039662
Pik3ap1,ENSMUSG00000025017
Spry1,ENSMUSG00000037211
Echdc3,ENSMUSG00000039063
Mbd6,ENSMUSG00000025409
Dimt1,ENSMUSG00000021692
Gfi1b,ENSMUSG00000026815
Gm5148,ENSMUSG00000058174
Fbxo22,ENSMUSG00000032309
Sh3d19,ENSMUSG00000028082
Dido1,ENSMUSG00000038914
Timm9,ENSMUSG00000021079
Lcor,ENSMUSG00000025019
Aga,ENSMUSG00000031521
Cdc6,ENSMUSG00000017499
Loxl2,ENSMUSG00000034205
Tgif1,ENSMUSG00000047407
Nrg4,ENSMUSG00000032311
Rpl22,ENSMUSG00000028936
Sympk,ENSMUSG00000023118
Bzw2,ENSMUSG00000020547
Ddit3,ENSMUSG00000025408
Neil3,ENSMUSG00000039396
Myl12b,ENSMUSG00000034868
Arsa,ENSMUSG00000022620
Vezt,ENSMUSG00000036099
Sfmbt1,ENSMUSG00000006527
Robo3,ENSMUSG00000032128
Myl12a,ENSMUSG00000024048
Mrpl19,ENSMUSG00000030045
Ctnnd2,ENSMUSG00000022240
Cog4,ENSMUSG00000031753
2210408I21Rik,ENSMUSG00000071252
Pld6,ENSMUSG00000043648
Ankmy2,ENSMUSG00000036188
Gemin4,ENSMUSG00000049396
Prpf4b,ENSMUSG00000021413
Dbil5,ENSMUSG00000038057
Ankrd50,ENSMUSG00000044864
Tc2n,ENSMUSG00000021187
Nxn,ENSMUSG00000020844
Slc17a9,ENSMUSG00000023393
Acbd6,ENSMUSG00000033701
Pgm3,ENSMUSG00000056131
Eml6,ENSMUSG00000044072
Dmwd,ENSMUSG00000030410
Vps39,ENSMUSG00000027291
Dap,ENSMUSG00000039168
Zranb2,ENSMUSG00000028180
Dennd3,ENSMUSG00000036661
Vegfc,ENSMUSG00000031520
Spcs3,ENSMUSG00000054408
Stat4,ENSMUSG00000062939
Ezr,ENSMUSG00000052397
Flcn,ENSMUSG00000032633
Rwdd2a,ENSMUSG00000032417
2700049A03Rik,ENSMUSG00000034601
Rsph3b,ENSMUSG00000023806
Kcnab2,ENSMUSG00000028931
Shank3,ENSMUSG00000022623
Myom1,ENSMUSG00000024049
Rnf44,ENSMUSG00000034928
Arhgap19,ENSMUSG00000025154
Timm22,ENSMUSG00000020843
Qsox1,ENSMUSG00000033684
Rpl27a,ENSMUSG00000046364
Pole4,ENSMUSG00000030042
Rara,ENSMUSG00000037992
R3hcc1,ENSMUSG00000034194
Etfa,ENSMUSG00000032314
Akap13,ENSMUSG00000066406
Hk2,ENSMUSG00000000628
Ankrd33b,ENSMUSG00000022237
Esam,ENSMUSG00000001946
Trip11,ENSMUSG00000021188
Top2a,ENSMUSG00000020914
Ropn1l,ENSMUSG00000022236
Hace1,ENSMUSG00000038822
Ptger3,ENSMUSG00000040016
Chmp7,ENSMUSG00000034190
Intu,ENSMUSG00000060798
Frat2,ENSMUSG00000047604
Rrp12,ENSMUSG00000035049
Tnfrsf10b,ENSMUSG00000022074
Cops3,ENSMUSG00000019373
Slc45a4,ENSMUSG00000079020
Rhobtb2,ENSMUSG00000022075
Lrba,ENSMUSG00000028080
Nrgn,ENSMUSG00000053310
Scaper,ENSMUSG00000034007
Pgam1,ENSMUSG00000011752
Egr3,ENSMUSG00000033730
Exosc1,ENSMUSG00000034321
Bin3,ENSMUSG00000022089
St3gal2,ENSMUSG00000031749
Igfbp4,ENSMUSG00000017493
Zdhhc16,ENSMUSG00000025157
Lpin2,ENSMUSG00000024052
Ddx19a,ENSMUSG00000015023
Nt5m,ENSMUSG00000032615
Ythdf1,ENSMUSG00000038848
Cacna1a,ENSMUSG00000034656
Arhgap9,ENSMUSG00000040345
Mms19,ENSMUSG00000025159
9930012K11Rik,ENSMUSG00000044551
Atxn3,ENSMUSG00000021189
Rabl2,ENSMUSG00000022621
Unc13d,ENSMUSG00000057948
Pdlim2,ENSMUSG00000022090
Siae,ENSMUSG00000001942
Emilin2,ENSMUSG00000024053
Alg10b,ENSMUSG00000075470
Tsc1,ENSMUSG00000026812
Pou5f2,ENSMUSG00000093668
Gdi2,ENSMUSG00000021218
Dmpk,ENSMUSG00000030409
Sorbs3,ENSMUSG00000022091
Cpsf2,ENSMUSG00000041781
Dyrk1a,ENSMUSG00000022897
Cct5,ENSMUSG00000022234
Agmo,ENSMUSG00000050103
Tmcc3,ENSMUSG00000020023
Morc4,ENSMUSG00000031434
Spa17,ENSMUSG00000001948
Rcn2,ENSMUSG00000032320
St3gal6,ENSMUSG00000022747
Cpne8,ENSMUSG00000052560
Tbrg1,ENSMUSG00000011114
Daam1,ENSMUSG00000034574
Ppp3cc,ENSMUSG00000022092
Smchd1,ENSMUSG00000024054
Ppfibp1,ENSMUSG00000016487
Cep350,ENSMUSG00000033671
A430005L14Rik,ENSMUSG00000047613
Klhl25,ENSMUSG00000055652
Dffb,ENSMUSG00000029027
Six5,ENSMUSG00000040841
Ikbkg,ENSMUSG00000004221
Fbxo46,ENSMUSG00000050428
Ndc80,ENSMUSG00000024056
Camk2d,ENSMUSG00000053819
Cpox,ENSMUSG00000022742
Qpctl,ENSMUSG00000030407
Kif2a,ENSMUSG00000021693
Ccr7,ENSMUSG00000037944
Med9,ENSMUSG00000061650
Snrpd2,ENSMUSG00000040824
Rasd1,ENSMUSG00000049892
Wbp2,ENSMUSG00000034341
Tmem9b,ENSMUSG00000031021
Lrrc47,ENSMUSG00000029028
Plxnc1,ENSMUSG00000074785
Tmem87a,ENSMUSG00000033808
Sdc2,ENSMUSG00000022261
Mcph1,ENSMUSG00000039842
Pemt,ENSMUSG00000000301
Ascc3,ENSMUSG00000038774
Fam193a,ENSMUSG00000037210
Pde10a,ENSMUSG00000023868
Trim47,ENSMUSG00000020773
Tspyl5,ENSMUSG00000038984
Mtdh,ENSMUSG00000022255
Pdzk1ip1,ENSMUSG00000028716
Slco5a1,ENSMUSG00000025938
Cradd,ENSMUSG00000045867
Ddx19b,ENSMUSG00000033658
Rep15,ENSMUSG00000040121
Bcl7a,ENSMUSG00000029438
Mrps35,ENSMUSG00000040112
Rai1,ENSMUSG00000062115
Jkamp,ENSMUSG00000005078
Picalm,ENSMUSG00000039361
Angpt2,ENSMUSG00000031465
Fip1l1,ENSMUSG00000029227
Socs2,ENSMUSG00000020027
Psen2,ENSMUSG00000010609
Agpat5,ENSMUSG00000031467
Trim65,ENSMUSG00000054517
G6pdx,ENSMUSG00000031400
Ubtd1,ENSMUSG00000025171
Rin3,ENSMUSG00000044456
Mrpl38,ENSMUSG00000020775
Pstpip1,ENSMUSG00000032322
Rbm41,ENSMUSG00000031433
Morn4,ENSMUSG00000049670
Pi4k2a,ENSMUSG00000025178
Crybg3,ENSMUSG00000022723
Laptm4b,ENSMUSG00000022257
Gtf3c4,ENSMUSG00000035666
Gnai2,ENSMUSG00000032562
Avpi1,ENSMUSG00000018821
Marveld1,ENSMUSG00000044345
Rpl30,ENSMUSG00000058600
Xkr5,ENSMUSG00000039814
Erg,ENSMUSG00000040732
Tspan3,ENSMUSG00000032324
Ddx31,ENSMUSG00000026806
Phka2,ENSMUSG00000031295
Abcd2,ENSMUSG00000055782
Fhit,ENSMUSG00000060579
Itpkb,ENSMUSG00000038855
Asb13,ENSMUSG00000033781
B3galt1,ENSMUSG00000034780
Cyp4b1,ENSMUSG00000028713
Arrdc3,ENSMUSG00000074794
Pid1,ENSMUSG00000045658
Nek4,ENSMUSG00000021918
Pop1,ENSMUSG00000022325
Hmg20a,ENSMUSG00000032329
Ganc,ENSMUSG00000062646
Ndufaf2,ENSMUSG00000068184
Mdfic,ENSMUSG00000041390
Tnip2,ENSMUSG00000059866
Pyroxd2,ENSMUSG00000060224
Net1,ENSMUSG00000021215
Ly6c2,ENSMUSG00000022584
Ccdc91,ENSMUSG00000030301
Lrrc9,ENSMUSG00000021090
Evi5,ENSMUSG00000011831
Cyb5r4,ENSMUSG00000032872
Hps1,ENSMUSG00000025188
Stk3,ENSMUSG00000022329
Tfec,ENSMUSG00000029553
Ncoa2,ENSMUSG00000005886
Ttf1,ENSMUSG00000026803
Osbpl3,ENSMUSG00000029822
Abr,ENSMUSG00000017631
Stk39,ENSMUSG00000027030
Arl6,ENSMUSG00000022722
Spcs1,ENSMUSG00000021917
Dbf4,ENSMUSG00000002297
Vps13b,ENSMUSG00000037646
Ktn1,ENSMUSG00000021843
Dhrs7,ENSMUSG00000021094
Setx,ENSMUSG00000043535
Ets2,ENSMUSG00000022895
Atp2b1,ENSMUSG00000019943
Gab3,ENSMUSG00000032750
Ppm1a,ENSMUSG00000021096
Cox6c,ENSMUSG00000014313
Prps1,ENSMUSG00000031432
Snx33,ENSMUSG00000032733
Rpl5,ENSMUSG00000058558
Cycs,ENSMUSG00000063694
Ercc8,ENSMUSG00000021694
Dusp6,ENSMUSG00000019960
Imp3,ENSMUSG00000032288
Tsc22d3,ENSMUSG00000031431
Snupn,ENSMUSG00000055334
Ralb,ENSMUSG00000004451
Polr2k,ENSMUSG00000045996
Ptpn9,ENSMUSG00000032290
Mlxip,ENSMUSG00000038342
R3hdm2,ENSMUSG00000025404
Spag1,ENSMUSG00000037617
Tmem185b,ENSMUSG00000098923
Dkc1,ENSMUSG00000031403
Parp1,ENSMUSG00000026496
Rab27b,ENSMUSG00000024511
Got1,ENSMUSG00000025190
Stard6,ENSMUSG00000079608
2510002D24Rik,ENSMUSG00000071632
Nkx2-3,ENSMUSG00000044220
Slc25a28,ENSMUSG00000040414
Pdpr,ENSMUSG00000033624
Entpd7,ENSMUSG00000025192
Rnf19a,ENSMUSG00000022280
Mrpl40,ENSMUSG00000022706
Nsun3,ENSMUSG00000050312
Ypel5,ENSMUSG00000039770
Eci2,ENSMUSG00000021417
Med27,ENSMUSG00000026799
Mid2,ENSMUSG00000000266
Sh3bp2,ENSMUSG00000054520
Ankrd46,ENSMUSG00000048307
Gosr1,ENSMUSG00000010392
Lbh,ENSMUSG00000024063
Cox15,ENSMUSG00000040018
Arl13b,ENSMUSG00000022911
1700010I14Rik,ENSMUSG00000023873
Srebf1,ENSMUSG00000020538
Tram1,ENSMUSG00000025935
Cdkl5,ENSMUSG00000031292
Poli,ENSMUSG00000038425
Pros1,ENSMUSG00000022912
Cutc,ENSMUSG00000025193
Arhgef16,ENSMUSG00000029032
Spc25,ENSMUSG00000005233
Hira,ENSMUSG00000022702
Fbxo8,ENSMUSG00000038206
Abcc2,ENSMUSG00000025194
Lactb2,ENSMUSG00000025937
Arl4a,ENSMUSG00000047446
Slc25a40,ENSMUSG00000054099
Lclat1,ENSMUSG00000054469
Prdm16,ENSMUSG00000039410
Trip12,ENSMUSG00000026219
Sin3a,ENSMUSG00000042557
Larp1b,ENSMUSG00000025762
Glg1,ENSMUSG00000003316
Scin,ENSMUSG00000002565
Dnmbp,ENSMUSG00000025195
Rundc3b,ENSMUSG00000040570
Snx31,ENSMUSG00000013611
Depdc1a,ENSMUSG00000028175
Mbd2,ENSMUSG00000024513
Mpp1,ENSMUSG00000031402
Mnat1,ENSMUSG00000021103
Cpd,ENSMUSG00000020841
Agpat4,ENSMUSG00000023827
Trmt5,ENSMUSG00000034442
Ndufa3,ENSMUSG00000035674
Gxylt1,ENSMUSG00000036197
Tes,ENSMUSG00000029552
Unc79,ENSMUSG00000021198
Abcb1b,ENSMUSG00000028970
Xdh,ENSMUSG00000024066
Cpn1,ENSMUSG00000025196
Pgrmc2,ENSMUSG00000049940
Rfwd3,ENSMUSG00000033596
Mrps21,ENSMUSG00000054312
Pabpc1,ENSMUSG00000022283
Mex3c,ENSMUSG00000037253
Fbf1,ENSMUSG00000020776
Smad4,ENSMUSG00000024515
Cav2,ENSMUSG00000000058
Erlin1,ENSMUSG00000025198
Fgf13,ENSMUSG00000031137
Slc25a26,ENSMUSG00000045100
Yaf2,ENSMUSG00000022634
Mlkl,ENSMUSG00000012519
Elovl7,ENSMUSG00000021696
Elac1,ENSMUSG00000036941
Me2,ENSMUSG00000024556
Fbxo36,ENSMUSG00000073633
Chuk,ENSMUSG00000025199
Zcrb1,ENSMUSG00000022635
Akr1c13,ENSMUSG00000021213
Stat1,ENSMUSG00000026104
Mbd1,ENSMUSG00000024561
BC028528,ENSMUSG00000038543
Lamp3,ENSMUSG00000041247
Bbs5,ENSMUSG00000063145
Ywhaz,ENSMUSG00000022285
F8,ENSMUSG00000031196
B3gnt5,ENSMUSG00000022686
Tspan17,ENSMUSG00000025875
Aph1a,ENSMUSG00000015750
Tfpt,ENSMUSG00000006335
Map3k4,ENSMUSG00000014426
Wls,ENSMUSG00000028173
A930003A15Rik,ENSMUSG00000075330
Chmp2b,ENSMUSG00000004843
Fbxo17,ENSMUSG00000030598
Zfp706,ENSMUSG00000062397
Klhl6,ENSMUSG00000043008
Vwf,ENSMUSG00000001930
Atp7b,ENSMUSG00000006567
Blmh,ENSMUSG00000020840
Dennd5a,ENSMUSG00000035901
Zfp277,ENSMUSG00000055917
Pphln1,ENSMUSG00000036167
Itih5,ENSMUSG00000025780
Klhl24,ENSMUSG00000062901
Zfp202,ENSMUSG00000025602
Akr1c12,ENSMUSG00000021211
Fastkd1,ENSMUSG00000027086
Fundc2,ENSMUSG00000031198
Depdc1b,ENSMUSG00000021697
Alg11,ENSMUSG00000063362
Mcf2,ENSMUSG00000031139
Cwf19l1,ENSMUSG00000025200
Chic2,ENSMUSG00000029229
Asb3,ENSMUSG00000020305
Abcb4,ENSMUSG00000042476
Cdk5rap1,ENSMUSG00000027487
Cdyl,ENSMUSG00000059288
Rbm5,ENSMUSG00000032580
Mfap3l,ENSMUSG00000031647
Ttc39b,ENSMUSG00000038172
Memo1,ENSMUSG00000058704
Prickle1,ENSMUSG00000036158
Crot,ENSMUSG00000003623
Snta1,ENSMUSG00000027488
Rpp40,ENSMUSG00000021418
Rrm2b,ENSMUSG00000022292
Acox1,ENSMUSG00000020777
Slc22a3,ENSMUSG00000023828
Mtcp1,ENSMUSG00000031200
Sfmbt2,ENSMUSG00000061186
Reps2,ENSMUSG00000040855
Dpy30,ENSMUSG00000024067
Mtf2,ENSMUSG00000029267
Eml2,ENSMUSG00000040811
Met,ENSMUSG00000009376
Wdr59,ENSMUSG00000031959
Lyrm4,ENSMUSG00000046573
Snapc3,ENSMUSG00000028483
Acaa2,ENSMUSG00000036880
Brcc3,ENSMUSG00000031201
Rpl17,ENSMUSG00000062328
Capza2,ENSMUSG00000015733
BC031181,ENSMUSG00000036299
Rhoj,ENSMUSG00000046768
Dym,ENSMUSG00000035765
Samsn1,ENSMUSG00000022876
Igf2r,ENSMUSG00000023830
Bod1,ENSMUSG00000044502
Ppig,ENSMUSG00000042133
Psip1,ENSMUSG00000028484
Fam3b,ENSMUSG00000022938
Immp2l,ENSMUSG00000056899
Mrpl46,ENSMUSG00000030612
Pus7l,ENSMUSG00000033356
Nrip1,ENSMUSG00000048490
Opa3,ENSMUSG00000052214
Stac3,ENSMUSG00000040287
Mrps11,ENSMUSG00000030611
Ctif,ENSMUSG00000052928
Irak4,ENSMUSG00000059883
Bloc1s2,ENSMUSG00000057506
Srp68,ENSMUSG00000020780
Ppp2r5e,ENSMUSG00000021051
Vasp,ENSMUSG00000030403
Smad2,ENSMUSG00000024563
Twf1,ENSMUSG00000022451
Cpeb4,ENSMUSG00000020300
Det1,ENSMUSG00000030610
Dnajb9,ENSMUSG00000014905
Btg3,ENSMUSG00000022863
Spast,ENSMUSG00000024068
Wdr89,ENSMUSG00000045690
Sclt1,ENSMUSG00000059834
Sgpp1,ENSMUSG00000021054
Ppm1n,ENSMUSG00000030402
Pnpla8,ENSMUSG00000036257
D16Ertd472e,ENSMUSG00000022864
Prpf31,ENSMUSG00000008373
Nek3,ENSMUSG00000031478
Sdhaf2,ENSMUSG00000024668
Tmed5,ENSMUSG00000063406
Ssh2,ENSMUSG00000037926
Cpsf7,ENSMUSG00000034820
Shmt2,ENSMUSG00000025403
Tmf1,ENSMUSG00000030059
Phospho2,ENSMUSG00000027088
Add1,ENSMUSG00000029106
Anp32e,ENSMUSG00000015749
Ckap2,ENSMUSG00000037725
Tom1l2,ENSMUSG00000000538
Uba3,ENSMUSG00000030061
Ubr5,ENSMUSG00000037487
Rhd,ENSMUSG00000028825
Vps36,ENSMUSG00000031479
Man2c1,ENSMUSG00000032295
Tmem216,ENSMUSG00000024667
Urm1,ENSMUSG00000069020
Tmem50a,ENSMUSG00000028822
Tmem41b,ENSMUSG00000047554
Thsd1,ENSMUSG00000031480
Tmem138,ENSMUSG00000024666
Znrf1,ENSMUSG00000033545
Cbfa2t2,ENSMUSG00000038533
Fars2,ENSMUSG00000021420
Syf2,ENSMUSG00000028821
Vbp1,ENSMUSG00000031197
Plekho1,ENSMUSG00000015745
Runx3,ENSMUSG00000070691
Mrpl18,ENSMUSG00000057388
Arl6ip5,ENSMUSG00000035199
Lrp1,ENSMUSG00000040249
Slc30a6,ENSMUSG00000024069
Larp7,ENSMUSG00000027968
Lysmd3,ENSMUSG00000035840
Clic4,ENSMUSG00000037242
Bnc2,ENSMUSG00000028487
Rbbp7,ENSMUSG00000031353
Skap2,ENSMUSG00000059182
Vps45,ENSMUSG00000015747
Cyyr1,ENSMUSG00000041134
Ldhd,ENSMUSG00000031958
Aen,ENSMUSG00000030609
Polr3g,ENSMUSG00000035834
Otud7b,ENSMUSG00000038495
Slc14a1,ENSMUSG00000059336
Zfp1,ENSMUSG00000055835
Klhl23,ENSMUSG00000042155
Mblac2,ENSMUSG00000051098
Ccnd2,ENSMUSG00000000184
Akr1e1,ENSMUSG00000045410
Ipo7,ENSMUSG00000066232
Cntln,ENSMUSG00000038070
Capn3,ENSMUSG00000079110
Ipo8,ENSMUSG00000040029
Ddb1,ENSMUSG00000024740
Fosb,ENSMUSG00000003545
Cetn3,ENSMUSG00000021537
H3f3a,ENSMUSG00000060743
Stat6,ENSMUSG00000002147
Nlrc4,ENSMUSG00000039193
Txlng,ENSMUSG00000038344
Cnot3,ENSMUSG00000035632
Ly86,ENSMUSG00000021423
Yipf4,ENSMUSG00000024072
Klf10,ENSMUSG00000037465
Klf6,ENSMUSG00000000078
Parp11,ENSMUSG00000037997
Tcp1,ENSMUSG00000068039
Maml2,ENSMUSG00000031925
Pitrm1,ENSMUSG00000021193
Ano6,ENSMUSG00000064210
Leng1,ENSMUSG00000078813
Neil1,ENSMUSG00000032298
Usp12,ENSMUSG00000029640
Slc25a15,ENSMUSG00000031482
Isg20,ENSMUSG00000039236
Mrps31,ENSMUSG00000031533
D3Ertd751e,ENSMUSG00000025766
Vps37c,ENSMUSG00000048832
Commd4,ENSMUSG00000032299
Ankrd13b,ENSMUSG00000037907
Fbxl19,ENSMUSG00000030811
Slc20a2,ENSMUSG00000037656
Arhgap12,ENSMUSG00000041225
Cd5,ENSMUSG00000024669
Syap1,ENSMUSG00000031357
Eya1,ENSMUSG00000025932
Clcn3,ENSMUSG00000004319
Arid2,ENSMUSG00000033237
Rbm6,ENSMUSG00000032582
Cd6,ENSMUSG00000024670
Acat3,ENSMUSG00000062480
Frmd4b,ENSMUSG00000030064
Nlrc3,ENSMUSG00000049871
Mcm9,ENSMUSG00000058298
Nprl3,ENSMUSG00000020289
Acat2,ENSMUSG00000023832
Orai3,ENSMUSG00000043964
Scaf11,ENSMUSG00000033228
Ercc1,ENSMUSG00000003549
Slc38a1,ENSMUSG00000023169
Prrg1,ENSMUSG00000047996
Nab2,ENSMUSG00000025402
Pde4d,ENSMUSG00000021699
Slx4,ENSMUSG00000039738
Mtmr2,ENSMUSG00000031918
Slc15a3,ENSMUSG00000024737
Wtap,ENSMUSG00000060475
Hba-a1,ENSMUSG00000069919
Stxbp6,ENSMUSG00000046314
Slc38a2,ENSMUSG00000022462
Asf1a,ENSMUSG00000019857
Tmem132a,ENSMUSG00000024736
Ctps2,ENSMUSG00000031360
Dcaf13,ENSMUSG00000022300
Git1,ENSMUSG00000011877
Tmem109,ENSMUSG00000034659
Ppp1r13l,ENSMUSG00000040734
Sf3b4,ENSMUSG00000068856
Btrc,ENSMUSG00000025217
Alpk1,ENSMUSG00000028028
Caprin2,ENSMUSG00000030309
Tmc4,ENSMUSG00000019734
Fam184a,ENSMUSG00000019856
Mon1a,ENSMUSG00000032583
Trp53i13,ENSMUSG00000044328
Sv2a,ENSMUSG00000038486
Syne2,ENSMUSG00000063450
Amigo2,ENSMUSG00000048218
1700017B05Rik,ENSMUSG00000032300
Sod2,ENSMUSG00000006818
Trap1,ENSMUSG00000005981
Pycr2,ENSMUSG00000026520
Abhd15,ENSMUSG00000000686
Bola1,ENSMUSG00000015943
Rpap3,ENSMUSG00000022466
Mfsd10,ENSMUSG00000001082
Ppcdc,ENSMUSG00000063849
Sh3pxd2b,ENSMUSG00000040711
Tifa,ENSMUSG00000046688
Endou,ENSMUSG00000022468
Pex10,ENSMUSG00000029047
Lefty1,ENSMUSG00000038793
Zfp143,ENSMUSG00000061079
Ap1ar,ENSMUSG00000074238
Rer1,ENSMUSG00000029048
Ptpn4,ENSMUSG00000026384
Nfatc1,ENSMUSG00000033016
Hibadh,ENSMUSG00000029776
Polb,ENSMUSG00000031536
Poll,ENSMUSG00000025218
Ubtd2,ENSMUSG00000044949
Crebbp,ENSMUSG00000022521
Morn1,ENSMUSG00000029049
Tax1bp1,ENSMUSG00000004535
Stk10,ENSMUSG00000020272
Tfam,ENSMUSG00000003923
Prpf19,ENSMUSG00000024735
Taok1,ENSMUSG00000017291
Pabpc4l,ENSMUSG00000090919
Rpp25,ENSMUSG00000062309
Tspan9,ENSMUSG00000030352
Srrm1,ENSMUSG00000028809
Cox5a,ENSMUSG00000000088
Setd1a,ENSMUSG00000042308
Gramd1b,ENSMUSG00000040111
Mtif3,ENSMUSG00000016510
Tmem177,ENSMUSG00000036975
Mon1b,ENSMUSG00000078908
Birc6,ENSMUSG00000024073
Pitx2,ENSMUSG00000028023
Nufip2,ENSMUSG00000037857
Lnx2,ENSMUSG00000016520
Zbtb39,ENSMUSG00000044617
Wee1,ENSMUSG00000031016
Ube2d1,ENSMUSG00000019927
Nop14,ENSMUSG00000036693
Creb5,ENSMUSG00000053007
Swap70,ENSMUSG00000031015
Adcy9,ENSMUSG00000005580
Tmem63a,ENSMUSG00000026519
Cisd1,ENSMUSG00000037710
Mboat7,ENSMUSG00000035596
Tmem164,ENSMUSG00000047045
Fbxw11,ENSMUSG00000020271
Fbxw4,ENSMUSG00000040913
Polr1d,ENSMUSG00000029642
Man1a,ENSMUSG00000003746
Slc7a11,ENSMUSG00000027737
Clcn2,ENSMUSG00000022843
Rreb1,ENSMUSG00000039087
Mfge8,ENSMUSG00000030605
Grk4,ENSMUSG00000052783
Atp9b,ENSMUSG00000024566
Ikbkb,ENSMUSG00000031537
Flt3,ENSMUSG00000042817
Lrp12,ENSMUSG00000022305
Ranbp17,ENSMUSG00000040594
Ski,ENSMUSG00000029050
Kit,ENSMUSG00000005672
Ipmk,ENSMUSG00000060733
Tulp3,ENSMUSG00000001521
Ap1s2,ENSMUSG00000031367
Rapgef3,ENSMUSG00000022469
Npm3,ENSMUSG00000056209
Elovl6,ENSMUSG00000041220
Hsd3b7,ENSMUSG00000042289
Amn1,ENSMUSG00000068250
Zrsr2,ENSMUSG00000031370
Egf,ENSMUSG00000028017
Tmem37,ENSMUSG00000050777
Srl,ENSMUSG00000022519
Nvl,ENSMUSG00000026516
Cep57,ENSMUSG00000031922
Ube2o,ENSMUSG00000020802
Necab3,ENSMUSG00000027489
Polr2h,ENSMUSG00000021018
Ms4a4c,ENSMUSG00000024675
Tet3,ENSMUSG00000034832
Ms4a4b,ENSMUSG00000056290
Car5b,ENSMUSG00000031373
Tfap4,ENSMUSG00000005718
Cnih4,ENSMUSG00000062169
Ms4a6c,ENSMUSG00000079419
Mitf,ENSMUSG00000035158
Siah1b,ENSMUSG00000040749
Gapt,ENSMUSG00000046006
Abhd2,ENSMUSG00000039202
Gm8369,ENSMUSG00000058470
Plk2,ENSMUSG00000021701
Gls,ENSMUSG00000026103
Glis2,ENSMUSG00000014303
Pam16,ENSMUSG00000014301
Msl3l2,ENSMUSG00000047669
Suv39h1,ENSMUSG00000039231
Gja1,ENSMUSG00000050953
Ssb,ENSMUSG00000068882
Stx1b,ENSMUSG00000030806
Nek1,ENSMUSG00000031644
Ssr1,ENSMUSG00000021427
Zwint,ENSMUSG00000019923
Tsen34,ENSMUSG00000035585
Gak,ENSMUSG00000062234
Mbp,ENSMUSG00000041607
Coro7,ENSMUSG00000039637
G2e3,ENSMUSG00000035293
Was,ENSMUSG00000031165
Cage1,ENSMUSG00000044566
Rcan3,ENSMUSG00000059713
Naca,ENSMUSG00000061315
Ankrd35,ENSMUSG00000038354
Dmd,ENSMUSG00000045103
Riok1,ENSMUSG00000021428
Prkcq,ENSMUSG00000026778
Rraga,ENSMUSG00000070934
Hsf2,ENSMUSG00000019878
Stx4a,ENSMUSG00000030805
Prkcz,ENSMUSG00000029053
Pias3,ENSMUSG00000028101
Mpi,ENSMUSG00000032306
Rps9,ENSMUSG00000006333
Ptges3,ENSMUSG00000071072
Scamp2,ENSMUSG00000040188
Mettl5,ENSMUSG00000051730
Gpbp1,ENSMUSG00000032745
Vasn,ENSMUSG00000039646
Fam76b,ENSMUSG00000037808
E2f1,ENSMUSG00000027490
Serinc1,ENSMUSG00000019877
Zfp668,ENSMUSG00000049728
Haus6,ENSMUSG00000038047
Zfp646,ENSMUSG00000049739
Pxmp4,ENSMUSG00000000876
Zfp106,ENSMUSG00000027288
Foxm1,ENSMUSG00000001517
Ulk3,ENSMUSG00000032308
Pkib,ENSMUSG00000019876
Nipal3,ENSMUSG00000028803
Htt,ENSMUSG00000029104
Nab1,ENSMUSG00000002881
Lman2,ENSMUSG00000021484
Tab3,ENSMUSG00000035476
Scfd1,ENSMUSG00000020952
Mthfs,ENSMUSG00000066442
Slc48a1,ENSMUSG00000081534
Wdr13,ENSMUSG00000031166
Oxr1,ENSMUSG00000022307
Ap3m2,ENSMUSG00000031539
Naa15,ENSMUSG00000063273
Dnaja3,ENSMUSG00000004069
Pfkp,ENSMUSG00000021196
Hps6,ENSMUSG00000074811
Dguok,ENSMUSG00000014554
Plin2,ENSMUSG00000028494
Sh3rf1,ENSMUSG00000031642
H2-M3,ENSMUSG00000016206
Wdr26,ENSMUSG00000038733
Tmed3,ENSMUSG00000032353
Mthfd1,ENSMUSG00000021048
Smpdl3a,ENSMUSG00000019872
Itch,ENSMUSG00000027598
St7,ENSMUSG00000029534
Cbr4,ENSMUSG00000031641
Wwox,ENSMUSG00000004637
Tmtc2,ENSMUSG00000036019
Ttc27,ENSMUSG00000024078
Kdr,ENSMUSG00000062960
Vkorc1,ENSMUSG00000096145
Zfp91,ENSMUSG00000024695
Gcc2,ENSMUSG00000038039
Csk,ENSMUSG00000032312
Akap5,ENSMUSG00000021057
Lpxn,ENSMUSG00000024696
Maf,ENSMUSG00000055435
Zbtb25,ENSMUSG00000056459
Dennd4c,ENSMUSG00000038024
Cdyl2,ENSMUSG00000031758
Zfp236,ENSMUSG00000041258
Insig2,ENSMUSG00000003721
Zbtb1,ENSMUSG00000033454
Hspa2,ENSMUSG00000059970
Mgst2,ENSMUSG00000074604
Ppp1r36,ENSMUSG00000052221
Nmral1,ENSMUSG00000063445
Maml3,ENSMUSG00000061143
Srd5a3,ENSMUSG00000029233
Dynlrb1,ENSMUSG00000047459
Mfsd6,ENSMUSG00000041439
Polr3c,ENSMUSG00000028099
Map1lc3a,ENSMUSG00000027602
Hmox2,ENSMUSG00000004070
Dusp1,ENSMUSG00000024190
Pigu,ENSMUSG00000038383
Tmem175,ENSMUSG00000013495
Mmachc,ENSMUSG00000028690
Rhbdf2,ENSMUSG00000020806
Rps6,ENSMUSG00000028495
Zfp516,ENSMUSG00000058881
Acer2,ENSMUSG00000038007
Ctsh,ENSMUSG00000032359
Zfp407,ENSMUSG00000048410
Baz2a,ENSMUSG00000040054
Trp53inp2,ENSMUSG00000038375
Ccdc163,ENSMUSG00000028689
Cenpn,ENSMUSG00000031756
Inpp1,ENSMUSG00000026102
Tmem165,ENSMUSG00000029234
Psat1,ENSMUSG00000024640
Alkbh5,ENSMUSG00000042650
Tlk1,ENSMUSG00000041997
Ergic1,ENSMUSG00000001576
Cndp2,ENSMUSG00000024644
Hibch,ENSMUSG00000041426
Pir,ENSMUSG00000031379
St6galnac2,ENSMUSG00000057286
Dmtf1,ENSMUSG00000042508
Palld,ENSMUSG00000058056
Morf4l1,ENSMUSG00000062270
Srsf10,ENSMUSG00000028676
Mgrn1,ENSMUSG00000022517
Ccdc93,ENSMUSG00000026339
Cep78,ENSMUSG00000041491
Ostc,ENSMUSG00000041084
Llgl1,ENSMUSG00000020536
Foxo1,ENSMUSG00000044167
Rnf115,ENSMUSG00000028098
Gnaq,ENSMUSG00000024639
Ncoa6,ENSMUSG00000038369
Gna14,ENSMUSG00000024697
Prune2,ENSMUSG00000039126
Atp6v0e,ENSMUSG00000015575
Rpl34,ENSMUSG00000062006
Txndc5,ENSMUSG00000038991
1700019D03Rik,ENSMUSG00000043629
Glrx5,ENSMUSG00000021102
Mxra7,ENSMUSG00000020814
Angpt1,ENSMUSG00000022309
Atg2b,ENSMUSG00000041341
Jmjd6,ENSMUSG00000056962
Ddx18,ENSMUSG00000001674
Gcnt1,ENSMUSG00000038843
Eif3e,ENSMUSG00000022336
Mettl8,ENSMUSG00000041975
Bnip1,ENSMUSG00000024191
Rfk,ENSMUSG00000024712
Pnrc2,ENSMUSG00000028675
Arid3b,ENSMUSG00000004661
Ddx60,ENSMUSG00000037921
Socs6,ENSMUSG00000056153
Gpr89,ENSMUSG00000028096
Cab39,ENSMUSG00000036707
Tmem74,ENSMUSG00000054409
Cnr2,ENSMUSG00000062585
Fuca1,ENSMUSG00000028673
Rttn,ENSMUSG00000023066
Hdac7,ENSMUSG00000022475
Gm16861,ENSMUSG00000097397
Nudt16l1,ENSMUSG00000022516
Flii,ENSMUSG00000002812
Tesk2,ENSMUSG00000033985
Itm2c,ENSMUSG00000026223
Cog6,ENSMUSG00000027742
Fut8,ENSMUSG00000021065
Kifc5b,ENSMUSG00000024301
Ehhadh,ENSMUSG00000022853
Lims1,ENSMUSG00000019920
Tbcel,ENSMUSG00000037287
Fam120b,ENSMUSG00000014763
Mllt3,ENSMUSG00000028496
Gphn,ENSMUSG00000047454
Dcaf17,ENSMUSG00000041966
Mettl22,ENSMUSG00000039345
Psmb1,ENSMUSG00000014769
Ostf1,ENSMUSG00000024725
Rbms2,ENSMUSG00000040043
Pank3,ENSMUSG00000018846
Hmgcl,ENSMUSG00000028672
Srsf2,ENSMUSG00000034120
Etv5,ENSMUSG00000013089
Cnnm2,ENSMUSG00000064105
Piga,ENSMUSG00000031381
Gale,ENSMUSG00000028671
Wdr37,ENSMUSG00000021147
Ubl7,ENSMUSG00000055720
Toe1,ENSMUSG00000028688
Ube2w,ENSMUSG00000025939
Atp6v1d,ENSMUSG00000021114
Stambp,ENSMUSG00000006906
Tmx3,ENSMUSG00000024614
Vps35,ENSMUSG00000031696
D030056L22Rik,ENSMUSG00000047044
Eif2s1,ENSMUSG00000021116
Mfsd11,ENSMUSG00000020818
Eif6,ENSMUSG00000027613
Tmem229b,ENSMUSG00000046157
Bicd1,ENSMUSG00000003452
Lypla2,ENSMUSG00000028670
Papola,ENSMUSG00000021111
Sema7a,ENSMUSG00000038264
Rbbp8,ENSMUSG00000041238
Stk17b,ENSMUSG00000026094
Plcg2,ENSMUSG00000034330
Crebzf,ENSMUSG00000051451
Tmem186,ENSMUSG00000043140
Actr3,ENSMUSG00000026341
Dgkg,ENSMUSG00000022861
Nhlrc3,ENSMUSG00000042997
Tmem126a,ENSMUSG00000030615
Sdr42e1,ENSMUSG00000034308
Tmem126b,ENSMUSG00000030614
Hadh,ENSMUSG00000027984
Mutyh,ENSMUSG00000028687
Orc6,ENSMUSG00000031697
Bckdk,ENSMUSG00000030802
Nt5c2,ENSMUSG00000025041
Il6st,ENSMUSG00000021756
Pan3,ENSMUSG00000029647
Cyp2u1,ENSMUSG00000027983
Cables1,ENSMUSG00000040957
Mphosph6,ENSMUSG00000031843
Pmm2,ENSMUSG00000022711
Top3a,ENSMUSG00000002814
Hpdl,ENSMUSG00000043155
Capn12,ENSMUSG00000054083
Itfg2,ENSMUSG00000001518
Phf1,ENSMUSG00000024193
Rbm3,ENSMUSG00000031167
Carhsp1,ENSMUSG00000008393
Slc35f5,ENSMUSG00000026342
Ampd3,ENSMUSG00000005686
Tbccd1,ENSMUSG00000004462
Papss1,ENSMUSG00000028032
Vdr,ENSMUSG00000022479
Cyp11a1,ENSMUSG00000032323
Tmem70,ENSMUSG00000025940
Eef1e1,ENSMUSG00000001707
Fkbp4,ENSMUSG00000030357
Spryd4,ENSMUSG00000051346
Tbc1d2b,ENSMUSG00000037410
Mef2c,ENSMUSG00000005583
Ly96,ENSMUSG00000025779
Pcgf6,ENSMUSG00000025050
Dnajb11,ENSMUSG00000004460
Smcr8,ENSMUSG00000049323
Tmem106c,ENSMUSG00000052369
Arhgef12,ENSMUSG00000059495
Mat2b,ENSMUSG00000042032
Taf5,ENSMUSG00000025049
Mylk3,ENSMUSG00000031698
Sowahc,ENSMUSG00000098188
Riok3,ENSMUSG00000024404
Ufm1,ENSMUSG00000027746
Usp7,ENSMUSG00000022710
Pdcd11,ENSMUSG00000025047
Dgkq,ENSMUSG00000004815
Rnf141,ENSMUSG00000030788
Cuta,ENSMUSG00000024194
Tex261,ENSMUSG00000014748
Chn2,ENSMUSG00000004633
Sec14l1,ENSMUSG00000020823
Aimp1,ENSMUSG00000028029
Pter,ENSMUSG00000026730
Rpl11,ENSMUSG00000059291
Prss36,ENSMUSG00000070371
Calhm2,ENSMUSG00000033033
Tbp,ENSMUSG00000014767
Rsu1,ENSMUSG00000026727
Pigh,ENSMUSG00000021120
Anxa1,ENSMUSG00000024659
Id3,ENSMUSG00000007872
E2f2,ENSMUSG00000018983
Vti1b,ENSMUSG00000021124
4921524J17Rik,ENSMUSG00000036934
Fanci,ENSMUSG00000039187
Urod,ENSMUSG00000028684
Hmmr,ENSMUSG00000020330
Oaf,ENSMUSG00000032014
Clock,ENSMUSG00000029238
Rdh11,ENSMUSG00000066441
P4ha1,ENSMUSG00000019916
Gpt2,ENSMUSG00000031700
Crispld1,ENSMUSG00000025776
Tbck,ENSMUSG00000028030
Nudcd2,ENSMUSG00000020328
Dync1i2,ENSMUSG00000027012
Tbc1d25,ENSMUSG00000039201
Shmt1,ENSMUSG00000020534
Fam98a,ENSMUSG00000002017
Rdh12,ENSMUSG00000021123
Npc1,ENSMUSG00000024413
Ccdc150,ENSMUSG00000025983
Vrk1,ENSMUSG00000021115
Dnaja2,ENSMUSG00000031701
Pdcd2,ENSMUSG00000014771
Klhl2,ENSMUSG00000031605
Ankrd29,ENSMUSG00000057766
Neurl1a,ENSMUSG00000006435
Crisp2,ENSMUSG00000023930
Ebp,ENSMUSG00000031168
Hectd3,ENSMUSG00000046861
Neto2,ENSMUSG00000036902
Prr15,ENSMUSG00000045725
Nagk,ENSMUSG00000034744
Aldh1a1,ENSMUSG00000053279
Ccng1,ENSMUSG00000020326
Gtf3c3,ENSMUSG00000041303
Ppp1r12a,ENSMUSG00000019907
Actn4,ENSMUSG00000054808
Aldh1a7,ENSMUSG00000024747
Prdm9,ENSMUSG00000051977
Paip2b,ENSMUSG00000045896
Itfg1,ENSMUSG00000031703
Dhrs7b,ENSMUSG00000042569
Zfp46,ENSMUSG00000051351
Tmem11,ENSMUSG00000043284
Tmem192,ENSMUSG00000025521
Sh3pxd2a,ENSMUSG00000053617
Hnrnpr,ENSMUSG00000066037
Crim1,ENSMUSG00000024074
Fkbp14,ENSMUSG00000038074
Thy1,ENSMUSG00000032011
Zfand5,ENSMUSG00000024750
Ttc39c,ENSMUSG00000024424
Pomp,ENSMUSG00000029649
Slc9a9,ENSMUSG00000031129
Zfyve26,ENSMUSG00000066440
Mtm1,ENSMUSG00000031337
Notch2,ENSMUSG00000027878
Idua,ENSMUSG00000033540
Map2k3,ENSMUSG00000018932
Slk,ENSMUSG00000025060
Chd1,ENSMUSG00000023852
Cabyr,ENSMUSG00000024430
Mgat5,ENSMUSG00000036155
Sh2d4a,ENSMUSG00000053886
Csgalnact1,ENSMUSG00000036356
Slc36a4,ENSMUSG00000043885
Plekha8,ENSMUSG00000005225
Eif3k,ENSMUSG00000053565
Slc46a3,ENSMUSG00000029650
Usp2,ENSMUSG00000032010
Nubp1,ENSMUSG00000022503
Pira2,ENSMUSG00000089942
Fez2,ENSMUSG00000056121
Ctr9,ENSMUSG00000005609
Znrf2,ENSMUSG00000058446
Dcaf5,ENSMUSG00000049106
Osbpl1a,ENSMUSG00000044252
Ints10,ENSMUSG00000031864
Exd2,ENSMUSG00000032705
Trp53bp2,ENSMUSG00000026510
Tusc1,ENSMUSG00000054000
Plaa,ENSMUSG00000028577
Tnrc6c,ENSMUSG00000025571
Nod1,ENSMUSG00000038058
Erh,ENSMUSG00000021131
Eif3h,ENSMUSG00000022312
Ciita,ENSMUSG00000022504
Polg,ENSMUSG00000039176
Ift74,ENSMUSG00000028576
Glt8d1,ENSMUSG00000021916
Gemin8,ENSMUSG00000040621
Slc39a9,ENSMUSG00000048833
Zfp960,ENSMUSG00000096696
Zfp97,ENSMUSG00000095990
Vit,ENSMUSG00000024076
Utp23,ENSMUSG00000022313
Gstcd,ENSMUSG00000028018
Pola1,ENSMUSG00000006678
Rad21,ENSMUSG00000022314
Ggct,ENSMUSG00000002797
Il31ra,ENSMUSG00000050377
Ccnt2,ENSMUSG00000026349
E2f7,ENSMUSG00000020185
Rnf220,ENSMUSG00000028677
Srsf5,ENSMUSG00000021134
Med30,ENSMUSG00000038622
Rnf26,ENSMUSG00000053128
Fgfrl1,ENSMUSG00000008090
Ext1,ENSMUSG00000061731
Mtmr1,ENSMUSG00000015214
Ints12,ENSMUSG00000028016
Cd2ap,ENSMUSG00000061665
Samd12,ENSMUSG00000058656
Il17f,ENSMUSG00000041872
Sfr1,ENSMUSG00000025066
Gnl3,ENSMUSG00000042354
Ankrd44,ENSMUSG00000052331
Lpl,ENSMUSG00000015568
Tmem79,ENSMUSG00000001420
Timeless,ENSMUSG00000039994
Ppa2,ENSMUSG00000028013
Rgs12,ENSMUSG00000029101
Tnfrsf21,ENSMUSG00000023915
Gsto1,ENSMUSG00000025068
Strn,ENSMUSG00000024077
Klrb1f,ENSMUSG00000030154
Gsto2,ENSMUSG00000025069
Tmem161b,ENSMUSG00000035762
Ephb2,ENSMUSG00000028664
Slc18a1,ENSMUSG00000036330
Smg5,ENSMUSG00000001415
Map4k1,ENSMUSG00000037337
Trdmt1,ENSMUSG00000026723
Atp6v1b2,ENSMUSG00000006273
Slc35b3,ENSMUSG00000021432
Porcn,ENSMUSG00000031169
Smoc1,ENSMUSG00000021136
Ncl,ENSMUSG00000026234
Slc25a12,ENSMUSG00000027010
Pwwp2a,ENSMUSG00000044950
Lzts1,ENSMUSG00000036306
Ttc1,ENSMUSG00000041278
Dexi,ENSMUSG00000038055
Zfp930,ENSMUSG00000059897
Eif4a2,ENSMUSG00000022884
Gmip,ENSMUSG00000036246
Capn2,ENSMUSG00000026509
C1qb,ENSMUSG00000036905
Ublcp1,ENSMUSG00000041231
Tet2,ENSMUSG00000040943
Hat1,ENSMUSG00000027018
Rnf145,ENSMUSG00000019189
Clec2d,ENSMUSG00000030157
Ccnh,ENSMUSG00000021548
Zbtb40,ENSMUSG00000060862
Xpnpep1,ENSMUSG00000025027
Vim,ENSMUSG00000026728
Dlg2,ENSMUSG00000052572
Evl,ENSMUSG00000021262
Tek,ENSMUSG00000006386
Mcm3,ENSMUSG00000041859
Wars2,ENSMUSG00000004233
Lpar2,ENSMUSG00000031861
Cd69,ENSMUSG00000030156
Ddx4,ENSMUSG00000021758
Islr,ENSMUSG00000037206
Naglu,ENSMUSG00000001751
Chordc1,ENSMUSG00000001774
Pbx4,ENSMUSG00000031860
Taf2,ENSMUSG00000037343
Hsd17b1,ENSMUSG00000019301
Aqp1,ENSMUSG00000004655
Coasy,ENSMUSG00000001755
Pmf1,ENSMUSG00000028066
Exoc5,ENSMUSG00000061244
Metap1d,ENSMUSG00000041921
Sf3b1,ENSMUSG00000025982
Ing3,ENSMUSG00000029670
Amot,ENSMUSG00000041688
Ndufa13,ENSMUSG00000036199
Dscc1,ENSMUSG00000022422
Tssk6,ENSMUSG00000047654
Clint1,ENSMUSG00000006169
Ptma,ENSMUSG00000026238
Slc25a44,ENSMUSG00000050144
Wnt4,ENSMUSG00000036856
Deptor,ENSMUSG00000022419
Mtus2,ENSMUSG00000029651
Slc38a9,ENSMUSG00000047789
Cdc42,ENSMUSG00000006699
Paqr8,ENSMUSG00000025931
Itga6,ENSMUSG00000027111
Snx20,ENSMUSG00000031662
Efhc1,ENSMUSG00000041809
Gatad2a,ENSMUSG00000036180
Cd99l2,ENSMUSG00000035776
Pde6d,ENSMUSG00000026239
Lsm11,ENSMUSG00000044847
Naa30,ENSMUSG00000036282
Mrpl13,ENSMUSG00000022370
Rfc4,ENSMUSG00000022881
Thg1l,ENSMUSG00000011254
Coq10b,ENSMUSG00000025981
Add3,ENSMUSG00000025026
Rasa1,ENSMUSG00000021549
Cenpe,ENSMUSG00000045328
Ggnbp1,ENSMUSG00000048731
Yy1,ENSMUSG00000021264
Tram2,ENSMUSG00000041779
Mlx,ENSMUSG00000017801
St6gal1,ENSMUSG00000022885
Slc25a29,ENSMUSG00000021265
Heatr5b,ENSMUSG00000039414
Cox16,ENSMUSG00000091803
Rab3gap1,ENSMUSG00000036104
Fggy,ENSMUSG00000028573
Hgfac,ENSMUSG00000029102
Wdr3,ENSMUSG00000033285
Cox7c,ENSMUSG00000017778
Ftsj1,ENSMUSG00000031171
Cysltr2,ENSMUSG00000033470
Tmem14a,ENSMUSG00000025933
Adam4,ENSMUSG00000072972
Slc25a47,ENSMUSG00000048856
Csrp2,ENSMUSG00000020186
Cops7b,ENSMUSG00000026240
Bdh2,ENSMUSG00000028167
Mcrs1,ENSMUSG00000037570
Synj2bp,ENSMUSG00000090935
Bak1,ENSMUSG00000057789
Impact,ENSMUSG00000024423
Eif4g2,ENSMUSG00000005610
Rasal2,ENSMUSG00000070565
Slc7a1,ENSMUSG00000041313
Rtp4,ENSMUSG00000033355
Hmgb3,ENSMUSG00000015217
Dhx29,ENSMUSG00000042426
Lpp,ENSMUSG00000033306
Mthfd1l,ENSMUSG00000040675
Med6,ENSMUSG00000002679
Fam3c,ENSMUSG00000029672
Hook1,ENSMUSG00000028572
Ank1,ENSMUSG00000031543
Zfp521,ENSMUSG00000024420
Map3k9,ENSMUSG00000042724
Psmc3ip,ENSMUSG00000019303
Prpf40b,ENSMUSG00000023007
Ubl3,ENSMUSG00000001687
Hspd1,ENSMUSG00000025980
Pdk1,ENSMUSG00000006494
Ss18,ENSMUSG00000037013
Lrpap1,ENSMUSG00000029103
Itpr3,ENSMUSG00000042644
Gabarapl1,ENSMUSG00000030161
Hspe1,ENSMUSG00000073676
Clec16a,ENSMUSG00000068663
Cisd2,ENSMUSG00000028165
Gsta3,ENSMUSG00000025934
Ppip5k1,ENSMUSG00000033526
Gdap2,ENSMUSG00000027865
Foxp1,ENSMUSG00000030067
Rcbtb2,ENSMUSG00000022106
Tubg1,ENSMUSG00000035198
Zranb3,ENSMUSG00000036086
Gpm6b,ENSMUSG00000031342
Sema3d,ENSMUSG00000040254
Gpx8,ENSMUSG00000021760
Arl15,ENSMUSG00000042348
Ulk2,ENSMUSG00000004798
Psma8,ENSMUSG00000036743
Wdr25,ENSMUSG00000040877
Zdhhc17,ENSMUSG00000035798
Dip2c,ENSMUSG00000048264
Ccdc90b,ENSMUSG00000030613
Hmgb1,ENSMUSG00000066551
St3gal3,ENSMUSG00000028538
Taf4b,ENSMUSG00000054321
Begain,ENSMUSG00000040867
Cyfip2,ENSMUSG00000020340
Man1a2,ENSMUSG00000008763
Kctd1,ENSMUSG00000036225
Mob4,ENSMUSG00000025979
Cyp2j6,ENSMUSG00000052914
Lemd2,ENSMUSG00000044857
Fmnl3,ENSMUSG00000023008
Paqr9,ENSMUSG00000064225
Cyp2j9,ENSMUSG00000015224
Slc25a27,ENSMUSG00000023912
Dis3l2,ENSMUSG00000053333
Pml,ENSMUSG00000036986
Zbtb2,ENSMUSG00000075327
Haus1,ENSMUSG00000041840
Rmnd1,ENSMUSG00000019763
Cyp39a1,ENSMUSG00000023963
Kdm4a,ENSMUSG00000033326
Dusp5,ENSMUSG00000034765
Ankrd42,ENSMUSG00000041343
Smc3,ENSMUSG00000024974
Osbpl8,ENSMUSG00000020189
Dlk1,ENSMUSG00000040856
Rftn2,ENSMUSG00000025978
Pkia,ENSMUSG00000027499
Uspl1,ENSMUSG00000041264
Ndufs4,ENSMUSG00000021764
Stoml1,ENSMUSG00000032333
Mars2,ENSMUSG00000046994
Pdcd4,ENSMUSG00000024975
Apoo,ENSMUSG00000079508
Enpp5,ENSMUSG00000023960
Bbs10,ENSMUSG00000035759
Kcnq5,ENSMUSG00000028033
Kif7,ENSMUSG00000050382
Enpp4,ENSMUSG00000023961
Akap10,ENSMUSG00000047804
Txndc11,ENSMUSG00000022498
Tmbim6,ENSMUSG00000023010
Trim45,ENSMUSG00000033233
Clic5,ENSMUSG00000023959
Pan2,ENSMUSG00000005682
Pstpip2,ENSMUSG00000025429
Cacnb2,ENSMUSG00000057914
Ptprf,ENSMUSG00000033295
Trpc1,ENSMUSG00000032839
Maged1,ENSMUSG00000025151
Crem,ENSMUSG00000063889
Cdc42ep3,ENSMUSG00000036533
Ppp2r1a,ENSMUSG00000007564
Itk,ENSMUSG00000020395
Sipa1l1,ENSMUSG00000042700
Zc3h7a,ENSMUSG00000037965
Pcf11,ENSMUSG00000041328
Il7,ENSMUSG00000040329
Tmsb4x,ENSMUSG00000049775
Plcl1,ENSMUSG00000038349
Alox5ap,ENSMUSG00000060063
Pitpnm2,ENSMUSG00000029406
9430015G10Rik,ENSMUSG00000059939
Tlr7,ENSMUSG00000044583
Usp47,ENSMUSG00000059263
R3hdm1,ENSMUSG00000056211
Ttf2,ENSMUSG00000033222
Rb1,ENSMUSG00000022105
Zfp160,ENSMUSG00000067942
Prps2,ENSMUSG00000025742
Pls1,ENSMUSG00000049493
Dynlt3,ENSMUSG00000031176
Xrcc4,ENSMUSG00000021615
Nckap5l,ENSMUSG00000023009
Med7,ENSMUSG00000020397
Nfia,ENSMUSG00000028565
Htr2a,ENSMUSG00000034997
Sema4a,ENSMUSG00000028064
Pbrm1,ENSMUSG00000042323
Runx2,ENSMUSG00000039153
Lima1,ENSMUSG00000023022
Havcr2,ENSMUSG00000020399
Tmem167,ENSMUSG00000012422
Zfp317,ENSMUSG00000057551
Rsl1d1,ENSMUSG00000005846
Cbl,ENSMUSG00000034342
Rps23,ENSMUSG00000049517
Esr1,ENSMUSG00000019768
Atg10,ENSMUSG00000021619
Ezh1,ENSMUSG00000006920
Catsper2,ENSMUSG00000033486
Rab10,ENSMUSG00000020671
Mocs2,ENSMUSG00000015536
Kif3c,ENSMUSG00000020668
Larp4,ENSMUSG00000023025
Nsun6,ENSMUSG00000026707
Cnpy2,ENSMUSG00000025381
Ubxn4,ENSMUSG00000026353
Asxl2,ENSMUSG00000037486
Cs,ENSMUSG00000005683
Mid1ip1,ENSMUSG00000008035
Zfp677,ENSMUSG00000062743
Sec16b,ENSMUSG00000026589
Zfp54,ENSMUSG00000023882
Coq10a,ENSMUSG00000039914
Zfp51,ENSMUSG00000023892
Zfp560,ENSMUSG00000045519
Dip2b,ENSMUSG00000023026
Pdia3,ENSMUSG00000027248
Zc3h12b,ENSMUSG00000035045
Ankrd52,ENSMUSG00000014498
Zfp53,ENSMUSG00000057409
Eif4e3,ENSMUSG00000093661
Las1l,ENSMUSG00000057421
Szt2,ENSMUSG00000033253
Atr,ENSMUSG00000032409
Pex11a,ENSMUSG00000030545
Arl5b,ENSMUSG00000017418
Zfp52,ENSMUSG00000051341
Ramp2,ENSMUSG00000001240
Itga2,ENSMUSG00000015533
Mphosph9,ENSMUSG00000038126
Zfp948,ENSMUSG00000067931
Nap1l1,ENSMUSG00000058799
Cdc5l,ENSMUSG00000023932
Msn,ENSMUSG00000031207
Prcp,ENSMUSG00000061119
Aars2,ENSMUSG00000023938
Klrk1,ENSMUSG00000030149
Serf2,ENSMUSG00000074884
Vps25,ENSMUSG00000078656
Tm2d1,ENSMUSG00000028563
Mrps28,ENSMUSG00000040269
Fbrsl1,ENSMUSG00000043323
Srsf7,ENSMUSG00000024097
Ssbp2,ENSMUSG00000003992
Mfap1b,ENSMUSG00000048222
Slc4a8,ENSMUSG00000023032
Med8,ENSMUSG00000006392
Ube2d3,ENSMUSG00000078578
Mfap1a,ENSMUSG00000068479
Mcm6,ENSMUSG00000026355
Plxdc2,ENSMUSG00000026748
Elovl1,ENSMUSG00000006390
Gspt1,ENSMUSG00000062203
Nfkbie,ENSMUSG00000023947
Ap3s2,ENSMUSG00000063801
Specc1,ENSMUSG00000042331
Slc35b2,ENSMUSG00000037089
Zfp26,ENSMUSG00000063108
Rapgef4,ENSMUSG00000049044
Mical2,ENSMUSG00000038244
Phlda1,ENSMUSG00000020205
Cdc20,ENSMUSG00000006398
Hsp90ab1,ENSMUSG00000023944
Zfp426,ENSMUSG00000059475
Pelo,ENSMUSG00000042275
Agrn,ENSMUSG00000041936
Fry,ENSMUSG00000056602
Krr1,ENSMUSG00000063334
Gm6225,ENSMUSG00000097746
Apol10b,ENSMUSG00000050014
Cul2,ENSMUSG00000024231
Cxcr4,ENSMUSG00000045382
Apol7e,ENSMUSG00000071716
Nlrx1,ENSMUSG00000032109
Apol9b,ENSMUSG00000068246
Snx29,ENSMUSG00000071669
Zcchc9,ENSMUSG00000021621
Myh9,ENSMUSG00000022443
Zmynd11,ENSMUSG00000021156
Igsf3,ENSMUSG00000042035
Zfp266,ENSMUSG00000060510
Map4k3,ENSMUSG00000024242
Glipr1,ENSMUSG00000056888
Zfp846,ENSMUSG00000058192
Hlx,ENSMUSG00000039377
Manba,ENSMUSG00000028164
Cpped1,ENSMUSG00000065979
Eif4e2,ENSMUSG00000026254
Dtnb,ENSMUSG00000071454
Rybp,ENSMUSG00000072872
Glipr1l1,ENSMUSG00000020213
Txn2,ENSMUSG00000005354
Bcl3,ENSMUSG00000053175
Rnf41,ENSMUSG00000025373
Foxred2,ENSMUSG00000016552
Il1rap,ENSMUSG00000022514
Zfp710,ENSMUSG00000048897
Bambi,ENSMUSG00000024232
Atp1a1,ENSMUSG00000033161
Eif3d,ENSMUSG00000016554
Snrpc,ENSMUSG00000024217
Syne1,ENSMUSG00000096054
Svil,ENSMUSG00000024236
Thumpd2,ENSMUSG00000024246
Shq1,ENSMUSG00000035378
Lmna,ENSMUSG00000028063
Ift27,ENSMUSG00000016637
Ar,ENSMUSG00000046532
Wdr76,ENSMUSG00000027242
Ddx3x,ENSMUSG00000000787
Mpl,ENSMUSG00000006389
Fbxl12,ENSMUSG00000066892
Ercc4,ENSMUSG00000022545
Ncf4,ENSMUSG00000071715
Taf11,ENSMUSG00000024218
Pvr,ENSMUSG00000040511
Ophn1,ENSMUSG00000031214
Adpgk,ENSMUSG00000025236
Csf2rb2,ENSMUSG00000071714
Ogfrl1,ENSMUSG00000026158
Anks1,ENSMUSG00000024219
Idh2,ENSMUSG00000030541
B3gat2,ENSMUSG00000026156
Isg15,ENSMUSG00000035692
Nebl,ENSMUSG00000053702
Tie1,ENSMUSG00000033191
Adora2b,ENSMUSG00000018500
Slc22a15,ENSMUSG00000033147
Yipf6,ENSMUSG00000047694
Csf2rb,ENSMUSG00000071713
Parn,ENSMUSG00000022685
2610528J11Rik,ENSMUSG00000028536
Stard8,ENSMUSG00000031216
Mex3a,ENSMUSG00000074480
Noc2l,ENSMUSG00000095567
Zswim7,ENSMUSG00000014243
Bbs4,ENSMUSG00000025235
Lamtor2,ENSMUSG00000028062
Efnb1,ENSMUSG00000031217
Tpd52,ENSMUSG00000027506
Pja1,ENSMUSG00000034403
Psen1,ENSMUSG00000019969
Ubl5,ENSMUSG00000084786
Rrn3,ENSMUSG00000022682
Cbx2,ENSMUSG00000025577
Eda,ENSMUSG00000059327
Ccdc50,ENSMUSG00000038127
Tgfbi,ENSMUSG00000035493
Esd,ENSMUSG00000021996
Ebna1bp2,ENSMUSG00000028729
Dnajc27,ENSMUSG00000020657
Tcp11,ENSMUSG00000062859
Xrn1,ENSMUSG00000032410
Myct1,ENSMUSG00000046916
Cdca7,ENSMUSG00000055612
Cbx8,ENSMUSG00000025578
Ptgr2,ENSMUSG00000072946
Fbxo5,ENSMUSG00000019773
Tst,ENSMUSG00000044986
Atxn7l3b,ENSMUSG00000074748
Ttc19,ENSMUSG00000042298
Mtrf1l,ENSMUSG00000019774
Mpst,ENSMUSG00000071711
Chl1,ENSMUSG00000030077
Slc2a1,ENSMUSG00000028645
Msh3,ENSMUSG00000014850
Dnajc1,ENSMUSG00000026740
Nt5dc2,ENSMUSG00000071547
Cntd1,ENSMUSG00000078653
Awat2,ENSMUSG00000031220
Cbx4,ENSMUSG00000039989
Sema4b,ENSMUSG00000030539
Ntan1,ENSMUSG00000022681
Tbc1d16,ENSMUSG00000039976
Cask,ENSMUSG00000031012
Eml4,ENSMUSG00000032624
Ubqln4,ENSMUSG00000008604
Zfp691,ENSMUSG00000045268
Rbm39,ENSMUSG00000027620
Adcy3,ENSMUSG00000020654
Becn1,ENSMUSG00000035086
Tbc1d15,ENSMUSG00000020130
Zbtb10,ENSMUSG00000069114
Dhfr,ENSMUSG00000021707
Lrch1,ENSMUSG00000068015
Ssr2,ENSMUSG00000041355
Smap1,ENSMUSG00000026155
Smad5,ENSMUSG00000021540
Zfp704,ENSMUSG00000040209
Zfp438,ENSMUSG00000050945
Rab21,ENSMUSG00000020132
Krt8,ENSMUSG00000049382
Gins4,ENSMUSG00000031546
Kif5b,ENSMUSG00000006740
Nars2,ENSMUSG00000018995
Golga7,ENSMUSG00000015341
Smarcc2,ENSMUSG00000025369
Pag1,ENSMUSG00000027508
Pdxdc1,ENSMUSG00000022680
Krt18,ENSMUSG00000023043
Pin1,ENSMUSG00000032171
Parp8,ENSMUSG00000021725
Hinfp,ENSMUSG00000032119
Eif4b,ENSMUSG00000058655
Ccdc40,ENSMUSG00000039963
Sfrp1,ENSMUSG00000031548
Cib1,ENSMUSG00000030538
Nfkb1,ENSMUSG00000028163
Stab1,ENSMUSG00000042286
Epc1,ENSMUSG00000024240
Arih1,ENSMUSG00000025234
Bbip1,ENSMUSG00000084957
Myo18a,ENSMUSG00000000631
Gab2,ENSMUSG00000004508
Cenpo,ENSMUSG00000020652
Shoc2,ENSMUSG00000024976
Insr,ENSMUSG00000005534
Rab3gap2,ENSMUSG00000039318
Gpam,ENSMUSG00000024978
Hexa,ENSMUSG00000025232
Chd9,ENSMUSG00000056608
Zfp410,ENSMUSG00000042472
Ttll13,ENSMUSG00000045467
Rab18,ENSMUSG00000073639
Gk5,ENSMUSG00000041440
Phf20,ENSMUSG00000038116
Igbp1,ENSMUSG00000031221
Kctd21,ENSMUSG00000044952
Ngrn,ENSMUSG00000047084
Fabp5,ENSMUSG00000027533
Alg8,ENSMUSG00000035704
Brca2,ENSMUSG00000041147
Emb,ENSMUSG00000021728
Lcp1,ENSMUSG00000021998
Scand1,ENSMUSG00000046229
Magohb,ENSMUSG00000030188
Ndufc2,ENSMUSG00000030647
Tmem19,ENSMUSG00000069520
Tspan2,ENSMUSG00000027858
Kctd14,ENSMUSG00000051727
Maoa,ENSMUSG00000025037
Mpp7,ENSMUSG00000057440
Zfyve16,ENSMUSG00000021706
Fam161b,ENSMUSG00000021234
Slc29a1,ENSMUSG00000023942
Vps33b,ENSMUSG00000030534
Acsl5,ENSMUSG00000024981
Slc39a8,ENSMUSG00000053897
Ncoa1,ENSMUSG00000020647
Serinc5,ENSMUSG00000021703
Mpv17l,ENSMUSG00000022679
Fam135a,ENSMUSG00000026153
Spryd3,ENSMUSG00000036966
C2cd2l,ENSMUSG00000032120
Mrps30,ENSMUSG00000021731
N4bp2l1,ENSMUSG00000041132
Thap2,ENSMUSG00000020137
Zfc3h1,ENSMUSG00000034163
Zdhhc6,ENSMUSG00000024982
Afap1,ENSMUSG00000029094
Zc3h13,ENSMUSG00000022000
Soat2,ENSMUSG00000023045
Pdzd11,ENSMUSG00000015668
Mtx3,ENSMUSG00000021704
Pde1c,ENSMUSG00000004347
Ints4,ENSMUSG00000025133
Nol12,ENSMUSG00000033099
Efhc2,ENSMUSG00000025038
Csad,ENSMUSG00000023044
N4bp2l2,ENSMUSG00000029655
Impa1,ENSMUSG00000027531
Myl6,ENSMUSG00000090841
Cog3,ENSMUSG00000034893
Kif4,ENSMUSG00000034311
Dpagt1,ENSMUSG00000032123
Wac,ENSMUSG00000024283
Fundc1,ENSMUSG00000025040
Rccd1,ENSMUSG00000038930
Bank1,ENSMUSG00000037922
Grpel1,ENSMUSG00000029198
Itsn2,ENSMUSG00000020640
Ola1,ENSMUSG00000027108
Tada2b,ENSMUSG00000029196
Atp6v0a2,ENSMUSG00000038023
Tpt1,ENSMUSG00000060126
Ermap,ENSMUSG00000028644
Myl6b,ENSMUSG00000039824
Gtf2f2,ENSMUSG00000067995
Lgr5,ENSMUSG00000020140
Dlg3,ENSMUSG00000000881
Vti1a,ENSMUSG00000024983
4930523C07Rik,ENSMUSG00000090394
Rbl2,ENSMUSG00000031666
Nufip1,ENSMUSG00000022009
Hmbs,ENSMUSG00000032126
Chka,ENSMUSG00000024843
Nisch,ENSMUSG00000021910
Rsf1,ENSMUSG00000035623
Tspan8,ENSMUSG00000034127
Opa1,ENSMUSG00000038084
Arhgef18,ENSMUSG00000004568
Esyt1,ENSMUSG00000025366
Mtr,ENSMUSG00000021311
Zfp740,ENSMUSG00000046897
Iars2,ENSMUSG00000026618
Kdm6a,ENSMUSG00000037369
Cir1,ENSMUSG00000041777
Tcirg1,ENSMUSG00000001750
AU022252,ENSMUSG00000078584
Ccdc92,ENSMUSG00000037979
Zfp664,ENSMUSG00000079215
Itgb7,ENSMUSG00000001281
Scrn3,ENSMUSG00000008226
Vps11,ENSMUSG00000032127
Usp1,ENSMUSG00000028560
Rarg,ENSMUSG00000001288
Ttc28,ENSMUSG00000033209
Armc3,ENSMUSG00000037683
Parp6,ENSMUSG00000025237
Zc3h10,ENSMUSG00000039810
Fzd8,ENSMUSG00000036904
Pds5b,ENSMUSG00000034021
Rpl41,ENSMUSG00000093674
Ccny,ENSMUSG00000024286
Triobp,ENSMUSG00000033088
Ndufs8,ENSMUSG00000059734
Msrb2,ENSMUSG00000023094
Homer1,ENSMUSG00000007617
Pa2g4,ENSMUSG00000025364
Aldh3b1,ENSMUSG00000024885
Thoc1,ENSMUSG00000024287
Erbb3,ENSMUSG00000018166
Pfn4,ENSMUSG00000020639
Bpnt1,ENSMUSG00000026617
Aktip,ENSMUSG00000031667
Fkbp1b,ENSMUSG00000020635
Acy3,ENSMUSG00000024866
Tsc22d1,ENSMUSG00000022010
Mrps14,ENSMUSG00000058267
Mfsd2b,ENSMUSG00000037336
Rps26,ENSMUSG00000025362
Cacybp,ENSMUSG00000014226
Ikzf4,ENSMUSG00000002578
Gp5,ENSMUSG00000047953
Atp13a3,ENSMUSG00000022533
Otud1,ENSMUSG00000043415
Lrp4,ENSMUSG00000027253
Nudt8,ENSMUSG00000110949
Lsm5,ENSMUSG00000091625
Doc2g,ENSMUSG00000024871
Cox7a2l,ENSMUSG00000024248
Rpgrip1l,ENSMUSG00000033282
Avl9,ENSMUSG00000029787
Ppp3cb,ENSMUSG00000021816
Ndufv1,ENSMUSG00000037916
Slc9a7,ENSMUSG00000037341
Ubxn2a,ENSMUSG00000020634
Mta3,ENSMUSG00000055817
Tfdp2,ENSMUSG00000032411
Suox,ENSMUSG00000049858
Pak1,ENSMUSG00000030774
Rab5b,ENSMUSG00000000711
Kbtbd2,ENSMUSG00000059486
Cdk2,ENSMUSG00000025358
Gpr155,ENSMUSG00000041762
Atad2b,ENSMUSG00000052812
Fkbp9,ENSMUSG00000029781
Csnk1a1,ENSMUSG00000024576
Ybx1,ENSMUSG00000028639
Tmem44,ENSMUSG00000022537
Pitpnb,ENSMUSG00000050017
Jmy,ENSMUSG00000021690
Gstp1,ENSMUSG00000060803
H1f0,ENSMUSG00000096210
Gcat,ENSMUSG00000006378
Zfand1,ENSMUSG00000039795
Pmel,ENSMUSG00000025359
Prc1,ENSMUSG00000038943
Mn1,ENSMUSG00000070576
Ppih,ENSMUSG00000060288
Gstp2,ENSMUSG00000038155
Dgka,ENSMUSG00000025357
Ankrd54,ENSMUSG00000033055
Heatr1,ENSMUSG00000050244
Ppp3ca,ENSMUSG00000028161
Lsg1,ENSMUSG00000022538
Eif3l,ENSMUSG00000033047
Haao,ENSMUSG00000000673
Wdr44,ENSMUSG00000036769
Hgf,ENSMUSG00000028864
Micall1,ENSMUSG00000033039
Zfp36l2,ENSMUSG00000045817
Thada,ENSMUSG00000024251
Snx16,ENSMUSG00000027534
Phf7,ENSMUSG00000021902
Tmem198b,ENSMUSG00000047090
Cdk2ap2,ENSMUSG00000024856
Dnajc14,ENSMUSG00000025354
Hs1bp3,ENSMUSG00000020605
Bzw1,ENSMUSG00000051223
Fam43a,ENSMUSG00000046546
Pitpnm1,ENSMUSG00000024851
1700088E04Rik,ENSMUSG00000033029
Acap2,ENSMUSG00000049076
Rhob,ENSMUSG00000054364
Ctdspl2,ENSMUSG00000033411
Ttc32,ENSMUSG00000066637
Vegfa,ENSMUSG00000023951
Cnksr3,ENSMUSG00000015202
Fto,ENSMUSG00000055932
Arsb,ENSMUSG00000042082
Lhfpl2,ENSMUSG00000045312
Dock7,ENSMUSG00000028556
Aip,ENSMUSG00000024847
Sarnp,ENSMUSG00000078427
Lgals8,ENSMUSG00000057554
Polr2f,ENSMUSG00000033020
Ulbp1,ENSMUSG00000079685
Sike1,ENSMUSG00000027854
Tbc1d14,ENSMUSG00000029192
Pick1,ENSMUSG00000068206
Emcn,ENSMUSG00000054690
Coro1b,ENSMUSG00000024835
Ormdl2,ENSMUSG00000025353
Nt5c3,ENSMUSG00000029780
Ppp1r2,ENSMUSG00000047714
Hyou1,ENSMUSG00000032115
Mrps18a,ENSMUSG00000023967
Mmp2,ENSMUSG00000031740
Ptprcap,ENSMUSG00000045826
Rsph9,ENSMUSG00000023966
Bap1,ENSMUSG00000021901
Rps6kb2,ENSMUSG00000024830
Nbea,ENSMUSG00000027799
Lyplal1,ENSMUSG00000039246
Calcoco1,ENSMUSG00000023055
Scamp1,ENSMUSG00000021687
Mad2l1bp,ENSMUSG00000034509
Sash1,ENSMUSG00000015305
Gtpbp2,ENSMUSG00000023952
Spg11,ENSMUSG00000033396
Lpcat2,ENSMUSG00000033192
Bdh1,ENSMUSG00000046598
Vmn1r4,ENSMUSG00000071893
Gigyf2,ENSMUSG00000048000
Rdh14,ENSMUSG00000020621
Usp54,ENSMUSG00000034235
Gen1,ENSMUSG00000051235
Wipf1,ENSMUSG00000075284
Dlg1,ENSMUSG00000022770
Etv6,ENSMUSG00000030199
Edaradd,ENSMUSG00000095105
Ap3b1,ENSMUSG00000021686
Polh,ENSMUSG00000023953
Nhsl2,ENSMUSG00000079481
Xpo5,ENSMUSG00000067150
Bcl2l14,ENSMUSG00000030200
Stxbp5,ENSMUSG00000019790
Rnmt,ENSMUSG00000009535
Carns1,ENSMUSG00000075289
Atf4,ENSMUSG00000042406
Unc45a,ENSMUSG00000030533
Smc6,ENSMUSG00000020608
Rps19bp1,ENSMUSG00000051518
Patl2,ENSMUSG00000027233
Lrp6,ENSMUSG00000030201
Pin4,ENSMUSG00000079480
Tbc1d10c,ENSMUSG00000040247
Ercc6l,ENSMUSG00000051220
Rps4x,ENSMUSG00000031320
Polr1c,ENSMUSG00000067148
Mc5r,ENSMUSG00000007480
Cdc25c,ENSMUSG00000044201
Rasa2,ENSMUSG00000032413
Trnt1,ENSMUSG00000013736
Hdac8,ENSMUSG00000067567
Dnajb14,ENSMUSG00000074212
Tnrc6b,ENSMUSG00000047888
Akap11,ENSMUSG00000022016
Yipf3,ENSMUSG00000071074
Fam53c,ENSMUSG00000034300
Tshz1,ENSMUSG00000046982
Capn7,ENSMUSG00000021893
Phka1,ENSMUSG00000034055
Zbtb38,ENSMUSG00000040433
Mtpap,ENSMUSG00000024234
Amfr,ENSMUSG00000031751
Slc37a4,ENSMUSG00000032114
Ppp1ca,ENSMUSG00000040385
Ppm1k,ENSMUSG00000037826
Ticam2,ENSMUSG00000056130
Mansc1,ENSMUSG00000032718
Tmed7,ENSMUSG00000033184
Ppm1b,ENSMUSG00000061130
Eif1a,ENSMUSG00000057561
Gpr137b,ENSMUSG00000021306
Commd2,ENSMUSG00000036513
Herc6,ENSMUSG00000029798
Adsl,ENSMUSG00000022407
Nudt21,ENSMUSG00000031754
Prrc1,ENSMUSG00000024594
D5Ertd579e,ENSMUSG00000029190
Sh3bp5,ENSMUSG00000021892
Csde1,ENSMUSG00000068823
Mycn,ENSMUSG00000037169
Dusp16,ENSMUSG00000030203
Ddx1,ENSMUSG00000037149
Ogfod1,ENSMUSG00000033009
Mrfap1,ENSMUSG00000055302
Slc12a2,ENSMUSG00000024597
Clcf1,ENSMUSG00000040663
Pold4,ENSMUSG00000024854
Lyst,ENSMUSG00000019726
Lancl2,ENSMUSG00000062190
Ssh3,ENSMUSG00000034616
Map3k8,ENSMUSG00000024235
Crebl2,ENSMUSG00000032652
Tjap1,ENSMUSG00000012296
Hbegf,ENSMUSG00000024486
Angptl3,ENSMUSG00000028553
Crbn,ENSMUSG00000005362
Nbas,ENSMUSG00000020576
Spry4,ENSMUSG00000024427
Itgb3bp,ENSMUSG00000028549
Rfc3,ENSMUSG00000033970
Inf2,ENSMUSG00000037679
Sgsm3,ENSMUSG00000042303
Bbs2,ENSMUSG00000031755
Man2b2,ENSMUSG00000029119
Vopp1,ENSMUSG00000037788
Ankrd13d,ENSMUSG00000005986
Ccdc30,ENSMUSG00000028637
Trappc4,ENSMUSG00000032112
Mt2,ENSMUSG00000031762
Tpst2,ENSMUSG00000029344
Mt1,ENSMUSG00000031765
Rps25,ENSMUSG00000009927
Prepl,ENSMUSG00000024127
Setmar,ENSMUSG00000034639
Tmem86b,ENSMUSG00000045282
Mettl6,ENSMUSG00000021891
Nup93,ENSMUSG00000032939
Hddc3,ENSMUSG00000030532
B2m,ENSMUSG00000060802
Sumf1,ENSMUSG00000030101
Btbd10,ENSMUSG00000038187
Tfip11,ENSMUSG00000029345
Siva1,ENSMUSG00000064326
Gpr19,ENSMUSG00000032641
Ncbp2,ENSMUSG00000022774
Sord,ENSMUSG00000027227
Eaf1,ENSMUSG00000021890
Akt1,ENSMUSG00000001729
Senp5,ENSMUSG00000022772
Wfs1,ENSMUSG00000039474
Spsb4,ENSMUSG00000046997
Clk1,ENSMUSG00000026034
Kdm2a,ENSMUSG00000054611
2810454H06Rik,ENSMUSG00000100876
Ppp6r1,ENSMUSG00000052296
Zbtb42,ENSMUSG00000037638
Cdkn1b,ENSMUSG00000003031
Pak2,ENSMUSG00000022781
Pld4,ENSMUSG00000052160
Srrd,ENSMUSG00000029346
Abcc10,ENSMUSG00000032842
Rnf13,ENSMUSG00000036503
Apold1,ENSMUSG00000090698
Hps4,ENSMUSG00000042328
Pigx,ENSMUSG00000023791
Ier3ip1,ENSMUSG00000090000
Hdhd2,ENSMUSG00000025421
Rabgap1l,ENSMUSG00000026721
Hspbp1,ENSMUSG00000063802
Senp8,ENSMUSG00000051705
Cdca4,ENSMUSG00000047832
Slc25a36,ENSMUSG00000032449
Gpr132,ENSMUSG00000021298
Jag2,ENSMUSG00000002799
Wdr11,ENSMUSG00000042055
Jakmip1,ENSMUSG00000063646
Etl4,ENSMUSG00000036617
Ndufa5,ENSMUSG00000023089
Ppcs,ENSMUSG00000028636
Nudt14,ENSMUSG00000002804
Bex6,ENSMUSG00000075269
Brf1,ENSMUSG00000011158
Fbxo45,ENSMUSG00000035764
Wdr53,ENSMUSG00000022787
Frmd8,ENSMUSG00000024816
Zbed3,ENSMUSG00000041995
Rnf168,ENSMUSG00000014074
Aggf1,ENSMUSG00000021681
Nmnat3,ENSMUSG00000032456
Man2a2,ENSMUSG00000038886
Btbd6,ENSMUSG00000002803
Ubxn7,ENSMUSG00000053774
Naa16,ENSMUSG00000022020
Slc25a45,ENSMUSG00000024818
Slc25a17,ENSMUSG00000022404
Rbp1,ENSMUSG00000046402
Pacs2,ENSMUSG00000021143
Cd36,ENSMUSG00000002944
Rhox8,ENSMUSG00000064137
B3galnt2,ENSMUSG00000039242
St13,ENSMUSG00000022403
Pfn2,ENSMUSG00000027805
Zfp318,ENSMUSG00000015597
Mtrf1,ENSMUSG00000022022
Pcyt1a,ENSMUSG00000005615
Tigd3,ENSMUSG00000044390
Dpf2,ENSMUSG00000024826
Lrrcc1,ENSMUSG00000027550
Kbtbd7,ENSMUSG00000043881
Wbp4,ENSMUSG00000022023
Cpne2,ENSMUSG00000034361
Rrp15,ENSMUSG00000001305
Elf1,ENSMUSG00000036461
Mta1,ENSMUSG00000021144
Far1,ENSMUSG00000030759
Xpnpep3,ENSMUSG00000022401
Pias2,ENSMUSG00000025423
Sugt1,ENSMUSG00000022024
Raver2,ENSMUSG00000035275
Pola2,ENSMUSG00000024833
Hacl1,ENSMUSG00000021884
Zfp148,ENSMUSG00000022811
Evi5l,ENSMUSG00000011832
Psme3,ENSMUSG00000078652
Jak1,ENSMUSG00000028530
Psmd10,ENSMUSG00000031429
Rbx1,ENSMUSG00000022400
Atg4a,ENSMUSG00000079418
Ep300,ENSMUSG00000055024
Ppil3,ENSMUSG00000026035
Aoc2,ENSMUSG00000078651
F2r,ENSMUSG00000048376
Tbce,ENSMUSG00000039233
Cul9,ENSMUSG00000040327
Gaa,ENSMUSG00000025579
Foxj3,ENSMUSG00000032998
Copb2,ENSMUSG00000032458
Xlr,ENSMUSG00000054626
L3mbtl2,ENSMUSG00000022394
Btd,ENSMUSG00000021900
Mrps22,ENSMUSG00000032459
Crip2,ENSMUSG00000006356
Iqgap2,ENSMUSG00000021676
Matr3,ENSMUSG00000037236
Prkar2a,ENSMUSG00000032601
Crip1,ENSMUSG00000006360
Heg1,ENSMUSG00000075254
Pcdh17,ENSMUSG00000035566
Usp51,ENSMUSG00000067215
Mageh1,ENSMUSG00000047238
Capn1,ENSMUSG00000024942
Eif4a3,ENSMUSG00000025580
Ankrd28,ENSMUSG00000014496
Shf,ENSMUSG00000033256
Tmem121,ENSMUSG00000049036
Plekhg3,ENSMUSG00000052609
Srf,ENSMUSG00000015605
Pgrmc1,ENSMUSG00000006373
Tmem150b,ENSMUSG00000046456
Aarsd1,ENSMUSG00000075528
Bcl9l,ENSMUSG00000063382
Nras,ENSMUSG00000027852
Rc3h1,ENSMUSG00000040423
Ptk7,ENSMUSG00000023972
Akap17b,ENSMUSG00000059708
Syvn1,ENSMUSG00000024807
Hivep3,ENSMUSG00000028634
Muc13,ENSMUSG00000022824
Rras2,ENSMUSG00000055723
Slc25a43,ENSMUSG00000037636
Klc4,ENSMUSG00000003546
F2rl2,ENSMUSG00000021675
Slc25a5,ENSMUSG00000016319
Fes,ENSMUSG00000053158
Ggps1,ENSMUSG00000021302
Ube2a,ENSMUSG00000016308
Dlgap4,ENSMUSG00000061689
Rangap1,ENSMUSG00000022391
Myo9a,ENSMUSG00000039585
Itgb5,ENSMUSG00000022817
Rundc1,ENSMUSG00000035007
Ak4,ENSMUSG00000028527
Mrpl2,ENSMUSG00000002767
Tsc22d2,ENSMUSG00000027806
Sv2c,ENSMUSG00000051111
Serp1,ENSMUSG00000027808
Slc29a3,ENSMUSG00000020100
Tbcc,ENSMUSG00000036430
Nif3l1,ENSMUSG00000026036
Ubr2,ENSMUSG00000023977
Shprh,ENSMUSG00000090112
Rspry1,ENSMUSG00000050079
Dph3,ENSMUSG00000021905
Hnrnpk,ENSMUSG00000021546
Scmh1,ENSMUSG00000000085
Serpinc1,ENSMUSG00000026715
Copb1,ENSMUSG00000030754
Tdrd3,ENSMUSG00000022019
Rpl27,ENSMUSG00000063316
Adh5,ENSMUSG00000028138
Umps,ENSMUSG00000022814
Zc3h7b,ENSMUSG00000022390
Paip2,ENSMUSG00000037058
Ifi35,ENSMUSG00000010358
Nkrf,ENSMUSG00000044149
Psma1,ENSMUSG00000030751
Kalrn,ENSMUSG00000061751
Zbtb37,ENSMUSG00000043467
Vat1,ENSMUSG00000034993
Car13,ENSMUSG00000027555
Mrpl49,ENSMUSG00000007338
Eif2a,ENSMUSG00000027810
Furin,ENSMUSG00000030530
Oxnad1,ENSMUSG00000021906
Fau,ENSMUSG00000038274
Rnd2,ENSMUSG00000001313
Tef,ENSMUSG00000022389
Slc23a1,ENSMUSG00000024354
Orc2,ENSMUSG00000026037
Phf12,ENSMUSG00000037791
Churc1,ENSMUSG00000090258
Tob2,ENSMUSG00000048546
Phf5a,ENSMUSG00000061360
Fntb,ENSMUSG00000033373
Arl2bp,ENSMUSG00000031776
Tm7sf2,ENSMUSG00000024799
Aco2,ENSMUSG00000022477
Faim,ENSMUSG00000032463
Metap1,ENSMUSG00000005813
Spata24,ENSMUSG00000024352
Fbxo30,ENSMUSG00000047648
Pde3b,ENSMUSG00000030671
Slc28a2,ENSMUSG00000027219
Gm1123,ENSMUSG00000044860
Dnajc18,ENSMUSG00000024350
Brca1,ENSMUSG00000017146
Polr3h,ENSMUSG00000022476
Dnajc6,ENSMUSG00000028528
Gpatch2,ENSMUSG00000039210
Kdm5c,ENSMUSG00000025332
Car1,ENSMUSG00000027556
Ecscr,ENSMUSG00000073599
Max,ENSMUSG00000059436
Ddx6,ENSMUSG00000032097
Ncoa4,ENSMUSG00000056234
Pmm1,ENSMUSG00000022474
Tgif2,ENSMUSG00000062175
Car3,ENSMUSG00000027559
Ciapin1,ENSMUSG00000031781
Zfpl1,ENSMUSG00000024792
Coq6,ENSMUSG00000021235
Siah2,ENSMUSG00000036432
Epm2a,ENSMUSG00000055493
Dennd2c,ENSMUSG00000007379
Pcbd1,ENSMUSG00000020098
Cnot6,ENSMUSG00000020362
Cpne5,ENSMUSG00000024008
Cyp2r1,ENSMUSG00000030670
Sgpl1,ENSMUSG00000020097
Pik3cb,ENSMUSG00000032462
Ckap5,ENSMUSG00000040549
Xrcc6,ENSMUSG00000022471
Cdca5,ENSMUSG00000024791
Coq9,ENSMUSG00000031782
Cox6b2,ENSMUSG00000051811
Gfpt2,ENSMUSG00000020363
Ppil1,ENSMUSG00000024007
Ncor1,ENSMUSG00000018501
Sac3d1,ENSMUSG00000024790
Polr2c,ENSMUSG00000031783
Snx15,ENSMUSG00000024787
Blm,ENSMUSG00000030528
Ncor2,ENSMUSG00000029478
BC004004,ENSMUSG00000052712
Car2,ENSMUSG00000027562
Cxxc5,ENSMUSG00000046668
Arl2,ENSMUSG00000024944
Entpd5,ENSMUSG00000021236
Thsd4,ENSMUSG00000032289
Timm23,ENSMUSG00000013701
Utrn,ENSMUSG00000019820
Batf2,ENSMUSG00000039699
Ttc13,ENSMUSG00000037300
Bcas2,ENSMUSG00000005687
Leprot,ENSMUSG00000035212
Fbxo4,ENSMUSG00000022184
Ccdc88b,ENSMUSG00000047810
Iffo2,ENSMUSG00000041025
Eif4e,ENSMUSG00000028156
Oxct1,ENSMUSG00000022186
Ndufb3,ENSMUSG00000026032
Rassf5,ENSMUSG00000026430
Lrrc49,ENSMUSG00000047766
Rps6ka6,ENSMUSG00000025665
Parg,ENSMUSG00000021911
Aldh4a1,ENSMUSG00000028737
Crtc3,ENSMUSG00000030527
Tspan5,ENSMUSG00000028152
Nfyc,ENSMUSG00000032897
Prdx5,ENSMUSG00000024953
Rnf113a2,ENSMUSG00000098134
Aldh6a1,ENSMUSG00000021238
Iqgap1,ENSMUSG00000030536
Arv1,ENSMUSG00000031982
Trmt112,ENSMUSG00000038812
Abcd4,ENSMUSG00000021240
Map2k7,ENSMUSG00000002948
Trim33,ENSMUSG00000033014
Esrra,ENSMUSG00000024955
Stx11,ENSMUSG00000039232
4930503L19Rik,ENSMUSG00000044906
Sf3b5,ENSMUSG00000078348
Lin52,ENSMUSG00000085793
Ccdc14,ENSMUSG00000022833
Bad,ENSMUSG00000024959
Adk,ENSMUSG00000039197
Zscan2,ENSMUSG00000038797
Dicer1,ENSMUSG00000041415
Ikbke,ENSMUSG00000042349
Zfp420,ENSMUSG00000058402
Zfp69,ENSMUSG00000064141
Uaca,ENSMUSG00000034485
Wdr73,ENSMUSG00000025722
Plcb3,ENSMUSG00000024960
Smap2,ENSMUSG00000032870
Mylk,ENSMUSG00000022836
Cyp7b1,ENSMUSG00000039519
Hdx,ENSMUSG00000034551
Arhgef2,ENSMUSG00000028059
Pi16,ENSMUSG00000024011
Fam110c,ENSMUSG00000036136
Cflar,ENSMUSG00000026031
Zmpste24,ENSMUSG00000043207
Zfp27,ENSMUSG00000062040
Zfp383,ENSMUSG00000099689
Nmb,ENSMUSG00000025723
Zfp74,ENSMUSG00000059975
Tmsb15l,ENSMUSG00000072955
Rlf,ENSMUSG00000049878
Skp2,ENSMUSG00000054115
Tmsb15b1,ENSMUSG00000089768
Sec11a,ENSMUSG00000025724
Ppp1r14b,ENSMUSG00000056612
Mtch1,ENSMUSG00000024012
Casp8,ENSMUSG00000026029
Vegfb,ENSMUSG00000024962
Pde4b,ENSMUSG00000028525
Sla2,ENSMUSG00000027636
Tysnd1,ENSMUSG00000020087
Zfp568,ENSMUSG00000074221
Aifm2,ENSMUSG00000020085
Dnajc4,ENSMUSG00000024963
Trak2,ENSMUSG00000026028
Zfp14,ENSMUSG00000053985
Zfp592,ENSMUSG00000005621
Abcg2,ENSMUSG00000029802
F2,ENSMUSG00000027249
Nudt22,ENSMUSG00000037349
Fbxo38,ENSMUSG00000042211
Zbtb33,ENSMUSG00000048047
Sec22a,ENSMUSG00000034473
Phf6,ENSMUSG00000025626
Alpk3,ENSMUSG00000038763
Lmbrd2,ENSMUSG00000039704
Trpt1,ENSMUSG00000047656
Spink10,ENSMUSG00000044176
Pdia5,ENSMUSG00000022844
Srgap2,ENSMUSG00000026425
Zfp82,ENSMUSG00000098022
Fermt3,ENSMUSG00000024965
Zfp408,ENSMUSG00000075040
Ddx47,ENSMUSG00000030204
Stip1,ENSMUSG00000024966
Dld,ENSMUSG00000020664
Lrrk2,ENSMUSG00000036273
Ercc6,ENSMUSG00000054051
Sox6,ENSMUSG00000051910
Cpeb3,ENSMUSG00000039652
Rmi1,ENSMUSG00000035367
Dok4,ENSMUSG00000040631
Kpna1,ENSMUSG00000022905
Pigl,ENSMUSG00000014245
Ska1,ENSMUSG00000036223
Ndrg3,ENSMUSG00000027634
Mapk9,ENSMUSG00000020366
Wasl,ENSMUSG00000029684
Fgd2,ENSMUSG00000024013
Ppie,ENSMUSG00000028651
Cxxc1,ENSMUSG00000024560
Ubqln2,ENSMUSG00000050148
Slc39a6,ENSMUSG00000024270
Arid4b,ENSMUSG00000039219
Wdr5b,ENSMUSG00000034379
Fam162a,ENSMUSG00000003955
Dio2,ENSMUSG00000007682
Ccdc102a,ENSMUSG00000063605
Fam72a,ENSMUSG00000055184
Laptm4a,ENSMUSG00000020585
Elp2,ENSMUSG00000024271
Sgip1,ENSMUSG00000028524
Snapc2,ENSMUSG00000011837
Dars2,ENSMUSG00000026709
Rnf8,ENSMUSG00000090083
Magi2,ENSMUSG00000040003
Ctxn1,ENSMUSG00000048644
Arhgap21,ENSMUSG00000036591
Rnf144a,ENSMUSG00000020642
Herc3,ENSMUSG00000029804
Phldb1,ENSMUSG00000048537
Rsad2,ENSMUSG00000020641
Timm44,ENSMUSG00000002949
Prim2,ENSMUSG00000026134
Cd86,ENSMUSG00000022901
Mocos,ENSMUSG00000039616
Ltv1,ENSMUSG00000019814
Ctse,ENSMUSG00000004552
Nxf2,ENSMUSG00000009941
Ide,ENSMUSG00000056999
Phactr2,ENSMUSG00000062866
Gnpat,ENSMUSG00000031985
Wdfy4,ENSMUSG00000051506
Pard6g,ENSMUSG00000056214
Adnp2,ENSMUSG00000053950
Pde8a,ENSMUSG00000025584
Exoc6b,ENSMUSG00000033769
Rbfa,ENSMUSG00000024570
Cmpk2,ENSMUSG00000020638
Cenpf,ENSMUSG00000026605
Gsdmd,ENSMUSG00000022575
Kif11,ENSMUSG00000012443
Txnl4a,ENSMUSG00000057130
Stradb,ENSMUSG00000026027
Cenpv,ENSMUSG00000018509
Hsbp1l1,ENSMUSG00000078963
1110004F10Rik,ENSMUSG00000030663
Exoc8,ENSMUSG00000074030
Egln1,ENSMUSG00000031987
Ubb,ENSMUSG00000019505
Slc15a2,ENSMUSG00000022899
Tsnax,ENSMUSG00000056820
Pot1a,ENSMUSG00000029676
Mdga1,ENSMUSG00000043557
Nbr1,ENSMUSG00000017119
Fuca2,ENSMUSG00000019810
Sptlc2,ENSMUSG00000021036
Rps17,ENSMUSG00000061787
Tigd5,ENSMUSG00000103906
Zmat1,ENSMUSG00000052676
Pex3,ENSMUSG00000019809
Pabpc4,ENSMUSG00000011257
Spr,ENSMUSG00000033735
Alkbh1,ENSMUSG00000079036
Armcx5,ENSMUSG00000072969
Rbm4b,ENSMUSG00000033760
Gprasp1,ENSMUSG00000043384
Tfeb,ENSMUSG00000023990
Dsn1,ENSMUSG00000027635
Rbm4,ENSMUSG00000094936
Bhlhb9,ENSMUSG00000072964
Zfp623,ENSMUSG00000050846
Zfp78,ENSMUSG00000055150
Zfp707,ENSMUSG00000034429
Snw1,ENSMUSG00000021039
Zfp28,ENSMUSG00000062861
Adat2,ENSMUSG00000019808
Kcng2,ENSMUSG00000059852
Gprasp2,ENSMUSG00000072966
Ctdp1,ENSMUSG00000033323
Aig1,ENSMUSG00000019806
Mrpl32,ENSMUSG00000015672
Tigd2,ENSMUSG00000049232
Psma2,ENSMUSG00000015671
Gprin3,ENSMUSG00000045441
Zfp503,ENSMUSG00000039081
Ptpn14,ENSMUSG00000026604
Arhgap1,ENSMUSG00000027247
Esco1,ENSMUSG00000024293
Scrib,ENSMUSG00000022568
Hivep2,ENSMUSG00000015501
Eaf2,ENSMUSG00000022838
AW209491,ENSMUSG00000039182
Sfxn5,ENSMUSG00000033720
Dclre1a,ENSMUSG00000025077
Stx18,ENSMUSG00000029125
Adck1,ENSMUSG00000021044
Plekha7,ENSMUSG00000045659
Itpr1,ENSMUSG00000030102
Iqcb1,ENSMUSG00000022837
Zfand3,ENSMUSG00000044477
Zfyve27,ENSMUSG00000018820
Zfp958,ENSMUSG00000058748
Btbd9,ENSMUSG00000062202
Smyd2,ENSMUSG00000026603
Dad1,ENSMUSG00000022174
Colec11,ENSMUSG00000036655
Snrpd1,ENSMUSG00000002477
Zfp703,ENSMUSG00000085795
Mapk8,ENSMUSG00000021936
Golgb1,ENSMUSG00000034243
Vta1,ENSMUSG00000019868
Zcchc18,ENSMUSG00000031428
Shcbp1,ENSMUSG00000022322
Zc4h2,ENSMUSG00000035062
Rps7,ENSMUSG00000061477
Phtf2,ENSMUSG00000039987
Polr2g,ENSMUSG00000071662
Il20rb,ENSMUSG00000044244
Rnaseh1,ENSMUSG00000020630
Ranbp1,ENSMUSG00000005732
Apbb1ip,ENSMUSG00000026786
Zbtb3,ENSMUSG00000071661
Arcn1,ENSMUSG00000032096
Ttc9c,ENSMUSG00000071660
Adi1,ENSMUSG00000020629
Slc41a1,ENSMUSG00000013275
Rnf128,ENSMUSG00000031438
Hnrnpul2,ENSMUSG00000071659
Trmt2a,ENSMUSG00000022721
Mib1,ENSMUSG00000024294
Atg13,ENSMUSG00000027244
Gng3,ENSMUSG00000071658
Cited2,ENSMUSG00000039910
Bscl2,ENSMUSG00000071657
Tmem60,ENSMUSG00000045435
Txlnb,ENSMUSG00000039891
Rsbn1l,ENSMUSG00000039968
Nucks1,ENSMUSG00000026434
A630072M18Rik,ENSMUSG00000101013
Pfkfb4,ENSMUSG00000025648
Katnb1,ENSMUSG00000031787
Trpv2,ENSMUSG00000018507
Heca,ENSMUSG00000039879
Scarb1,ENSMUSG00000037936
Glo1,ENSMUSG00000024026
Reps1,ENSMUSG00000019854
Armc1,ENSMUSG00000027599
Rap1gds1,ENSMUSG00000028149
Mospd1,ENSMUSG00000023074
Lgmn,ENSMUSG00000021190
Abhd4,ENSMUSG00000040997
Zbtb17,ENSMUSG00000006215
Ubxn1,ENSMUSG00000071655
Hspa9,ENSMUSG00000024359
Golga5,ENSMUSG00000021192
Harbi1,ENSMUSG00000027243
Ptpn12,ENSMUSG00000028771
Puf60,ENSMUSG00000002524
Samhd1,ENSMUSG00000027639
Mmgt2,ENSMUSG00000048497
Ints5,ENSMUSG00000071652
Tnfsf4,ENSMUSG00000026700
Ganab,ENSMUSG00000071650
Rnf130,ENSMUSG00000020376
Rps6kc1,ENSMUSG00000089872
Nck1,ENSMUSG00000032475
Spen,ENSMUSG00000040761
Chga,ENSMUSG00000021194
Ubc,ENSMUSG00000008348
Itpk1,ENSMUSG00000057963
Ift46,ENSMUSG00000002031
Dhx37,ENSMUSG00000029480
Tmem106a,ENSMUSG00000034947
Rab11fip5,ENSMUSG00000051343
Erlin2,ENSMUSG00000031483
Snca,ENSMUSG00000025889
Ndufb11,ENSMUSG00000031059
Synpo,ENSMUSG00000043079
Rbm10,ENSMUSG00000031060
Prdm2,ENSMUSG00000057637
Gm20604,ENSMUSG00000041716
Oxa1l,ENSMUSG00000000959
Dgcr8,ENSMUSG00000022718
Med12l,ENSMUSG00000056476
Angel2,ENSMUSG00000026634
Mmrn1,ENSMUSG00000054641
Ndst1,ENSMUSG00000054008
Ubr7,ENSMUSG00000041712
Bri3bp,ENSMUSG00000037905
Rdm1,ENSMUSG00000010362
Cdk13,ENSMUSG00000041297
Aacs,ENSMUSG00000029482
Slc7a7,ENSMUSG00000000958
Btbd7,ENSMUSG00000041702
Bhlhe40,ENSMUSG00000030103
Ccdc28a,ENSMUSG00000059554
Arl4d,ENSMUSG00000034936
Rps14,ENSMUSG00000024608
Smyd5,ENSMUSG00000033706
Trim16,ENSMUSG00000047821
Tmem25,ENSMUSG00000002032
Nhsl1,ENSMUSG00000039835
Dhx8,ENSMUSG00000034931
Cd74,ENSMUSG00000024610
B3gat3,ENSMUSG00000071649
Plec,ENSMUSG00000022565
Vps41,ENSMUSG00000041236
Arglu1,ENSMUSG00000040459
Eml3,ENSMUSG00000071647
Arl8b,ENSMUSG00000030105
Perp,ENSMUSG00000019851
Ntpcr,ENSMUSG00000031851
Shisa5,ENSMUSG00000025647
Tnfaip3,ENSMUSG00000019850
Tcof1,ENSMUSG00000024613
Pdss1,ENSMUSG00000026784
Comt,ENSMUSG00000000326
Mrpl52,ENSMUSG00000010406
Fbxw10,ENSMUSG00000090173
Ndufs5,ENSMUSG00000028648
Cdc37l1,ENSMUSG00000024780
Mmp14,ENSMUSG00000000957
Vash2,ENSMUSG00000037568
Fhl3,ENSMUSG00000032643
Txnrd2,ENSMUSG00000075704
Rbl1,ENSMUSG00000027641
Ifngr1,ENSMUSG00000020009
Sf3a3,ENSMUSG00000028902
4930558K02Rik,ENSMUSG00000086277
Numb,ENSMUSG00000021224
Edem1,ENSMUSG00000030104
Pigc,ENSMUSG00000026698
Uba1,ENSMUSG00000001924
Rps13,ENSMUSG00000090862
Il22ra2,ENSMUSG00000039760
Inpp5b,ENSMUSG00000028894
Mpp4,ENSMUSG00000079550
Il20ra,ENSMUSG00000020007
Zfp808,ENSMUSG00000074867
Rnls,ENSMUSG00000071573
Gm5141,ENSMUSG00000091183
Slc35d3,ENSMUSG00000050473
Atf7ip,ENSMUSG00000030213
Pex7,ENSMUSG00000020003
Unc93b1,ENSMUSG00000036908
Glud1,ENSMUSG00000021794
Ttc36,ENSMUSG00000039438
Atf2,ENSMUSG00000027104
Fbp1,ENSMUSG00000069805
Cenpc1,ENSMUSG00000029253
Atrip,ENSMUSG00000025646
Gpr171,ENSMUSG00000050075
Fancc,ENSMUSG00000021461
Map3k5,ENSMUSG00000071369
Cdk16,ENSMUSG00000031065
Ak3,ENSMUSG00000024782
Camk2a,ENSMUSG00000024617
Cct7,ENSMUSG00000030007
Mtf1,ENSMUSG00000028890
P2ry14,ENSMUSG00000036381
Slc46a1,ENSMUSG00000020829
Ccdc51,ENSMUSG00000025645
1110065P20Rik,ENSMUSG00000078570
P2ry13,ENSMUSG00000036362
Yrdc,ENSMUSG00000028889
Acot2,ENSMUSG00000021226
Acot1,ENSMUSG00000072949
Acot4,ENSMUSG00000052392
Mtfr1,ENSMUSG00000027601
Zfp709,ENSMUSG00000056019
Usp11,ENSMUSG00000031066
Cdca8,ENSMUSG00000028873
Acot6,ENSMUSG00000043487
Zfp882,ENSMUSG00000089857
Mrpl43,ENSMUSG00000025208
Irf2bp2,ENSMUSG00000051495
Cox10,ENSMUSG00000042148
Lzts2,ENSMUSG00000035342
Abcg1,ENSMUSG00000024030
Lmcd1,ENSMUSG00000057604
Tatdn3,ENSMUSG00000026632
Dusp3,ENSMUSG00000003518
Klhl28,ENSMUSG00000020948
Snx13,ENSMUSG00000020590
Stag1,ENSMUSG00000037286
Htatsf1,ENSMUSG00000067873
Gnl2,ENSMUSG00000028869
Zfp617,ENSMUSG00000066880
Napg,ENSMUSG00000024581
Stap1,ENSMUSG00000029254
Tomm20,ENSMUSG00000093904
Tmprss3,ENSMUSG00000024034
Egr4,ENSMUSG00000071341
Kifc3,ENSMUSG00000031788
Bclaf1,ENSMUSG00000037608
Sfxn3,ENSMUSG00000025212
Igsf10,ENSMUSG00000036334
Snip1,ENSMUSG00000050213
Tmem199,ENSMUSG00000051232
Meaf6,ENSMUSG00000028863
Slc15a4,ENSMUSG00000029416
Tfrc,ENSMUSG00000022797
Rit1,ENSMUSG00000028057
Ptch1,ENSMUSG00000021466
Smarcad1,ENSMUSG00000029920
Zc3h12a,ENSMUSG00000042677
Ccdc146,ENSMUSG00000064280
Kazald1,ENSMUSG00000025213
Rbmx,ENSMUSG00000031134
Smad7,ENSMUSG00000025880
Ubash3a,ENSMUSG00000042345
Csf3r,ENSMUSG00000028859
Rom1,ENSMUSG00000071648
Hhex,ENSMUSG00000024986
Scd2,ENSMUSG00000025203
Syt11,ENSMUSG00000068923
Tnfaip2,ENSMUSG00000021281
Fgl2,ENSMUSG00000039899
Fam185a,ENSMUSG00000047221
Fyttd1,ENSMUSG00000022800
AW554918,ENSMUSG00000033632
Poldip2,ENSMUSG00000001100
Sec31b,ENSMUSG00000051984
Rsph1,ENSMUSG00000024033
Mrps15,ENSMUSG00000028861
Oscp1,ENSMUSG00000042616
Eif5,ENSMUSG00000021282
Tnfaip1,ENSMUSG00000017615
Uba6,ENSMUSG00000035898
Zswim6,ENSMUSG00000032846
Lsm10,ENSMUSG00000050188
Nsl1,ENSMUSG00000062510
Stk40,ENSMUSG00000042608
Ndufb8,ENSMUSG00000025204
Slc37a1,ENSMUSG00000024036
F13a1,ENSMUSG00000039109
Pde7a,ENSMUSG00000069094
Batf3,ENSMUSG00000026630
Alms1,ENSMUSG00000063810
Atf3,ENSMUSG00000026628
Hif1an,ENSMUSG00000036450
Pde7b,ENSMUSG00000019990
Rpn2,ENSMUSG00000027642
Als2,ENSMUSG00000026024
Ccdc86,ENSMUSG00000024732
Zfp961,ENSMUSG00000052446
Arhgef6,ENSMUSG00000031133
Iqcg,ENSMUSG00000035578
Rbm34,ENSMUSG00000033931
Hpgds,ENSMUSG00000029919
Rpl35a,ENSMUSG00000060636
Tifab,ENSMUSG00000049625
Mark3,ENSMUSG00000007411
Ahi1,ENSMUSG00000019986
Dclre1b,ENSMUSG00000027845
Mettl13,ENSMUSG00000026694
Pccb,ENSMUSG00000032527
Ift20,ENSMUSG00000001105
Pde9a,ENSMUSG00000041119
Lmln,ENSMUSG00000022802
Thrap3,ENSMUSG00000043962
Scml2,ENSMUSG00000000037
Manbal,ENSMUSG00000063019
Fbxl21,ENSMUSG00000035509
Wbp11,ENSMUSG00000030216
Snx4,ENSMUSG00000022808
Nenf,ENSMUSG00000037499
BC049715,ENSMUSG00000047515
Tnfaip8,ENSMUSG00000062210
Mx1,ENSMUSG00000000386
Snd1,ENSMUSG00000001424
Nkapl,ENSMUSG00000059395
Tmem97,ENSMUSG00000037278
Myb,ENSMUSG00000019982
Armc10,ENSMUSG00000038525
Msl2,ENSMUSG00000066415
Zfp354c,ENSMUSG00000044807
Bin1,ENSMUSG00000024381
Nlk,ENSMUSG00000017376
Ap4b1,ENSMUSG00000032952
Ppp2r5a,ENSMUSG00000026626
Ppp2r3a,ENSMUSG00000043154
Irs2,ENSMUSG00000038894
Ckb,ENSMUSG00000001270
Zfp879,ENSMUSG00000044296
Cngb1,ENSMUSG00000031789
Sgk1,ENSMUSG00000019970
Napepld,ENSMUSG00000044968
Vamp4,ENSMUSG00000026696
Ambra1,ENSMUSG00000040506
Mxi1,ENSMUSG00000025025
Trmt61a,ENSMUSG00000060950
Tnip3,ENSMUSG00000044162
Snx6,ENSMUSG00000005656
Rai2,ENSMUSG00000043518
Trappc3,ENSMUSG00000028847
Stard3nl,ENSMUSG00000003062
Cfl2,ENSMUSG00000062929
Art4,ENSMUSG00000030217
2700097O09Rik,ENSMUSG00000062198
Mbnl1,ENSMUSG00000027763
Lonrf3,ENSMUSG00000016239
Erp27,ENSMUSG00000030219
Rcan1,ENSMUSG00000022951
Ghitm,ENSMUSG00000041028
Dtl,ENSMUSG00000037474
Rad18,ENSMUSG00000030254
Usp14,ENSMUSG00000047879
Fmr1,ENSMUSG00000000838
Ifnar2,ENSMUSG00000022971
Smndc1,ENSMUSG00000025024
Ankrd9,ENSMUSG00000037904
Papss2,ENSMUSG00000024899
Zfp2,ENSMUSG00000049321
Rcor1,ENSMUSG00000037896
Wdr1,ENSMUSG00000005103
Idi1,ENSMUSG00000058258
Zfp319,ENSMUSG00000046556
Rock1,ENSMUSG00000024290
Atad1,ENSMUSG00000013662
Traf3,ENSMUSG00000021277
Mpp2,ENSMUSG00000017314
Col4a1,ENSMUSG00000031502
Mctp1,ENSMUSG00000021596
Ints7,ENSMUSG00000037461
Tspan14,ENSMUSG00000037824
Pmpcb,ENSMUSG00000029017
Il10rb,ENSMUSG00000022969
Arhgdib,ENSMUSG00000030220
Cdc42bpb,ENSMUSG00000021279
Mrpl39,ENSMUSG00000022889
Zfp518b,ENSMUSG00000046572
Prdm5,ENSMUSG00000029913
Clspn,ENSMUSG00000042489
Lpgat1,ENSMUSG00000026623
P2ry1,ENSMUSG00000027765
Hs3st1,ENSMUSG00000051022
Ptpn22,ENSMUSG00000027843
Jam2,ENSMUSG00000053062
Rab28,ENSMUSG00000029128
Nedd9,ENSMUSG00000021365
Src,ENSMUSG00000027646
Pten,ENSMUSG00000013663
5730409E04Rik,ENSMUSG00000073755
Nek2,ENSMUSG00000026622
Psmb2,ENSMUSG00000028837
1810009A15Rik,ENSMUSG00000071653
Ythdc1,ENSMUSG00000035851
Hif1a,ENSMUSG00000021109
Rbm28,ENSMUSG00000029701
Mmp15,ENSMUSG00000031790
Gabpa,ENSMUSG00000008976
Cep63,ENSMUSG00000032534
Klhl3,ENSMUSG00000014164
Lrfn4,ENSMUSG00000045045
Slc30a1,ENSMUSG00000037434
Rce1,ENSMUSG00000024889
Dhrs4,ENSMUSG00000022210
Prrc2c,ENSMUSG00000040225
Hnrnpa0,ENSMUSG00000007836
Gjb3,ENSMUSG00000042367
Rsbn1,ENSMUSG00000044098
Wdr4,ENSMUSG00000024037
App,ENSMUSG00000022892
Ubqln1,ENSMUSG00000005312
Slc2a12,ENSMUSG00000037490
Col4a2,ENSMUSG00000031503
Tbpl1,ENSMUSG00000071359
Tmem101,ENSMUSG00000020921
Ptger2,ENSMUSG00000037759
Lsm12,ENSMUSG00000020922
Zscan20,ENSMUSG00000061894
Rbm14,ENSMUSG00000006456
Stx7,ENSMUSG00000019998
Lgals9,ENSMUSG00000001123
Mad2l1,ENSMUSG00000029910
Ccs,ENSMUSG00000034108
Blcap,ENSMUSG00000067787
Anapc13,ENSMUSG00000035048
Ndufv3,ENSMUSG00000024038
Snapc1,ENSMUSG00000021113
Mtx2,ENSMUSG00000027099
Tlr12,ENSMUSG00000062545
Nme6,ENSMUSG00000032478
Phc2,ENSMUSG00000028796
Rab20,ENSMUSG00000031504
Srgap3,ENSMUSG00000030257
Pknox1,ENSMUSG00000006705
Gkap1,ENSMUSG00000021552
Ssh1,ENSMUSG00000042121
Nnat,ENSMUSG00000067786
Ctsf,ENSMUSG00000083282
Slc38a10,ENSMUSG00000061306
Gpr137b-ps,ENSMUSG00000097715
Enpp1,ENSMUSG00000037370
Cdc25a,ENSMUSG00000032477
Esyt2,ENSMUSG00000021171
Fbxw17,ENSMUSG00000037816
Ids,ENSMUSG00000035847
Zdhhc24,ENSMUSG00000006463
Pik3c2a,ENSMUSG00000030660
Rnf122,ENSMUSG00000039328
Bbs1,ENSMUSG00000006464
Amotl2,ENSMUSG00000032531
Thumpd3,ENSMUSG00000030264
Zfp362,ENSMUSG00000028799
Txndc16,ENSMUSG00000021830
Csnk2a2,ENSMUSG00000046707
Nsun2,ENSMUSG00000021595
Efcab7,ENSMUSG00000073791
Pgm1,ENSMUSG00000025791
Dhx36,ENSMUSG00000027770
Impdh1,ENSMUSG00000003500
Bod1l,ENSMUSG00000061755
Tmem51,ENSMUSG00000040616
Kazn,ENSMUSG00000040606
Dnmt3a,ENSMUSG00000020661
Dpp3,ENSMUSG00000063904
Hps3,ENSMUSG00000027615
Carf,ENSMUSG00000026017
Rplp1,ENSMUSG00000007892
Tti2,ENSMUSG00000031577
Kif23,ENSMUSG00000032254
Nucb2,ENSMUSG00000030659
Rad23b,ENSMUSG00000028426
Hilpda,ENSMUSG00000043421
Zkscan4,ENSMUSG00000054931
Epdr1,ENSMUSG00000002808
Klf4,ENSMUSG00000003032
Srd5a1,ENSMUSG00000021594
Paqr5,ENSMUSG00000032278
Akap7,ENSMUSG00000039166
Fbxl4,ENSMUSG00000040410
Clk4,ENSMUSG00000020385
Hsd17b10,ENSMUSG00000025260
Glce,ENSMUSG00000032252
Mrpl11,ENSMUSG00000024902
Rabac1,ENSMUSG00000003380
Mms22l,ENSMUSG00000045751
Ankhd1,ENSMUSG00000024483
Med10,ENSMUSG00000021598
U2af1,ENSMUSG00000061613
Xylt1,ENSMUSG00000030657
Ribc1,ENSMUSG00000025257
Rcor3,ENSMUSG00000037395
Slc29a2,ENSMUSG00000024891
Smc1a,ENSMUSG00000041133
Cox17,ENSMUSG00000046516
Btf3,ENSMUSG00000021660
Popdc2,ENSMUSG00000022803
Map2k4,ENSMUSG00000033352
Mak16,ENSMUSG00000031578
Adprh,ENSMUSG00000002844
Rps15a,ENSMUSG00000008683
Tmem171,ENSMUSG00000052485
Ksr1,ENSMUSG00000018334
Tspyl2,ENSMUSG00000041096
Uqcrb,ENSMUSG00000021520
Anp32a,ENSMUSG00000032249
Sra1,ENSMUSG00000006050
Phtf1,ENSMUSG00000058388
Sik1,ENSMUSG00000024042
Brms1,ENSMUSG00000080268
Gins3,ENSMUSG00000031669
Poglut1,ENSMUSG00000034064
Iqsec2,ENSMUSG00000041115
Gpr137c,ENSMUSG00000049092
Fut10,ENSMUSG00000046152
Setd5,ENSMUSG00000034269
Hsf2bp,ENSMUSG00000002076
Rin1,ENSMUSG00000024883
Coro2b,ENSMUSG00000041729
Ptdss1,ENSMUSG00000021518
Bcl6,ENSMUSG00000022508
Cars2,ENSMUSG00000056228
Rrp1b,ENSMUSG00000058392
Pomc,ENSMUSG00000020660
Abcc1,ENSMUSG00000023088
Yif1a,ENSMUSG00000024875
Slc35a4,ENSMUSG00000033272
Ate1,ENSMUSG00000030850
Zfp712,ENSMUSG00000090641
Efr3b,ENSMUSG00000020658
Psmc6,ENSMUSG00000021832
Cd14,ENSMUSG00000051439
Tmco6,ENSMUSG00000006850
Zkscan6,ENSMUSG00000018347
Alg13,ENSMUSG00000041718
Zfp759,ENSMUSG00000057396
Ndufa2,ENSMUSG00000014294
Rab1b,ENSMUSG00000024870
Ing1,ENSMUSG00000045969
Ik,ENSMUSG00000024474
Wsb1,ENSMUSG00000017677
Rsl1,ENSMUSG00000058900
Cstad,ENSMUSG00000047363
Ankrd10,ENSMUSG00000031508
Zfp455,ENSMUSG00000051037
Fem1b,ENSMUSG00000032244
Klhl32,ENSMUSG00000040387
Cep164,ENSMUSG00000043987
Ctnnbl1,ENSMUSG00000027649
Zfp458,ENSMUSG00000055480
Pum2,ENSMUSG00000020594
Klc2,ENSMUSG00000024862
Wdr55,ENSMUSG00000042660
Brd4,ENSMUSG00000024002
Pck2,ENSMUSG00000040618
Lhfpl4,ENSMUSG00000042873
Dnd1,ENSMUSG00000044595
Eps8,ENSMUSG00000015766
Zfp131,ENSMUSG00000094870
Slc24a5,ENSMUSG00000035183
Ndufaf4,ENSMUSG00000028261
Nwd1,ENSMUSG00000048148
Usp30,ENSMUSG00000029592
Tti1,ENSMUSG00000027650
Gnb1l,ENSMUSG00000000884
Ptpn3,ENSMUSG00000038764
Hnrnpa3,ENSMUSG00000059005
Alkbh2,ENSMUSG00000044339
P4hb,ENSMUSG00000025130
Hars2,ENSMUSG00000019143
Slc3a2,ENSMUSG00000010095
Utp15,ENSMUSG00000041747
Styx,ENSMUSG00000053205
Akap8,ENSMUSG00000024045
Cpeb2,ENSMUSG00000039782
Cln6,ENSMUSG00000032245
Arl6ip1,ENSMUSG00000030654
Hltf,ENSMUSG00000002428
Xlr4a,ENSMUSG00000079845
Strap,ENSMUSG00000030224
Arhgdia,ENSMUSG00000025132
Nfe2l2,ENSMUSG00000015839
Dera,ENSMUSG00000030225
Ankra2,ENSMUSG00000021661
1700001O22Rik,ENSMUSG00000044320
Zmat2,ENSMUSG00000001383
Xlr3a,ENSMUSG00000057836
Gnpnat1,ENSMUSG00000037722
Zeb1,ENSMUSG00000024238
Alyref,ENSMUSG00000025134
Wdr74,ENSMUSG00000042729
Anapc11,ENSMUSG00000025135
Nsmce4a,ENSMUSG00000040331
Stx2,ENSMUSG00000029428
Akap8l,ENSMUSG00000002625
Utp6,ENSMUSG00000035575
Stx5a,ENSMUSG00000010110
Mtmr14,ENSMUSG00000030269
Atp1a3,ENSMUSG00000040907
Zfp169,ENSMUSG00000050954
L3mbtl3,ENSMUSG00000039089
Cdc45,ENSMUSG00000000028
Xlr3b,ENSMUSG00000073125
Pcdhb16,ENSMUSG00000047910
Pcdhb17,ENSMUSG00000046387
Taf7,ENSMUSG00000051316
Xlr4b,ENSMUSG00000067768
Gbp5,ENSMUSG00000105504
Ptpdc1,ENSMUSG00000038042
Pcyt2,ENSMUSG00000025137
Ddhd1,ENSMUSG00000037697
Ran,ENSMUSG00000029430
Gbp7,ENSMUSG00000040253
Asb6,ENSMUSG00000039483
Wiz,ENSMUSG00000024050
Nbeal1,ENSMUSG00000073664
Gp1bb,ENSMUSG00000050761
Zfp456,ENSMUSG00000078995
F8a,ENSMUSG00000078317
Magi3,ENSMUSG00000052539
Suz12,ENSMUSG00000017548
Xlr4c,ENSMUSG00000031362
D630039A03Rik,ENSMUSG00000052117
Pcdhgb4,ENSMUSG00000103585
Zfp429,ENSMUSG00000078994
Ung,ENSMUSG00000029591
Agps,ENSMUSG00000042410
Setd6,ENSMUSG00000031671
Manea,ENSMUSG00000040520
Zfp459,ENSMUSG00000055560
Pold3,ENSMUSG00000030726
Zfp874a,ENSMUSG00000069206
Epha7,ENSMUSG00000028289
Sin3b,ENSMUSG00000031622
Gnaz,ENSMUSG00000040009
Pcdhgb5,ENSMUSG00000103749
Pcdhga9,ENSMUSG00000102440
Nxf1,ENSMUSG00000010097
Xk,ENSMUSG00000015342
Crlf3,ENSMUSG00000017561
Cybb,ENSMUSG00000015340
Zfp874b,ENSMUSG00000059839
Zfp58,ENSMUSG00000071291
Mrps6,ENSMUSG00000039680
Rasal3,ENSMUSG00000052142
Slc5a3,ENSMUSG00000089774
Lipt2,ENSMUSG00000030725
Tmem39a,ENSMUSG00000002845
Cyp20a1,ENSMUSG00000049439
Zfp87,ENSMUSG00000097333
Kcne3,ENSMUSG00000035165
Sirt7,ENSMUSG00000025138
Bcr,ENSMUSG00000009681
Gbp3,ENSMUSG00000028268
F2rl3,ENSMUSG00000050147
Arl4c,ENSMUSG00000049866
Zfp748,ENSMUSG00000095432
Samd4,ENSMUSG00000021838
Grik5,ENSMUSG00000003378
Zfp738,ENSMUSG00000048280
Tor1b,ENSMUSG00000026848
Calml4,ENSMUSG00000032246
Snx12,ENSMUSG00000046032
Pcdhga12,ENSMUSG00000102428
Specc1l,ENSMUSG00000033444
Taf6l,ENSMUSG00000003680
Mafg,ENSMUSG00000051510
Gbp2,ENSMUSG00000028270
Bace1,ENSMUSG00000032086
Hmgxb4,ENSMUSG00000034518
Zfp493,ENSMUSG00000090659
Foxo4,ENSMUSG00000042903
Atad5,ENSMUSG00000017550
Arhgap31,ENSMUSG00000022799
Zfp273,ENSMUSG00000030446
Lrig2,ENSMUSG00000032913
Zfp574,ENSMUSG00000045252
Il2rg,ENSMUSG00000031304
Tor1a,ENSMUSG00000026849
Map3k7,ENSMUSG00000028284
Pgm2l1,ENSMUSG00000030729
B4galt4,ENSMUSG00000022793
Med12,ENSMUSG00000079487
Pglyrp2,ENSMUSG00000079563
Tom1,ENSMUSG00000042870
Adora2a,ENSMUSG00000020178
Orc5,ENSMUSG00000029012
Rbm45,ENSMUSG00000042369
Pias1,ENSMUSG00000032405
Hhat,ENSMUSG00000037375
Sdc1,ENSMUSG00000020592
Cdkl3,ENSMUSG00000020389
BC005624,ENSMUSG00000026851
Csf2ra,ENSMUSG00000059326
Upk1b,ENSMUSG00000049436
Zik1,ENSMUSG00000030393
Abi1,ENSMUSG00000058835
Wdr35,ENSMUSG00000066643
Slc16a1,ENSMUSG00000032902
Smg1,ENSMUSG00000030655
Socs1,ENSMUSG00000038037
Hmox1,ENSMUSG00000005413
Mcm5,ENSMUSG00000005410
Tnks2,ENSMUSG00000024811
Agap1,ENSMUSG00000055013
Litaf,ENSMUSG00000022500
Agtpbp1,ENSMUSG00000021557
Pcdhgc5,ENSMUSG00000102543
Snn,ENSMUSG00000037972
Map2k5,ENSMUSG00000058444
Prdm15,ENSMUSG00000014039
Snrpd3,ENSMUSG00000020180
Gch1,ENSMUSG00000037580
Cyp4f16,ENSMUSG00000048440
Ggt1,ENSMUSG00000006345
Mcpt8,ENSMUSG00000022157
Ctsg,ENSMUSG00000040314
Gtf2b,ENSMUSG00000028271
2300009A05Rik,ENSMUSG00000032403
Mgst1,ENSMUSG00000008540
Rnf214,ENSMUSG00000042790
Acacb,ENSMUSG00000042010
Gbx2,ENSMUSG00000034486
Bach2,ENSMUSG00000040270
Cnot1,ENSMUSG00000036550
C2cd2,ENSMUSG00000045975
Gorab,ENSMUSG00000040124
Casp8ap2,ENSMUSG00000028282
Strn3,ENSMUSG00000020954
Atp6v1f,ENSMUSG00000004285
Rnf17,ENSMUSG00000000365
Abi2,ENSMUSG00000026782
Ap4s1,ENSMUSG00000020955
Trub1,ENSMUSG00000025086
Ppme1,ENSMUSG00000030718
Hdac3,ENSMUSG00000024454
Ypel1,ENSMUSG00000022773
Hectd1,ENSMUSG00000035247
Mov10,ENSMUSG00000002227
Zfp871,ENSMUSG00000024298
Zfp799,ENSMUSG00000095253
Zfp870,ENSMUSG00000095325
Gpr137,ENSMUSG00000024958
Heatr5a,ENSMUSG00000035181
Ppil2,ENSMUSG00000022771
Rell2,ENSMUSG00000044024
Ggt5,ENSMUSG00000006344
Itpripl2,ENSMUSG00000095115
Nphp3,ENSMUSG00000032558
Mdm4,ENSMUSG00000054387
Pycr1,ENSMUSG00000025140
Parp4,ENSMUSG00000054509
Coq7,ENSMUSG00000030652
Macrod1,ENSMUSG00000036278
Otub1,ENSMUSG00000024767
Zmym3,ENSMUSG00000031310
Cyp4f13,ENSMUSG00000024055
Mphosph8,ENSMUSG00000079184
Fchsd1,ENSMUSG00000038524
Cox8a,ENSMUSG00000035885
Pkn2,ENSMUSG00000004591
Myo1h,ENSMUSG00000066952
Naa40,ENSMUSG00000024764
Susd2,ENSMUSG00000006342
Myadml2,ENSMUSG00000025141
Tacc2,ENSMUSG00000030852
Ppp2ca,ENSMUSG00000020349
Eapp,ENSMUSG00000054302
Irf5,ENSMUSG00000029771
Rcor2,ENSMUSG00000024968
Zfp472,ENSMUSG00000053600
Baz1a,ENSMUSG00000035021
Zfp952,ENSMUSG00000053390
Ube2e2,ENSMUSG00000058317
Pcsk7,ENSMUSG00000035382
Zfp763,ENSMUSG00000067430
Rnf135,ENSMUSG00000020707
Zfp563,ENSMUSG00000067424
2610318N02Rik,ENSMUSG00000049916
Mark2,ENSMUSG00000024969
Psma6,ENSMUSG00000021024
Arap3,ENSMUSG00000024451
Plekha5,ENSMUSG00000030231
Ube2e1,ENSMUSG00000021774
Zfp955a,ENSMUSG00000094441
Cabin1,ENSMUSG00000020196
Zfp955b,ENSMUSG00000096910
Zfp81,ENSMUSG00000003929
Nfkbia,ENSMUSG00000021025
Sdf2l1,ENSMUSG00000022769
Nkiras1,ENSMUSG00000021772
Zfp101,ENSMUSG00000055240
Ccdc116,ENSMUSG00000022768
Ralgapa1,ENSMUSG00000021027
Kctd10,ENSMUSG00000001098
Rpl15,ENSMUSG00000012405
Adamts10,ENSMUSG00000024299
Ydjc,ENSMUSG00000041774
Tcf7,ENSMUSG00000000782
Nr1d2,ENSMUSG00000021775
Srpk2,ENSMUSG00000062604
Ddt,ENSMUSG00000001666
Thrb,ENSMUSG00000021779
Ube2l3,ENSMUSG00000038965
Gstt3,ENSMUSG00000001665
Raph1,ENSMUSG00000026014
Pus7,ENSMUSG00000057541
Capza1,ENSMUSG00000070372
Hic2,ENSMUSG00000050240
Gstt1,ENSMUSG00000001663
Mdn1,ENSMUSG00000058006
Rarb,ENSMUSG00000017491
Pik3c2b,ENSMUSG00000026447
Mtx1,ENSMUSG00000064068
Gstt2,ENSMUSG00000033318
Nono,ENSMUSG00000031311
Myef2,ENSMUSG00000027201
Mif,ENSMUSG00000033307
Vdac1,ENSMUSG00000020402
Derl3,ENSMUSG00000009092
Top2b,ENSMUSG00000017485
Ppp1r15b,ENSMUSG00000046062
Cd28,ENSMUSG00000026012
Tnpo3,ENSMUSG00000012535
Pi4ka,ENSMUSG00000041720
Smarcb1,ENSMUSG00000000902
Kifap3,ENSMUSG00000026585
Parp10,ENSMUSG00000063268
Rint1,ENSMUSG00000028999
C2cd3,ENSMUSG00000047248
Itgb1bp2,ENSMUSG00000031312
E130311K13Rik,ENSMUSG00000048581
Aagab,ENSMUSG00000037257
Lyrm2,ENSMUSG00000045854
Lmo4,ENSMUSG00000028266
Slc35a2,ENSMUSG00000031156
Slc38a7,ENSMUSG00000036534
Uba5,ENSMUSG00000032557
Grina,ENSMUSG00000022564
Ugcg,ENSMUSG00000028381
Ngly1,ENSMUSG00000021785
Naa35,ENSMUSG00000021555
9530068E07Rik,ENSMUSG00000036275
Stx8,ENSMUSG00000020903
Smad3,ENSMUSG00000032402
Myo1f,ENSMUSG00000024300
Susd1,ENSMUSG00000038578
Tomm7,ENSMUSG00000028998
Slc33a1,ENSMUSG00000027822
Got2,ENSMUSG00000031672
Mmp11,ENSMUSG00000000901
Oplah,ENSMUSG00000022562
Cops8,ENSMUSG00000034432
Oxsm,ENSMUSG00000021786
Tspan33,ENSMUSG00000001763
Acad11,ENSMUSG00000090150
Hs2st1,ENSMUSG00000040151
Tmem68,ENSMUSG00000028232
Pqbp1,ENSMUSG00000031157
Snap29,ENSMUSG00000022765
Smo,ENSMUSG00000001761
Icos,ENSMUSG00000026009
Crkl,ENSMUSG00000006134
Klhl7,ENSMUSG00000028986
Tgs1,ENSMUSG00000028233
Pik3r5,ENSMUSG00000020901
Dhx30,ENSMUSG00000032480
Prmt2,ENSMUSG00000020230
1500015A07Rik,ENSMUSG00000098702
Ankrd6,ENSMUSG00000040183
Scyl3,ENSMUSG00000026584
Pik3r6,ENSMUSG00000046207
Golm1,ENSMUSG00000021556
Exosc4,ENSMUSG00000034259
Hdac6,ENSMUSG00000031161
Gmps,ENSMUSG00000027823
Gpaa1,ENSMUSG00000022561
Slc4a7,ENSMUSG00000021733
Utp3,ENSMUSG00000070697
Mrps10,ENSMUSG00000034729
Crcp,ENSMUSG00000025532
Aak1,ENSMUSG00000057230
Ucp2,ENSMUSG00000033685
Isca1,ENSMUSG00000044792
Rufy3,ENSMUSG00000029291
Lztr1,ENSMUSG00000022761
S100b,ENSMUSG00000033208
Pard3b,ENSMUSG00000052062
St7l,ENSMUSG00000045576
Cyc1,ENSMUSG00000022551
Dip2a,ENSMUSG00000020231
Rhot1,ENSMUSG00000017686
Guca1b,ENSMUSG00000023979
Guca1a,ENSMUSG00000023982
Sharpin,ENSMUSG00000022552
Brms1l,ENSMUSG00000012076
AI661453,ENSMUSG00000034382
Taf8,ENSMUSG00000023980
Ahcyl2,ENSMUSG00000029772
Zfp36l1,ENSMUSG00000021127
Actn1,ENSMUSG00000015143
Maf1,ENSMUSG00000022553
Lyn,ENSMUSG00000042228
Prkra,ENSMUSG00000002731
Gm3604,ENSMUSG00000094942
Zfp935,ENSMUSG00000113450
Zfp934,ENSMUSG00000074865
Fkbp7,ENSMUSG00000002732
Zfp551,ENSMUSG00000034071
Ccnd3,ENSMUSG00000034165
Plekha3,ENSMUSG00000002733
Dnajb13,ENSMUSG00000030708
Rtn3,ENSMUSG00000024758
Zfp953,ENSMUSG00000098905
Usp20,ENSMUSG00000026854
Dpf3,ENSMUSG00000021221
Thap7,ENSMUSG00000022760
Rabgef1,ENSMUSG00000025340
Zscan12,ENSMUSG00000036721
Zfp606,ENSMUSG00000030386
Zkscan3,ENSMUSG00000021327
Yeats2,ENSMUSG00000041215
Trim46,ENSMUSG00000042766
Rps20,ENSMUSG00000028234
9130401M01Rik,ENSMUSG00000101892
Plag1,ENSMUSG00000003282
Arhgef4,ENSMUSG00000037509
Grsf1,ENSMUSG00000044221
Zhx1,ENSMUSG00000022361
Ube2j1,ENSMUSG00000028277
Pgbd1,ENSMUSG00000055313
Atad2,ENSMUSG00000022360
Dcaf4,ENSMUSG00000021222
Bysl,ENSMUSG00000023988
Gata1,ENSMUSG00000031162
Krtcap2,ENSMUSG00000042747
Mob1b,ENSMUSG00000006262
Trim27,ENSMUSG00000021326
Med20,ENSMUSG00000092558
Zfyve1,ENSMUSG00000042628
Atl3,ENSMUSG00000024759
Dpm3,ENSMUSG00000042737
Usp49,ENSMUSG00000090115
Timm17b,ENSMUSG00000031158
Dck,ENSMUSG00000029366
Chchd7,ENSMUSG00000042198
Sh3glb1,ENSMUSG00000037062
Dnajc13,ENSMUSG00000032560
Tomm6,ENSMUSG00000033475
Ctla2a,ENSMUSG00000044258
Rbm25,ENSMUSG00000010608
Plekha6,ENSMUSG00000041757
Fbxo32,ENSMUSG00000022358
Frs3,ENSMUSG00000023266
Nxt2,ENSMUSG00000042271
Mrpl48,ENSMUSG00000030706
Rhbdl3,ENSMUSG00000017692
Pcbp3,ENSMUSG00000001120
Acsl4,ENSMUSG00000031278
Atp6v1c1,ENSMUSG00000022295
Pm20d2,ENSMUSG00000054659
Aspscr1,ENSMUSG00000025142
Sidt2,ENSMUSG00000034908
Rab6a,ENSMUSG00000030704
Setd3,ENSMUSG00000056770
Pnrc1,ENSMUSG00000040128
Fzd6,ENSMUSG00000022297
Ppp1r11,ENSMUSG00000036398
Parl,ENSMUSG00000033918
Slc50a1,ENSMUSG00000027953
Slc19a1,ENSMUSG00000001436
Unc5a,ENSMUSG00000025876
Slc25a32,ENSMUSG00000022299
Ect2,ENSMUSG00000027699
Cfl1,ENSMUSG00000056201
Ccnk,ENSMUSG00000021258
Arhgap25,ENSMUSG00000030047
2310057M21Rik,ENSMUSG00000040177
Tle4,ENSMUSG00000024642
Zfp57,ENSMUSG00000036036
Abcc5,ENSMUSG00000022822
Hk3,ENSMUSG00000025877
Col18a1,ENSMUSG00000001435
Pstk,ENSMUSG00000063179
Ikzf5,ENSMUSG00000040167
Eif2b5,ENSMUSG00000003235
Acadsb,ENSMUSG00000030861
Fam168b,ENSMUSG00000037503
Dut,ENSMUSG00000027203
Tcf7l2,ENSMUSG00000024985
Dvl3,ENSMUSG00000003233
Fbn1,ENSMUSG00000027204
Gabbr1,ENSMUSG00000024462
Pou2f2,ENSMUSG00000008496
B630019K06Rik,ENSMUSG00000052364
Ube2h,ENSMUSG00000039159
Ap2m1,ENSMUSG00000022841
Lamb3,ENSMUSG00000026639
Zc3hc1,ENSMUSG00000039130
Pafah1b2,ENSMUSG00000003131
Cdh11,ENSMUSG00000031673
Cep152,ENSMUSG00000068394
Wrn,ENSMUSG00000031583
Uimc1,ENSMUSG00000025878
Mospd2,ENSMUSG00000061778
Rngtt,ENSMUSG00000028274
Fam83d,ENSMUSG00000027654
Plekhb2,ENSMUSG00000026123
Shc4,ENSMUSG00000035109
Rac2,ENSMUSG00000033220
Abcf3,ENSMUSG00000003234
Atg7,ENSMUSG00000030314
Kctd17,ENSMUSG00000033287
Eid1,ENSMUSG00000091337
Fam110b,ENSMUSG00000049119
Acbd5,ENSMUSG00000026781
Hsd11b1,ENSMUSG00000016194
Mrpl3,ENSMUSG00000032563
Decr2,ENSMUSG00000036775
Pofut2,ENSMUSG00000020260
Hsdl2,ENSMUSG00000028383
Fancb,ENSMUSG00000047757
Nceh1,ENSMUSG00000027698
Zfp346,ENSMUSG00000021481
Spaca1,ENSMUSG00000028264
Purg,ENSMUSG00000049184
G0s2,ENSMUSG00000009633
Ammecr1,ENSMUSG00000042225
Chrac1,ENSMUSG00000068391
Adarb1,ENSMUSG00000020262
Hs6st1,ENSMUSG00000045216
Trappc9,ENSMUSG00000047921
Nme4,ENSMUSG00000024177
Araf,ENSMUSG00000001127
Smarcc1,ENSMUSG00000032481
E130308A19Rik,ENSMUSG00000045071
Efna4,ENSMUSG00000028040
Lrrc45,ENSMUSG00000025145
Ppp2cb,ENSMUSG00000009630
2700046A07Rik,ENSMUSG00000041789
Tnfsf10,ENSMUSG00000039304
Ubxn8,ENSMUSG00000052906
Cbll1,ENSMUSG00000020659
F5,ENSMUSG00000026579
Snx30,ENSMUSG00000028385
Abcf2,ENSMUSG00000028953
Slc19a2,ENSMUSG00000040918
Slc46a2,ENSMUSG00000028386
Dcxr,ENSMUSG00000039450
Nsd1,ENSMUSG00000021488
Kcnab1,ENSMUSG00000027827
Gsr,ENSMUSG00000031584
Chpf2,ENSMUSG00000038181
Uggt1,ENSMUSG00000037470
Map4k5,ENSMUSG00000034761
Mrpl28,ENSMUSG00000024181
Akirin2,ENSMUSG00000028291
Smarcd3,ENSMUSG00000028949
Sdcbp,ENSMUSG00000028249
Myh10,ENSMUSG00000020900
Arhgdig,ENSMUSG00000073433
Rab24,ENSMUSG00000034789
Alg3,ENSMUSG00000033809
Prelid1,ENSMUSG00000021486
Itgb2,ENSMUSG00000000290
Adamts3,ENSMUSG00000043635
Mxd3,ENSMUSG00000021485
Cfp,ENSMUSG00000001128
Elk1,ENSMUSG00000009406
Fndc3b,ENSMUSG00000039286
Uxt,ENSMUSG00000001134
Pttg1ip,ENSMUSG00000009291
Ly6e,ENSMUSG00000022587
Nub1,ENSMUSG00000028954
Zfp182,ENSMUSG00000054737
4930447C04Rik,ENSMUSG00000021098
Sumo3,ENSMUSG00000020265
Zfp300,ENSMUSG00000031079
Ssr3,ENSMUSG00000027828
Wdr86,ENSMUSG00000055235
Gpkow,ENSMUSG00000031148
Neurl3,ENSMUSG00000047180
Crygn,ENSMUSG00000038135
Mastl,ENSMUSG00000026779
Blzf1,ENSMUSG00000026577
Cox18,ENSMUSG00000035505
Ly6i,ENSMUSG00000022586
Sel1l,ENSMUSG00000020964
Ly6a,ENSMUSG00000075602
Sik3,ENSMUSG00000034135
Tiparp,ENSMUSG00000034640
Zfp369,ENSMUSG00000021514
Wdr45,ENSMUSG00000039382
Ube2g2,ENSMUSG00000009293
Klhdc10,ENSMUSG00000029775
Lekr1,ENSMUSG00000074579
Yme1l1,ENSMUSG00000026775
Ly6c1,ENSMUSG00000079018
Rheb,ENSMUSG00000028945
Orc3,ENSMUSG00000040044
Nhlrc1,ENSMUSG00000044231
Tpmt,ENSMUSG00000021376
Luc7l,ENSMUSG00000024188
Lcorl,ENSMUSG00000015882
Lrrfip1,ENSMUSG00000026305
Dhx35,ENSMUSG00000027655
Dedd2,ENSMUSG00000054499
Zfp526,ENSMUSG00000046541
Bub3,ENSMUSG00000066979
Ccnl1,ENSMUSG00000027829
Trpm2,ENSMUSG00000009292
Kdm1b,ENSMUSG00000038080
Rhag,ENSMUSG00000023926
Rfng,ENSMUSG00000025158
9130008F23Rik,ENSMUSG00000054951
Ece2,ENSMUSG00000022842
Apoa1,ENSMUSG00000032083
Vgll4,ENSMUSG00000030315
Zfp207,ENSMUSG00000017421
Cenpq,ENSMUSG00000023919
Cspg5,ENSMUSG00000032482
Dek,ENSMUSG00000021377
Daxx,ENSMUSG00000002307
Mafb,ENSMUSG00000074622
Spopl,ENSMUSG00000026771
Sirt4,ENSMUSG00000029524
Nsmaf,ENSMUSG00000028245
C1qtnf6,ENSMUSG00000022440
Prkag2,ENSMUSG00000028944
Tmem170b,ENSMUSG00000087370
Top1,ENSMUSG00000070544
Tapbp,ENSMUSG00000024308
Senp1,ENSMUSG00000033075
Asap2,ENSMUSG00000052632
Hnmt,ENSMUSG00000026986
Pfkl,ENSMUSG00000020277
Nol8,ENSMUSG00000021392
Zbtb22,ENSMUSG00000051390
Tsen2,ENSMUSG00000042389
Rgl2,ENSMUSG00000041354
Aste1,ENSMUSG00000032567
Pld1,ENSMUSG00000027695
Rars2,ENSMUSG00000028292
Pfkm,ENSMUSG00000033065
Cd34,ENSMUSG00000016494
Mkrn2,ENSMUSG00000000439
Aire,ENSMUSG00000000731
Plcg1,ENSMUSG00000016933
Tmem209,ENSMUSG00000029782
Rcl1,ENSMUSG00000024785
Car8,ENSMUSG00000041261
Ndel1,ENSMUSG00000018736
Psmd2,ENSMUSG00000006998
Rbm44,ENSMUSG00000070732
Asb8,ENSMUSG00000048175
Rab2a,ENSMUSG00000047187
Gda,ENSMUSG00000058624
Wdr46,ENSMUSG00000024312
Ramp1,ENSMUSG00000034353
Slc35a1,ENSMUSG00000028293
Bud13,ENSMUSG00000032077
Nme7,ENSMUSG00000026575
Chd7,ENSMUSG00000041235
Rpl26,ENSMUSG00000060938
B3galt4,ENSMUSG00000067370
Rps18,ENSMUSG00000008668
F830016B08Rik,ENSMUSG00000090942
Tomm22,ENSMUSG00000022427
1110059E24Rik,ENSMUSG00000035171
Iigp1,ENSMUSG00000054072
Itgb1bp1,ENSMUSG00000062352
Dctn4,ENSMUSG00000024603
Gps1,ENSMUSG00000025156
Zhx3,ENSMUSG00000035877
Pxn,ENSMUSG00000029528
Josd1,ENSMUSG00000022426
Gtpbp1,ENSMUSG00000042535
Cd46,ENSMUSG00000016493
Megf11,ENSMUSG00000036466
Vps52,ENSMUSG00000024319
Il3ra,ENSMUSG00000068758
Eif4g1,ENSMUSG00000045983
Cpsf3,ENSMUSG00000054309
Atp1b1,ENSMUSG00000026576
Rgs14,ENSMUSG00000052087
Sun2,ENSMUSG00000042524
Gsk3a,ENSMUSG00000057177
Nrp2,ENSMUSG00000025969
1700018L02Rik,ENSMUSG00000100075
Psmd6,ENSMUSG00000021737
Chd6,ENSMUSG00000057133
Slc25a46,ENSMUSG00000024259
Arhgef15,ENSMUSG00000052921
Iah1,ENSMUSG00000062054
H2-K1,ENSMUSG00000061232
Sap130,ENSMUSG00000024260
Chst15,ENSMUSG00000030930
Atxn7,ENSMUSG00000021738
Prps1l3,ENSMUSG00000079104
Mipol1,ENSMUSG00000047022
Adam15,ENSMUSG00000028041
Praf2,ENSMUSG00000031149
Erf,ENSMUSG00000040857
Slc25a35,ENSMUSG00000018740
Ccdc120,ENSMUSG00000031150
Galnt11,ENSMUSG00000038072
Rangrf,ENSMUSG00000032892
Zfp292,ENSMUSG00000039967
Fnbp1,ENSMUSG00000075415
Rab11a,ENSMUSG00000004771
Thoc7,ENSMUSG00000053453
Grk6,ENSMUSG00000074886
Psmd11,ENSMUSG00000017428
Vash1,ENSMUSG00000021256
Ammecr1l,ENSMUSG00000041915
Tfe3,ENSMUSG00000000134
Acp5,ENSMUSG00000001348
Angel1,ENSMUSG00000021257
Rplp0,ENSMUSG00000067274
Raf1,ENSMUSG00000000441
Polr2d,ENSMUSG00000024258
Mob3b,ENSMUSG00000073910
Dennd4a,ENSMUSG00000053641
Ring1,ENSMUSG00000024325
E2f6,ENSMUSG00000057469
Rock2,ENSMUSG00000020580
Afp,ENSMUSG00000054932
Cbx6,ENSMUSG00000089715
1700086O06Rik,ENSMUSG00000097080
Cdk5r1,ENSMUSG00000048895
Aco1,ENSMUSG00000028405
Pfas,ENSMUSG00000020899
Slc39a7,ENSMUSG00000024327
Dpp8,ENSMUSG00000032393
Apobec3,ENSMUSG00000009585
B230217O12Rik,ENSMUSG00000097785
Rxrb,ENSMUSG00000039656
Dus1l,ENSMUSG00000025155
Kctd6,ENSMUSG00000021752
Pdhb,ENSMUSG00000021748
Tmem40,ENSMUSG00000059900
Atp2c1,ENSMUSG00000032570
Pxk,ENSMUSG00000033885
Oat,ENSMUSG00000030934
Gripap1,ENSMUSG00000031153
Ube2f,ENSMUSG00000034343
Pdia6,ENSMUSG00000020571
Rab35,ENSMUSG00000029518
Odf2l,ENSMUSG00000028256
Col11a2,ENSMUSG00000024330
Cand2,ENSMUSG00000030319
Topors,ENSMUSG00000036822
Ndufb6,ENSMUSG00000071014
Rpl32,ENSMUSG00000057841
Myo1d,ENSMUSG00000035441
Prr7,ENSMUSG00000034686
Dbn1,ENSMUSG00000034675
Asph,ENSMUSG00000028207
Cbx7,ENSMUSG00000053411
Arid5a,ENSMUSG00000037447
Lhpp,ENSMUSG00000030946
Sergef,ENSMUSG00000030839
Tmem98,ENSMUSG00000035413
Pdgfb,ENSMUSG00000000489
Pdgfrb,ENSMUSG00000024620
Fam53b,ENSMUSG00000030956
Nptxr,ENSMUSG00000022421
Gtf2e2,ENSMUSG00000031585
Mbd4,ENSMUSG00000030322
Rpl3,ENSMUSG00000060036
Otub2,ENSMUSG00000021203
Slc22a21,ENSMUSG00000063652
Abhd6,ENSMUSG00000025277
Nrp1,ENSMUSG00000025810
Syngr1,ENSMUSG00000022415
Pdlim7,ENSMUSG00000021493
Kcnd1,ENSMUSG00000009731
Rbpms,ENSMUSG00000031586
Fam168a,ENSMUSG00000029461
Ddx24,ENSMUSG00000041645
Slc22a4,ENSMUSG00000020334
Otud5,ENSMUSG00000031154
Cr1l,ENSMUSG00000016481
Tab1,ENSMUSG00000022414
Flnb,ENSMUSG00000025278
Nudcd1,ENSMUSG00000038736
Csf1r,ENSMUSG00000024621
Zbtb7b,ENSMUSG00000028042
Slc27a2,ENSMUSG00000027359
Rsrc1,ENSMUSG00000034544
Eny2,ENSMUSG00000022338
Sft2d2,ENSMUSG00000040848
Fasn,ENSMUSG00000025153
Cry2,ENSMUSG00000068742
Gm3696,ENSMUSG00000092167
Icosl,ENSMUSG00000000732
Tiprl,ENSMUSG00000040843
Hmgxb3,ENSMUSG00000024622
Pim2,ENSMUSG00000031155
Ppp1r3b,ENSMUSG00000046794
Eri1,ENSMUSG00000031527
Scly,ENSMUSG00000026307
Mfhas1,ENSMUSG00000070056
Pwp2,ENSMUSG00000032834
Atp11c,ENSMUSG00000062949
Ift122,ENSMUSG00000030323
Ifi27l2a,ENSMUSG00000079017
Dok3,ENSMUSG00000035711
Slc35c1,ENSMUSG00000049922
Slc26a2,ENSMUSG00000034320
Ddx41,ENSMUSG00000021494
Chst1,ENSMUSG00000027221
Lonrf1,ENSMUSG00000039633
Pde6a,ENSMUSG00000024575
Trappc10,ENSMUSG00000000374
Ppbp,ENSMUSG00000029372
Gpr107,ENSMUSG00000000194
Espnl,ENSMUSG00000049515
Cept1,ENSMUSG00000040774
Agpat3,ENSMUSG00000001211
Fam193b,ENSMUSG00000021495
Dcaf6,ENSMUSG00000026571
Ppif,ENSMUSG00000021868
Bbs9,ENSMUSG00000035919
Zcchc24,ENSMUSG00000055538
Srp19,ENSMUSG00000014504
Anxa11,ENSMUSG00000021866
Pf4,ENSMUSG00000029373
4930481A15Rik,ENSMUSG00000086938
Mlf1,ENSMUSG00000048416
Klhl30,ENSMUSG00000026308
Reep5,ENSMUSG00000005873
Tmed9,ENSMUSG00000058569
Prdm11,ENSMUSG00000075028
Pkd2l2,ENSMUSG00000014503
Cr2,ENSMUSG00000026616
B4galt7,ENSMUSG00000021504
Flad1,ENSMUSG00000042642
Cct6b,ENSMUSG00000020698
Ncs1,ENSMUSG00000062661
Relt,ENSMUSG00000008318
2310015A10Rik,ENSMUSG00000097729
Caml,ENSMUSG00000021501
Cxcl2,ENSMUSG00000058427
B230219D22Rik,ENSMUSG00000045767
Txndc15,ENSMUSG00000021497
Pcbd2,ENSMUSG00000021496
Fam13b,ENSMUSG00000036501
Rrp1,ENSMUSG00000061032
Cks1b,ENSMUSG00000028044
Zfp830,ENSMUSG00000046010
Saal1,ENSMUSG00000006763
Ccdc57,ENSMUSG00000048445
Slmap,ENSMUSG00000021870
Tbca,ENSMUSG00000042043
Gfm1,ENSMUSG00000027774
AI429214,ENSMUSG00000074384
Poc5,ENSMUSG00000021671
P4ha2,ENSMUSG00000018906
Lxn,ENSMUSG00000047557
Znhit6,ENSMUSG00000074182
Copg2,ENSMUSG00000025607
Saa3,ENSMUSG00000040026
Cstb,ENSMUSG00000005054
Zranb1,ENSMUSG00000030967
Pdxk,ENSMUSG00000032788
Brd8,ENSMUSG00000003778
Arhgap4,ENSMUSG00000031389
Cic,ENSMUSG00000005442
Ilvbl,ENSMUSG00000032763
Polk,ENSMUSG00000021668
Ebag9,ENSMUSG00000022339
Parp16,ENSMUSG00000032392
Trp53i11,ENSMUSG00000068735
Mfsd1,ENSMUSG00000027775
Bop1,ENSMUSG00000022557
Hsf1,ENSMUSG00000022556
Dram2,ENSMUSG00000027900
Srsf6,ENSMUSG00000016921
Mthfd2l,ENSMUSG00000029376
Vps37a,ENSMUSG00000031600
Fam131a,ENSMUSG00000050821
Ilkap,ENSMUSG00000026309
Tmem215,ENSMUSG00000046593
Aptx,ENSMUSG00000028411
Pik3r4,ENSMUSG00000032571
Eftud2,ENSMUSG00000020929
Xrcc2,ENSMUSG00000028933
Plxnd1,ENSMUSG00000030123
Btc,ENSMUSG00000082361
Parm1,ENSMUSG00000034981
Bcl10,ENSMUSG00000028191
Hes6,ENSMUSG00000067071
Lman2l,ENSMUSG00000001143
Dnaja1,ENSMUSG00000028410
Tmcc1,ENSMUSG00000030126
2410004B18Rik,ENSMUSG00000036873
Kif20a,ENSMUSG00000003779
Dgat1,ENSMUSG00000022555
Cd53,ENSMUSG00000040747
Syde1,ENSMUSG00000032714
Clpx,ENSMUSG00000015357
Per2,ENSMUSG00000055866
Syde2,ENSMUSG00000036863
Actr3b,ENSMUSG00000056367
Smu1,ENSMUSG00000028409
Mkln1,ENSMUSG00000025609
Fbxl6,ENSMUSG00000022559
Shc1,ENSMUSG00000042626
Ass1,ENSMUSG00000076441
Traf3ip1,ENSMUSG00000034292
H2-Oa,ENSMUSG00000024334
Pafah1b3,ENSMUSG00000005447
Pdcd7,ENSMUSG00000041837
Slc52a2,ENSMUSG00000022560
B4galt1,ENSMUSG00000028413
Cdc23,ENSMUSG00000024370
Adck5,ENSMUSG00000022550
Brd2,ENSMUSG00000024335
Hmgcr,ENSMUSG00000021670
Asb1,ENSMUSG00000026311
Kbtbd13,ENSMUSG00000054978
Cbfb,ENSMUSG00000031885
Arhgef17,ENSMUSG00000032875
Podxl,ENSMUSG00000025608
3110056K07Rik,ENSMUSG00000085622
Bag1,ENSMUSG00000028416
Mtfmt,ENSMUSG00000059183
2610008E11Rik,ENSMUSG00000060301
Lrch3,ENSMUSG00000022801
Kdm3b,ENSMUSG00000038773
Ift52,ENSMUSG00000017858
Chmp5,ENSMUSG00000028419
Nfx1,ENSMUSG00000028423
Naip6,ENSMUSG00000078942
Fubp3,ENSMUSG00000026843
P2ry2,ENSMUSG00000032860
Cpsf1,ENSMUSG00000034022
AW112010,ENSMUSG00000075010
Kif18b,ENSMUSG00000051378
Dpy19l1,ENSMUSG00000043067
Polr3a,ENSMUSG00000025280
C1ql1,ENSMUSG00000045532
Dcakd,ENSMUSG00000020935
Megf8,ENSMUSG00000045039
Reep2,ENSMUSG00000038555
Dhx15,ENSMUSG00000029169
Rffl,ENSMUSG00000020696
Egr1,ENSMUSG00000038418
Gtf2h2,ENSMUSG00000021639
Rab12,ENSMUSG00000023460
Etf1,ENSMUSG00000024360
Pcgf5,ENSMUSG00000024805
Naa10,ENSMUSG00000031388
Rps24,ENSMUSG00000025290
Pygo2,ENSMUSG00000047824
Mybl2,ENSMUSG00000017861
Ctbp2,ENSMUSG00000030970
Pth1r,ENSMUSG00000032492
Pbxip1,ENSMUSG00000042613
Slc39a4,ENSMUSG00000063354
Ndufs7,ENSMUSG00000020153
Dpy19l4,ENSMUSG00000045205
Ttc5,ENSMUSG00000006288
Pmvk,ENSMUSG00000027952
Mpzl1,ENSMUSG00000026566
Spg21,ENSMUSG00000032388
Gamt,ENSMUSG00000020150
Ocln,ENSMUSG00000021638
Setd4,ENSMUSG00000022948
Tonsl,ENSMUSG00000059323
Tradd,ENSMUSG00000031887
Tbcd,ENSMUSG00000039230
Parp2,ENSMUSG00000036023
Dazap1,ENSMUSG00000069565
Ccdc149,ENSMUSG00000045790
Mcoln2,ENSMUSG00000011008
Hectd2,ENSMUSG00000041180
Fbxl8,ENSMUSG00000033313
Chchd3,ENSMUSG00000053768
Mtus1,ENSMUSG00000045636
Exosc2,ENSMUSG00000039356
Hdac4,ENSMUSG00000026313
Renbp,ENSMUSG00000031387
Marveld2,ENSMUSG00000021636
Nol6,ENSMUSG00000028430
Tep1,ENSMUSG00000006281
Fchsd2,ENSMUSG00000030691
Cbr1,ENSMUSG00000051483
Cbr3,ENSMUSG00000022947
Rad17,ENSMUSG00000021635
Plekho2,ENSMUSG00000050721
Sestd1,ENSMUSG00000042272
Exoc4,ENSMUSG00000029763
Ppp1r16a,ENSMUSG00000033819
Zfp213,ENSMUSG00000071256
Rcsd1,ENSMUSG00000040723
Ssx2ip,ENSMUSG00000036825
Cd82,ENSMUSG00000027215
Ube2r2,ENSMUSG00000036241
Ndufa10,ENSMUSG00000026260
B3gntl1,ENSMUSG00000046605
Taf9,ENSMUSG00000052293
Ccdc125,ENSMUSG00000048924
Gpt,ENSMUSG00000022546
Hcfc1,ENSMUSG00000031386
Fgfbp3,ENSMUSG00000047632
Osgep,ENSMUSG00000006289
Malat1,ENSMUSG00000092341
Creg1,ENSMUSG00000040713
Rps15,ENSMUSG00000063457
Prss50,ENSMUSG00000048752
Lipe,ENSMUSG00000003123
Cdk7,ENSMUSG00000069089
Neat1,ENSMUSG00000092274
Apc2,ENSMUSG00000020135
Tmie,ENSMUSG00000049555
Eepd1,ENSMUSG00000036611
Mfsd3,ENSMUSG00000019080
Metrnl,ENSMUSG00000039208
Recql4,ENSMUSG00000033762
Pif1,ENSMUSG00000041064
Otos,ENSMUSG00000044055
Ctbs,ENSMUSG00000028189
Apex1,ENSMUSG00000035960
Mpeg1,ENSMUSG00000046805
Mrps36,ENSMUSG00000061474
Dtx4,ENSMUSG00000039982
Gpc1,ENSMUSG00000034220
Ubap2,ENSMUSG00000028433
2310011J03Rik,ENSMUSG00000020133
Thoc6,ENSMUSG00000041319
Spata1,ENSMUSG00000028188
Pcsk4,ENSMUSG00000020131
Fam111a,ENSMUSG00000024691
Cenph,ENSMUSG00000045273
Lrrc14,ENSMUSG00000033728
Ccnb1,ENSMUSG00000041431
Irak1,ENSMUSG00000031392
Morc3,ENSMUSG00000039456
Cd247,ENSMUSG00000005763
Pnp2,ENSMUSG00000068417
Gng5,ENSMUSG00000068523
Lrrc24,ENSMUSG00000033707
Hcfc1r1,ENSMUSG00000023904
Rpf1,ENSMUSG00000028187
Sepsecs,ENSMUSG00000029173
Tnfrsf12a,ENSMUSG00000023905
Arhgap39,ENSMUSG00000033697
Rnase12,ENSMUSG00000068407
Fitm2,ENSMUSG00000048486
Alox5,ENSMUSG00000025701
Reep6,ENSMUSG00000035504
Rbpms2,ENSMUSG00000032387
Chaf1b,ENSMUSG00000022945
Paxip1,ENSMUSG00000002221
Peli2,ENSMUSG00000021846
Abl1,ENSMUSG00000026842
Slc30a5,ENSMUSG00000021629
H2-Eb2,ENSMUSG00000067341
H2-D1,ENSMUSG00000073411
Pi4k2b,ENSMUSG00000029186
Als2cl,ENSMUSG00000044037
Adamtsl5,ENSMUSG00000043822
Vps8,ENSMUSG00000033653
Paip1,ENSMUSG00000025451
Nol3,ENSMUSG00000014776
Ccdc60,ENSMUSG00000043913
Dcaf12,ENSMUSG00000028436
Gstm5,ENSMUSG00000004032
Zfp251,ENSMUSG00000022526
Rad54b,ENSMUSG00000078773
Dusp28,ENSMUSG00000047067
Exoc3l,ENSMUSG00000043251
Rpl8,ENSMUSG00000003970
Rnpepl1,ENSMUSG00000026269
H2-Q4,ENSMUSG00000035929
Zcchc4,ENSMUSG00000029179
Zfp647,ENSMUSG00000054967
Fsbp,ENSMUSG00000094595
1110038F14Rik,ENSMUSG00000063236
H2-Q6,ENSMUSG00000073409
E2f4,ENSMUSG00000014859
Zfp422,ENSMUSG00000059878
Ubap1,ENSMUSG00000028437
Gstm7,ENSMUSG00000004035
9430060I03Rik,ENSMUSG00000100632
Capn10,ENSMUSG00000026270
Akr1b10,ENSMUSG00000061758
Mex3d,ENSMUSG00000048696
Elmo3,ENSMUSG00000014791
Mbd3,ENSMUSG00000035478
Zfp609,ENSMUSG00000040524
Hnf4a,ENSMUSG00000017950
4833420G17Rik,ENSMUSG00000062822
Lrrc2,ENSMUSG00000032495
Kif24,ENSMUSG00000028438
Rbm33,ENSMUSG00000048271
Hps5,ENSMUSG00000014418
Tmem131,ENSMUSG00000026116
Rassf4,ENSMUSG00000042129
Ttpal,ENSMUSG00000017679
Nudt2,ENSMUSG00000028443
Uqcr11,ENSMUSG00000020163
Nup50,ENSMUSG00000016619
Tmem208,ENSMUSG00000014856
Tcf3,ENSMUSG00000020167
Rcbtb1,ENSMUSG00000035469
5031439G07Rik,ENSMUSG00000036046
A930007I19Rik,ENSMUSG00000097855
Snrnp48,ENSMUSG00000021431
Bpgm,ENSMUSG00000038871
Gstm2,ENSMUSG00000040562
Fhod1,ENSMUSG00000014778
Suds3,ENSMUSG00000066900
Dtnbp1,ENSMUSG00000057531
1700105P06Rik,ENSMUSG00000099923
Klf7,ENSMUSG00000025959
Prkacb,ENSMUSG00000005034
Serinc3,ENSMUSG00000017707
Slc9a5,ENSMUSG00000014786
Ddx23,ENSMUSG00000003360
Zfp637,ENSMUSG00000059689
Rnd1,ENSMUSG00000054855
Zfp239,ENSMUSG00000042097
Pkig,ENSMUSG00000035268
Enho,ENSMUSG00000028445
Creb1,ENSMUSG00000025958
Ddx46,ENSMUSG00000021500
Hnrnpf,ENSMUSG00000042079
Fkbp11,ENSMUSG00000003355
Anapc4,ENSMUSG00000029176
Arf3,ENSMUSG00000051853
Ada,ENSMUSG00000017697
Ccrl2,ENSMUSG00000043953
Sipa1,ENSMUSG00000056917
Zfp598,ENSMUSG00000041130
Trip4,ENSMUSG00000032386
4931414P19Rik,ENSMUSG00000022179
Ywhab,ENSMUSG00000018326
Lrrc36,ENSMUSG00000054320
Psmb5,ENSMUSG00000022193
Prkag1,ENSMUSG00000067713
Gbe1,ENSMUSG00000022707
Cdh24,ENSMUSG00000059674
Noxo1,ENSMUSG00000019320
Acin1,ENSMUSG00000022185
Gstm1,ENSMUSG00000058135
Tomm34,ENSMUSG00000018322
Hes1,ENSMUSG00000022528
Mecp2,ENSMUSG00000031393
Tbl3,ENSMUSG00000040688
Gstm4,ENSMUSG00000027890
Tmem64,ENSMUSG00000043252
Il11ra1,ENSMUSG00000073889
Ube2e3,ENSMUSG00000027011
Mettl21a,ENSMUSG00000025956
Naaa,ENSMUSG00000029413
Tppp3,ENSMUSG00000014846
Ccnyl1,ENSMUSG00000070871
Stk4,ENSMUSG00000018209
Ttll7,ENSMUSG00000036745
Zdhhc1,ENSMUSG00000039199
Kcns1,ENSMUSG00000040164
Fzd5,ENSMUSG00000045005
Rps2,ENSMUSG00000044533
Osbpl11,ENSMUSG00000022807
Acad8,ENSMUSG00000031969
Plekhm3,ENSMUSG00000051344
Atp6v0d1,ENSMUSG00000013160
Flna,ENSMUSG00000031328
Ndufb10,ENSMUSG00000040048
Rhebl1,ENSMUSG00000023755
Thyn1,ENSMUSG00000035443
Gtf2h1,ENSMUSG00000006599
Homer3,ENSMUSG00000003573
Hsd17b12,ENSMUSG00000027195
Vps26b,ENSMUSG00000031988
Tnik,ENSMUSG00000027692
Sdad1,ENSMUSG00000029415
Lrrfip2,ENSMUSG00000032497
Wdr41,ENSMUSG00000042015
Lmbr1l,ENSMUSG00000022999
Thumpd1,ENSMUSG00000030942
Itga4,ENSMUSG00000027009
Ddx49,ENSMUSG00000057788
Decr1,ENSMUSG00000028223
Slfn3,ENSMUSG00000018986
Fxyd4,ENSMUSG00000004988
Cope,ENSMUSG00000055681
Nbn,ENSMUSG00000028224
Fcho2,ENSMUSG00000041685
Tmem63b,ENSMUSG00000036026
Osgin2,ENSMUSG00000041153
Tuba1b,ENSMUSG00000023004
Ripk2,ENSMUSG00000041135
Usf2,ENSMUSG00000058239
Upf1,ENSMUSG00000058301
Tuba1a,ENSMUSG00000072235
Tuba1c,ENSMUSG00000043091
Slpi,ENSMUSG00000017002
Cerkl,ENSMUSG00000075256
Fnip1,ENSMUSG00000035992
Csgalnact2,ENSMUSG00000042042
Agbl3,ENSMUSG00000038836
Lmbr1,ENSMUSG00000010721
Troap,ENSMUSG00000032783
Mrpl14,ENSMUSG00000023939
Nnt,ENSMUSG00000025453
Ttc17,ENSMUSG00000027194
Mlh1,ENSMUSG00000032498
Comp,ENSMUSG00000031849
Gosr2,ENSMUSG00000020946
Sft2d1,ENSMUSG00000073468
Zfp7,ENSMUSG00000033669
Unc13b,ENSMUSG00000028456
Crtc1,ENSMUSG00000003575
Commd5,ENSMUSG00000055041
Cyth4,ENSMUSG00000018008
Epm2aip1,ENSMUSG00000046785
Csnk1g1,ENSMUSG00000032384
Klhl26,ENSMUSG00000055707
Nsf,ENSMUSG00000034187
H2-Q10,ENSMUSG00000067235
Rala,ENSMUSG00000008859
1810024B03Rik,ENSMUSG00000044145
Pou5f1,ENSMUSG00000024406
Emd,ENSMUSG00000001964
Ube3c,ENSMUSG00000039000
Tcf19,ENSMUSG00000050410
Cchcr1,ENSMUSG00000040312
Uba52,ENSMUSG00000090137
Rpl10,ENSMUSG00000008682
Elmo1,ENSMUSG00000041112
Taok3,ENSMUSG00000061288
Mfng,ENSMUSG00000018169
Arf2,ENSMUSG00000062421
Api5,ENSMUSG00000027193
1700123O20Rik,ENSMUSG00000040822
Tmem41a,ENSMUSG00000022856
Fkbp8,ENSMUSG00000019428
Cebpe,ENSMUSG00000052435
Slc7a8,ENSMUSG00000022180
Dnase1l1,ENSMUSG00000019088
Rapgef6,ENSMUSG00000037533
Vars2,ENSMUSG00000038838
Sdc4,ENSMUSG00000017009
Homez,ENSMUSG00000057156
Hmgcs1,ENSMUSG00000093930
Map3k11,ENSMUSG00000004054
Gga1,ENSMUSG00000033128
Bms1,ENSMUSG00000030138
Ppp1r3e,ENSMUSG00000072494
Bcl2l2,ENSMUSG00000089682
Ell,ENSMUSG00000070002
Snrnp200,ENSMUSG00000003660
Uqcrfs1,ENSMUSG00000038462
Isyna1,ENSMUSG00000019139
Dusp22,ENSMUSG00000069255
Zfp248,ENSMUSG00000030145
Pabpn1,ENSMUSG00000022194
Ehbp1l1,ENSMUSG00000024937
Lsr,ENSMUSG00000001247
Sh3bp1,ENSMUSG00000022436
Senp2,ENSMUSG00000022855
Ssbp4,ENSMUSG00000070003
Ankrd26,ENSMUSG00000007827
Ppib,ENSMUSG00000032383
Uck2,ENSMUSG00000026558
Sys1,ENSMUSG00000045503
Exoc2,ENSMUSG00000021357
Ptn,ENSMUSG00000029838
Lrrc25,ENSMUSG00000049988
Snx22,ENSMUSG00000039452
Gdf15,ENSMUSG00000038508
Pgpep1,ENSMUSG00000056204
Igf2bp2,ENSMUSG00000033581
Gtf2h4,ENSMUSG00000001524
Lgals1,ENSMUSG00000068220
Slc22a17,ENSMUSG00000022199
Tmco1,ENSMUSG00000052428
Atf1,ENSMUSG00000023027
Ciao1,ENSMUSG00000003662
Snx1,ENSMUSG00000032382
Lsm4,ENSMUSG00000031848
Pebp1,ENSMUSG00000032959
Eri2,ENSMUSG00000030929
Tmem127,ENSMUSG00000034850
Aldh9a1,ENSMUSG00000026687
Pde4c,ENSMUSG00000031842
Vsig10,ENSMUSG00000066894
Rexo1,ENSMUSG00000047417
Art3,ENSMUSG00000034842
Dapk2,ENSMUSG00000032380
Mgst3,ENSMUSG00000026688
Cdc42se2,ENSMUSG00000052298
Tra2b,ENSMUSG00000022858
Stard7,ENSMUSG00000027367
Slc11a2,ENSMUSG00000023030
Atp6ap1,ENSMUSG00000019087
Dock1,ENSMUSG00000058325
Lyrm7,ENSMUSG00000020268
Creb3l2,ENSMUSG00000038648
Herc1,ENSMUSG00000038664
Mpv17l2,ENSMUSG00000035559
Hint1,ENSMUSG00000020267
Trim24,ENSMUSG00000029833
Gcnt2,ENSMUSG00000021360
Usp25,ENSMUSG00000022867
Dusp2,ENSMUSG00000027368
Gpx3,ENSMUSG00000018339
Pik3r2,ENSMUSG00000031834
Reck,ENSMUSG00000028476
Pigt,ENSMUSG00000017721
Klf16,ENSMUSG00000035397
Fam89b,ENSMUSG00000024939
Mapt,ENSMUSG00000018411
Pak1ip1,ENSMUSG00000038683
Mast3,ENSMUSG00000031833
Mgat4a,ENSMUSG00000026110
Ltbp3,ENSMUSG00000024940
Letmd1,ENSMUSG00000037353
Fbxl22,ENSMUSG00000050503
Tmem14c,ENSMUSG00000021361
Usp3,ENSMUSG00000032376
Gdi1,ENSMUSG00000015291
Hspbap1,ENSMUSG00000022849
Glipr2,ENSMUSG00000028480
Parp14,ENSMUSG00000034422
Adat3,ENSMUSG00000113640
Clta,ENSMUSG00000028478
Fam50a,ENSMUSG00000001962
Csnk1g2,ENSMUSG00000003345
Wsb2,ENSMUSG00000029364
1110002L01Rik,ENSMUSG00000071456
Csrnp2,ENSMUSG00000044636
Dtx3l,ENSMUSG00000049502
Tfcp2,ENSMUSG00000009733
Il12rb1,ENSMUSG00000000791
Plxna3,ENSMUSG00000031398
Scyl1,ENSMUSG00000024941
Car12,ENSMUSG00000032373
Cxcl10,ENSMUSG00000034855
Parp9,ENSMUSG00000022906
Rag2,ENSMUSG00000032864
Nup54,ENSMUSG00000034826
Dot1l,ENSMUSG00000061589
Wfdc2,ENSMUSG00000017723
Arrdc2,ENSMUSG00000002910
Pbx1,ENSMUSG00000052534
Aph1b,ENSMUSG00000032375
Ccdc124,ENSMUSG00000007721
Traf6,ENSMUSG00000027164
Rbpj,ENSMUSG00000039191
Gne,ENSMUSG00000028479
Dcun1d3,ENSMUSG00000048787
D630045J12Rik,ENSMUSG00000063455
Lage3,ENSMUSG00000015289
Rpl18a,ENSMUSG00000045128
Lyrm1,ENSMUSG00000030922
Aph1c,ENSMUSG00000053040
Dazap2,ENSMUSG00000000346
Slc10a3,ENSMUSG00000032806
Rab8b,ENSMUSG00000036943
Smagp,ENSMUSG00000053559
Rps27l,ENSMUSG00000036781
Zc3hav1l,ENSMUSG00000047749
Spin1,ENSMUSG00000021395
Fam3a,ENSMUSG00000031399
Plekhj1,ENSMUSG00000035278
Zc3hav1,ENSMUSG00000029826
Fxyd5,ENSMUSG00000009687
Lactb,ENSMUSG00000032370
Haus8,ENSMUSG00000035439
Cryl1,ENSMUSG00000021947
Sf3a2,ENSMUSG00000020211
Enc1,ENSMUSG00000041773
Arpp21,ENSMUSG00000032503
Gpha2,ENSMUSG00000024784
Ppp2r5b,ENSMUSG00000024777
Rnase4,ENSMUSG00000021876
Ang,ENSMUSG00000072115
Use1,ENSMUSG00000002395
Jsrp1,ENSMUSG00000020216
Rnase6,ENSMUSG00000021880
Tnip1,ENSMUSG00000020400
Rnf38,ENSMUSG00000035696
Cela1,ENSMUSG00000023031
Lsm7,ENSMUSG00000035215
Lrp10,ENSMUSG00000022175
Atg2a,ENSMUSG00000024773
Ampd2,ENSMUSG00000027889
Galnt6,ENSMUSG00000037280
Fam199x,ENSMUSG00000042595
Rem2,ENSMUSG00000022176
Ubn2,ENSMUSG00000038538
Prmt5,ENSMUSG00000023110
Wfdc3,ENSMUSG00000076434
Ocel1,ENSMUSG00000002396
Prr5l,ENSMUSG00000032841
Nr2f6,ENSMUSG00000002393
Scarb2,ENSMUSG00000029426
Haus4,ENSMUSG00000022177
Ehd1,ENSMUSG00000024772
Eif5a2,ENSMUSG00000050192
Rpl22l1,ENSMUSG00000039221
Lpar6,ENSMUSG00000033446
Luc7l2,ENSMUSG00000029823
Itm2b,ENSMUSG00000022108
Melk,ENSMUSG00000035683
Ankle1,ENSMUSG00000046295
Cdc42bpg,ENSMUSG00000024769
Mid1,ENSMUSG00000035299
Stbd1,ENSMUSG00000047963
Med4,ENSMUSG00000022109
Mrgpra2a,ENSMUSG00000093973
Tbc1d19,ENSMUSG00000039178
Mrgpra2b,ENSMUSG00000096719
Gnat2,ENSMUSG00000009108
Abhd8,ENSMUSG00000007950
Eif2ak2,ENSMUSG00000024079
Nudt15,ENSMUSG00000033405
Tle2,ENSMUSG00000034771
Mrpl34,ENSMUSG00000034880
Fxyd7,ENSMUSG00000036578
Dnttip1,ENSMUSG00000017299
Dda1,ENSMUSG00000074247
Sucla2,ENSMUSG00000022110
Men1,ENSMUSG00000024947
Ano8,ENSMUSG00000034863
Commd9,ENSMUSG00000027163
Nr4a1,ENSMUSG00000023034
Nuf2,ENSMUSG00000026683
Ccdc158,ENSMUSG00000050050
Mzt1,ENSMUSG00000033186
Ube2c,ENSMUSG00000001403
Cebpz,ENSMUSG00000024081
Plvap,ENSMUSG00000034845
Hipk2,ENSMUSG00000061436
Bst2,ENSMUSG00000046718
Ldlrad3,ENSMUSG00000048058
Tbl1x,ENSMUSG00000025246
Gnai3,ENSMUSG00000000001
Dis3,ENSMUSG00000033166
Krt7,ENSMUSG00000023039
9330151L19Rik,ENSMUSG00000097061
Tmem221,ENSMUSG00000043664
Snx21,ENSMUSG00000050373
Slc27a1,ENSMUSG00000031808
Zfp873,ENSMUSG00000061371
Prkx,ENSMUSG00000035725
Trim44,ENSMUSG00000027189
AU041133,ENSMUSG00000078435
Zfp938,ENSMUSG00000062931
Stim2,ENSMUSG00000039156
Acot8,ENSMUSG00000017307
Prkd3,ENSMUSG00000024070
Amigo1,ENSMUSG00000050947
Chst11,ENSMUSG00000034612
Zcchc7,ENSMUSG00000035649
Cyb561d1,ENSMUSG00000048796
Pgls,ENSMUSG00000031807
Zswim3,ENSMUSG00000045822
Hsd17b7,ENSMUSG00000026675
Atxn7l2,ENSMUSG00000048997
Acap1,ENSMUSG00000001588
Dcaf10,ENSMUSG00000035572
Zswim1,ENSMUSG00000017764
Zdhhc13,ENSMUSG00000030471
Tsga10,ENSMUSG00000060771
Map4k2,ENSMUSG00000024948
Neurl2,ENSMUSG00000039873
Zmynd19,ENSMUSG00000026974
Anxa6,ENSMUSG00000018340
Pcdh7,ENSMUSG00000029108
Tbxas1,ENSMUSG00000029925
1300002E11Rik,ENSMUSG00000097290
Shb,ENSMUSG00000044813
Csrp3,ENSMUSG00000030470
Unc13a,ENSMUSG00000034799
Cetn2,ENSMUSG00000031347
Aldh1b1,ENSMUSG00000035561
Smarcd1,ENSMUSG00000023018
Psma5,ENSMUSG00000068749
E2f8,ENSMUSG00000046179
Parp12,ENSMUSG00000038507
Nsdhl,ENSMUSG00000031349
Qpct,ENSMUSG00000024084
Mecom,ENSMUSG00000027684
Npw,ENSMUSG00000071230
Appl2,ENSMUSG00000020263
Ptpre,ENSMUSG00000041836
Gpd1,ENSMUSG00000023019
Slc37a3,ENSMUSG00000029924
Hagh,ENSMUSG00000024158
Tdrd7,ENSMUSG00000035517
Jak3,ENSMUSG00000031805
Ctsa,ENSMUSG00000017760
Ccdc69,ENSMUSG00000049588
Enox2,ENSMUSG00000031109
Rab19,ENSMUSG00000029923
Tmod1,ENSMUSG00000028328
Mkrn1,ENSMUSG00000029922
Gm2a,ENSMUSG00000000594
Nubp2,ENSMUSG00000039183
2810408A11Rik,ENSMUSG00000018570
Lipt1,ENSMUSG00000037216
Mitd1,ENSMUSG00000026088
Tstd2,ENSMUSG00000035495
Khdrbs3,ENSMUSG00000022332
Pdcd6ip,ENSMUSG00000032504
Ncbp1,ENSMUSG00000028330
Spsb3,ENSMUSG00000024160
Sf1,ENSMUSG00000024949
Trps1,ENSMUSG00000038679
Gpr160,ENSMUSG00000037661
Xpa,ENSMUSG00000028329
Zc3h3,ENSMUSG00000075600
Adck2,ENSMUSG00000046947
Cdca2,ENSMUSG00000048922
Sec63,ENSMUSG00000019802
Slc36a1,ENSMUSG00000020261
Eef1d,ENSMUSG00000055762
Ndufb2,ENSMUSG00000002416
1700007L15Rik,ENSMUSG00000097318
B3gnt3,ENSMUSG00000031803
Eme2,ENSMUSG00000073436
Fcho1,ENSMUSG00000070000
Braf,ENSMUSG00000002413
Tpm1,ENSMUSG00000032366
Scml4,ENSMUSG00000044770
Hemgn,ENSMUSG00000028332
Mrps34,ENSMUSG00000038880
Nme3,ENSMUSG00000073435
Anp32b,ENSMUSG00000028333
Mrps33,ENSMUSG00000029918
Mki67,ENSMUSG00000031004
Nckap1,ENSMUSG00000027002
Fbxo21,ENSMUSG00000032898
Nans,ENSMUSG00000028334
Tmem167b,ENSMUSG00000068732
Acaca,ENSMUSG00000020532
Taf13,ENSMUSG00000048100
Fxyd1,ENSMUSG00000036570
Agk,ENSMUSG00000029916
Mrpl30,ENSMUSG00000026087
Trim14,ENSMUSG00000039853
Wdr47,ENSMUSG00000040389
Thap4,ENSMUSG00000026279
Clcc1,ENSMUSG00000027884
Kctd9,ENSMUSG00000034327
Coro2a,ENSMUSG00000028337
Arap2,ENSMUSG00000037999
Nudt12,ENSMUSG00000024228
Rpe,ENSMUSG00000026005
Gpsm2,ENSMUSG00000027883
Tbc1d2,ENSMUSG00000039813
Gnrh1,ENSMUSG00000015812
Fkbp2,ENSMUSG00000056629
Ssbp1,ENSMUSG00000029911
Dock5,ENSMUSG00000044447
Tesc,ENSMUSG00000029359
Gemin6,ENSMUSG00000055760
Dhx57,ENSMUSG00000035051
Txndc9,ENSMUSG00000058407
Msl3,ENSMUSG00000031358
Phc3,ENSMUSG00000037652
Clec5a,ENSMUSG00000029915
Aatf,ENSMUSG00000018697
Fbxw8,ENSMUSG00000032867
Pcif1,ENSMUSG00000039849
Slc39a14,ENSMUSG00000022094
Sgms1,ENSMUSG00000040451
Galnt12,ENSMUSG00000039774
Mgmt,ENSMUSG00000054612
2410018L13Rik,ENSMUSG00000073164
Arhgap6,ENSMUSG00000031355
Rbfox2,ENSMUSG00000033565
Dusp19,ENSMUSG00000027001
Rell1,ENSMUSG00000047881
Morn2,ENSMUSG00000045257
Zfp335,ENSMUSG00000039834
Eif5b,ENSMUSG00000026083
Pgm2,ENSMUSG00000029171
Sos1,ENSMUSG00000024241
Minpp1,ENSMUSG00000024896
Tbc1d1,ENSMUSG00000029174
Htatip2,ENSMUSG00000039745
Ifit3,ENSMUSG00000074896
Mrm1,ENSMUSG00000018405
Ifit1,ENSMUSG00000034459
Atox1,ENSMUSG00000018585
Acadl,ENSMUSG00000026003
Nup35,ENSMUSG00000026999
Pim1,ENSMUSG00000024014
Dhrs11,ENSMUSG00000034449
Ldb1,ENSMUSG00000025223
Kctd12,ENSMUSG00000098557
G3bp1,ENSMUSG00000018583
Tgfbr1,ENSMUSG00000007613
Prmt3,ENSMUSG00000030505
Cln5,ENSMUSG00000022125
Fbxl3,ENSMUSG00000022124
Tbc1d22b,ENSMUSG00000042203
Glra1,ENSMUSG00000000263
Rev1,ENSMUSG00000026082
Lonp2,ENSMUSG00000047866
Hspa1a,ENSMUSG00000091971
Nr4a3,ENSMUSG00000028341
Arf4,ENSMUSG00000021877
Lsm2,ENSMUSG00000007050
Hpn,ENSMUSG00000001249
Hccs,ENSMUSG00000031352
Stx17,ENSMUSG00000061455
Nos1ap,ENSMUSG00000038473
Zc3h15,ENSMUSG00000027091
Pde12,ENSMUSG00000043702
Erp44,ENSMUSG00000028343
Invs,ENSMUSG00000028344
Taf1,ENSMUSG00000031314
Prkci,ENSMUSG00000037643
Itgav,ENSMUSG00000027087
Pprc1,ENSMUSG00000055491
Neurl4,ENSMUSG00000047284
Siah1a,ENSMUSG00000036840
N4bp1,ENSMUSG00000031652
Scn1b,ENSMUSG00000019194
Letm2,ENSMUSG00000037363
Tex10,ENSMUSG00000028345
Atf6,ENSMUSG00000026663
Appl1,ENSMUSG00000040760
3110070M22Rik,ENSMUSG00000074635
Lancl1,ENSMUSG00000026000
Nolc1,ENSMUSG00000015176
Hesx1,ENSMUSG00000040726
Gm9776,ENSMUSG00000042857
Prpf38b,ENSMUSG00000027881
Slc12a5,ENSMUSG00000017740
Apol9a,ENSMUSG00000057346
Dusp12,ENSMUSG00000026659
Skil,ENSMUSG00000027660
Baiap2l2,ENSMUSG00000018126
Aff3,ENSMUSG00000037138
Cgrrf1,ENSMUSG00000055128
Pla2g6,ENSMUSG00000042632
Mrpl50,ENSMUSG00000044018
Zfp189,ENSMUSG00000039634
Pnp,ENSMUSG00000115338
Gbf1,ENSMUSG00000025224
Gatad2b,ENSMUSG00000042390
Msh5,ENSMUSG00000007035
Rpgrip1,ENSMUSG00000057132
Rnf20,ENSMUSG00000028309
Fam114a1,ENSMUSG00000029185
Slc7a14,ENSMUSG00000069072
Bag4,ENSMUSG00000037316
Ifi30,ENSMUSG00000031838
Rab3a,ENSMUSG00000031840
Klhl5,ENSMUSG00000054920
Clic1,ENSMUSG00000007041
Ddhd2,ENSMUSG00000061313
Ncoa5,ENSMUSG00000039804
Rbm19,ENSMUSG00000029594
Ddah2,ENSMUSG00000007039
Mapk1ip1,ENSMUSG00000041775
Nfkb2,ENSMUSG00000025225
Ppp2r2d,ENSMUSG00000041769
Gps2,ENSMUSG00000023170
Gramd1a,ENSMUSG00000001248
Slc25a24,ENSMUSG00000040322
Smc2,ENSMUSG00000028312
Jund,ENSMUSG00000071076
Sfi1,ENSMUSG00000023764
Sdsl,ENSMUSG00000029596
Pdcl3,ENSMUSG00000026078
Vav3,ENSMUSG00000033721
Abhd16a,ENSMUSG00000007036
Lsm1,ENSMUSG00000037296
Star,ENSMUSG00000031574
Crtap,ENSMUSG00000032431
Mapre3,ENSMUSG00000029166
Ly6g5b,ENSMUSG00000043807
Psd,ENSMUSG00000037126
Glb1,ENSMUSG00000045594
Csnk2b,ENSMUSG00000024387
Ifrd1,ENSMUSG00000001627
Ash2l,ENSMUSG00000031575
Maff,ENSMUSG00000042622
Chd8,ENSMUSG00000053754
Tmem184b,ENSMUSG00000009035
Fcgr2b,ENSMUSG00000026656
Tmppe,ENSMUSG00000079260
Plbd2,ENSMUSG00000029598
Gm7008,ENSMUSG00000035983
Cd44,ENSMUSG00000005087
Cnot10,ENSMUSG00000056167
Csnk1e,ENSMUSG00000022433
Prmt6,ENSMUSG00000049300
Abca1,ENSMUSG00000015243
Fbxl15,ENSMUSG00000025226
Wdr19,ENSMUSG00000037890
Cuedc2,ENSMUSG00000036748
Gpank1,ENSMUSG00000092417
Eef2k,ENSMUSG00000035064
Helb,ENSMUSG00000020228
Actl6a,ENSMUSG00000027671
D17H6S53E,ENSMUSG00000043311
Ddx17,ENSMUSG00000055065
Irak3,ENSMUSG00000020227
Rab2b,ENSMUSG00000022159
Slc44a1,ENSMUSG00000028412
Bag6,ENSMUSG00000024392
C230035I16Rik,ENSMUSG00000085024
Fcgr3,ENSMUSG00000059498
Dync1li1,ENSMUSG00000032435
Tmbim4,ENSMUSG00000020225
Cmtm6,ENSMUSG00000032434
Ikzf2,ENSMUSG00000025997
Cmtm7,ENSMUSG00000032436
Tox4,ENSMUSG00000016831
Llph,ENSMUSG00000020224
Cmtm8,ENSMUSG00000041012
Tdg,ENSMUSG00000034674
Gpd1l,ENSMUSG00000050627
Mettl3,ENSMUSG00000022160
Zfp358,ENSMUSG00000047264
Rnpc3,ENSMUSG00000027981
Mcoln1,ENSMUSG00000004567
Fktn,ENSMUSG00000028414
Actr1a,ENSMUSG00000025228
Dmc1,ENSMUSG00000022429
Rpl31,ENSMUSG00000073702
Pls3,ENSMUSG00000016382
Sufu,ENSMUSG00000025231
Tmem38b,ENSMUSG00000028420
Sall2,ENSMUSG00000049532
Glt8d2,ENSMUSG00000020251
Pnpla6,ENSMUSG00000004565
Dcaf11,ENSMUSG00000022214
Cby1,ENSMUSG00000022428
Zfp462,ENSMUSG00000060206
Ppip5k2,ENSMUSG00000040648
Rrp7a,ENSMUSG00000018040
Stt3b,ENSMUSG00000032437
Gdf11,ENSMUSG00000025352
Poldip3,ENSMUSG00000041815
Cd63,ENSMUSG00000025351
Dnajc16,ENSMUSG00000040697
Anxa3,ENSMUSG00000029484
Cyb5r3,ENSMUSG00000018042
Drg1,ENSMUSG00000020457
Casp9,ENSMUSG00000028914
Rdh5,ENSMUSG00000025350
Fancf,ENSMUSG00000092118
Bloc1s1,ENSMUSG00000090247
Trim8,ENSMUSG00000025034
Dock11,ENSMUSG00000031093
Tanc2,ENSMUSG00000053580
Arl3,ENSMUSG00000025035
Gas2,ENSMUSG00000030498
Sfxn2,ENSMUSG00000025036
Efhd2,ENSMUSG00000040659
Arfgap3,ENSMUSG00000054277
Svip,ENSMUSG00000074093
Ggnbp2,ENSMUSG00000020530
Aif1,ENSMUSG00000024397
Fitm1,ENSMUSG00000022215
Pacsin2,ENSMUSG00000016664
Psme1,ENSMUSG00000022216
Plekhn1,ENSMUSG00000078485
Bmp2k,ENSMUSG00000034663
Tmem18,ENSMUSG00000043061
Lst1,ENSMUSG00000073412
Ttll1,ENSMUSG00000022442
Ltb,ENSMUSG00000024399
Fyn,ENSMUSG00000019843
Ogt,ENSMUSG00000034160
Acp1,ENSMUSG00000044573
As3mt,ENSMUSG00000003559
Tnf,ENSMUSG00000024401
Sdhc,ENSMUSG00000058076
Sgms2,ENSMUSG00000050931
Paqr3,ENSMUSG00000055725
Tbl1xr1,ENSMUSG00000027630
Nfkbil1,ENSMUSG00000042419
Atp6v1g2,ENSMUSG00000024403
Ms4a6b,ENSMUSG00000024677
Bik,ENSMUSG00000016758
Sh3yl1,ENSMUSG00000020669
Gin1,ENSMUSG00000026333
Tpcn1,ENSMUSG00000032741
Ddx39b,ENSMUSG00000019432
Camsap3,ENSMUSG00000044433
Mcat,ENSMUSG00000048755
Tspo,ENSMUSG00000041736
Ms4a6d,ENSMUSG00000024679
Psme2,ENSMUSG00000079197
Ttll12,ENSMUSG00000016757
Tbc1d8,ENSMUSG00000003134
Ms4a2,ENSMUSG00000024680
Polr3e,ENSMUSG00000030880
Prr5,ENSMUSG00000036106
Pdhx,ENSMUSG00000010914
Zbtb12,ENSMUSG00000049823
Iqcd,ENSMUSG00000029601
Ms4a3,ENSMUSG00000024681
Ehmt2,ENSMUSG00000013787
Antxr2,ENSMUSG00000029338
Pigw,ENSMUSG00000045140
Oosp1,ENSMUSG00000041857
Fam114a2,ENSMUSG00000020523
Apip,ENSMUSG00000010911
Rnf31,ENSMUSG00000047098
Bcap29,ENSMUSG00000020650
Otud3,ENSMUSG00000041161
Slc35c2,ENSMUSG00000017664
Dus4l,ENSMUSG00000020648
Bcdin3d,ENSMUSG00000037525
Dctn3,ENSMUSG00000028447
Bard1,ENSMUSG00000026196
Cog5,ENSMUSG00000035933
Mrpl16,ENSMUSG00000024683
Stx3,ENSMUSG00000041488
Rpgr,ENSMUSG00000031174
Vps13c,ENSMUSG00000035284
Traf3ip2,ENSMUSG00000019842
Sigmar1,ENSMUSG00000036078
Ythdf3,ENSMUSG00000047213
Ddx54,ENSMUSG00000029599
Hbp1,ENSMUSG00000002996
Irf9,ENSMUSG00000002325
Mfap3,ENSMUSG00000020522
Xab2,ENSMUSG00000019470
Btbd2,ENSMUSG00000003344
Ccl27a,ENSMUSG00000073888
Myo19,ENSMUSG00000020527
Sort1,ENSMUSG00000068747
Mknk2,ENSMUSG00000020190
Pcp4l1,ENSMUSG00000038370
Racgap1,ENSMUSG00000023015
Rec8,ENSMUSG00000002324
Rfc1,ENSMUSG00000029191
Patl1,ENSMUSG00000046139
Znhit3,ENSMUSG00000020526
Mob3a,ENSMUSG00000003348
Ipo4,ENSMUSG00000002319
Izumo4,ENSMUSG00000055862
Osbp,ENSMUSG00000024687
Inpp5a,ENSMUSG00000025477
Stk35,ENSMUSG00000037885
Galnt10,ENSMUSG00000020520
Stxbp2,ENSMUSG00000004626
Galt,ENSMUSG00000036073
Pam,ENSMUSG00000026335
Pygm,ENSMUSG00000032648
Elmo2,ENSMUSG00000017670
Ap3d1,ENSMUSG00000020198
1110046J04Rik,ENSMUSG00000085457
Sap30l,ENSMUSG00000020519
Prkar2b,ENSMUSG00000002997
Eif5a,ENSMUSG00000078812
Rasgrp2,ENSMUSG00000032946
Rora,ENSMUSG00000032238
Psrc1,ENSMUSG00000068744
Alg6,ENSMUSG00000073792
Tm9sf1,ENSMUSG00000002320
Med23,ENSMUSG00000019984
Atic,ENSMUSG00000026192
Mettl9,ENSMUSG00000030876
Slc31a1,ENSMUSG00000066150
Celsr2,ENSMUSG00000068740
Cdc26,ENSMUSG00000066149
Trappc5,ENSMUSG00000040236
Prpf4,ENSMUSG00000066148
Igsf6,ENSMUSG00000035004
Anxa2,ENSMUSG00000032231
Tssk4,ENSMUSG00000007591
Pik3cg,ENSMUSG00000020573
Wdr31,ENSMUSG00000028391
Matn2,ENSMUSG00000022324
Neu1,ENSMUSG00000007038
Zfp760,ENSMUSG00000067928
Bnip2,ENSMUSG00000011958
Mdp1,ENSMUSG00000002329
Zfp229,ENSMUSG00000061544
Nedd8,ENSMUSG00000010376
Zfp820,ENSMUSG00000069743
Gmpr2,ENSMUSG00000002326
Nampt,ENSMUSG00000020572
Gon4l,ENSMUSG00000054199
Prkce,ENSMUSG00000045038
Bspry,ENSMUSG00000028392
Tinf2,ENSMUSG00000007589
Tomm40l,ENSMUSG00000005674
4933406C10Rik,ENSMUSG00000097494
Tubgcp5,ENSMUSG00000033790
Eif4enif1,ENSMUSG00000020454
Hdhd3,ENSMUSG00000038422
Alad,ENSMUSG00000028393
Msto1,ENSMUSG00000068922
Gtf2a2,ENSMUSG00000033543
Tgm1,ENSMUSG00000022218
Rasal1,ENSMUSG00000029602
Pole3,ENSMUSG00000028394
Rgs3,ENSMUSG00000059810
Dap3,ENSMUSG00000068921
Rabggta,ENSMUSG00000040472
Ccdc59,ENSMUSG00000019897
Sms,ENSMUSG00000071708
Lmf1,ENSMUSG00000002279
Rpl9,ENSMUSG00000047215
Mbtps2,ENSMUSG00000046873
Chtf18,ENSMUSG00000019214
Vps13a,ENSMUSG00000046230
Elane,ENSMUSG00000020125
Lias,ENSMUSG00000029199
Pign,ENSMUSG00000056536
Med16,ENSMUSG00000013833
Ugdh,ENSMUSG00000029201
Afg3l1,ENSMUSG00000031967
Atxn7l1,ENSMUSG00000020564
Kif21a,ENSMUSG00000022629
Rpusd1,ENSMUSG00000041199
Uba2,ENSMUSG00000052997
Dhrs1,ENSMUSG00000002332
Mtap,ENSMUSG00000062937
Kiss1r,ENSMUSG00000035773
Rasgef1b,ENSMUSG00000089809
Arid3a,ENSMUSG00000019564
Slc16a2,ENSMUSG00000033965
Ptges2,ENSMUSG00000026820
2610020C07Rik,ENSMUSG00000097537
Macf1,ENSMUSG00000028649
Cideb,ENSMUSG00000022219
Patz1,ENSMUSG00000020453
Wdr18,ENSMUSG00000035754
S1pr1,ENSMUSG00000045092
Usp31,ENSMUSG00000063317
Dph5,ENSMUSG00000033554
Ltb4r1,ENSMUSG00000046908
Ddx59,ENSMUSG00000026404
Adcy4,ENSMUSG00000022220
Dctd,ENSMUSG00000031562
Pdcd2l,ENSMUSG00000002635
Zfp281,ENSMUSG00000041483
Slc2a10,ENSMUSG00000027661
Eya2,ENSMUSG00000017897
Slc38a6,ENSMUSG00000044712
Hsdl1,ENSMUSG00000034189
Serpini1,ENSMUSG00000027834
Cldn7,ENSMUSG00000018569
Cog7,ENSMUSG00000034951
Taf1c,ENSMUSG00000031832
Cnn2,ENSMUSG00000004665
Haghl,ENSMUSG00000061046
Il12a,ENSMUSG00000027776
Mta2,ENSMUSG00000071646
Ripk3,ENSMUSG00000022221
Pik3ip1,ENSMUSG00000034614
Prkch,ENSMUSG00000021108
Oas1g,ENSMUSG00000066861
Gpi1,ENSMUSG00000036427
Them4,ENSMUSG00000028145
Ube2k,ENSMUSG00000029203
Rab32,ENSMUSG00000019832
Tut1,ENSMUSG00000071645
Eef1g,ENSMUSG00000071644
Ptprr,ENSMUSG00000020151
Atp2c2,ENSMUSG00000034112
Hipk3,ENSMUSG00000027177
Ahnak,ENSMUSG00000069833
Oas1a,ENSMUSG00000052776
Ccdc78,ENSMUSG00000071202
Klhl36,ENSMUSG00000031828
Asrgl1,ENSMUSG00000024654
Ctdnep1,ENSMUSG00000018559
Pds5a,ENSMUSG00000029202
Usp10,ENSMUSG00000031826
Tdrkh,ENSMUSG00000041912
Nynrin,ENSMUSG00000075592
Gabarap,ENSMUSG00000018567
Jdp2,ENSMUSG00000034271
Incenp,ENSMUSG00000024660
Khnyn,ENSMUSG00000047153
Gga2,ENSMUSG00000030872
Wdr24,ENSMUSG00000025737
Zmynd8,ENSMUSG00000039671
Phf23,ENSMUSG00000018572
Batf,ENSMUSG00000034266
Sdr39u1,ENSMUSG00000022223
Jmjd8,ENSMUSG00000025736
Myo1e,ENSMUSG00000032220
Mrpl9,ENSMUSG00000028140
Limk2,ENSMUSG00000020451
Ttll5,ENSMUSG00000012609
Crispld2,ENSMUSG00000031825
A230072E10Rik,ENSMUSG00000084771
Stub1,ENSMUSG00000039615
Ears2,ENSMUSG00000030871
Ccnb2,ENSMUSG00000032218
Zcchc2,ENSMUSG00000038866
Azi2,ENSMUSG00000039285
Fth1,ENSMUSG00000024661
Mfsd5,ENSMUSG00000045665
Ptpn11,ENSMUSG00000043733
Espl1,ENSMUSG00000058290
Best1,ENSMUSG00000037418
Zdhhc7,ENSMUSG00000031823
Rhot2,ENSMUSG00000025733
Rab3il1,ENSMUSG00000024663
Ift88,ENSMUSG00000040040
Cstf3,ENSMUSG00000027176
Ubfd1,ENSMUSG00000030870
Phlpp1,ENSMUSG00000044340
2010308F09Rik,ENSMUSG00000100714
Ndufab1,ENSMUSG00000030869
Tmtc3,ENSMUSG00000036676
Slc5a6,ENSMUSG00000006641
Bcl2,ENSMUSG00000057329
Cmc1,ENSMUSG00000039163
Pfdn5,ENSMUSG00000001289
Tcp11l1,ENSMUSG00000027175
Mrpl15,ENSMUSG00000033845
Rnf111,ENSMUSG00000032217
Exosc8,ENSMUSG00000027752
Lsm14a,ENSMUSG00000066568
Fads3,ENSMUSG00000024664
Xpo4,ENSMUSG00000021952
Wdr90,ENSMUSG00000073434
Bcas3,ENSMUSG00000059439
Depdc7,ENSMUSG00000027173
Myg1,ENSMUSG00000001285
Qser1,ENSMUSG00000074994
Kdsr,ENSMUSG00000009905
Cep290,ENSMUSG00000019971
Vps4b,ENSMUSG00000009907
Fads2,ENSMUSG00000024665
Lats2,ENSMUSG00000021959
Gse1,ENSMUSG00000031822
Aaas,ENSMUSG00000036678
Alg5,ENSMUSG00000036632
Prrg4,ENSMUSG00000027171
4930453N24Rik,ENSMUSG00000059920
Zfp654,ENSMUSG00000047141
Ccdc73,ENSMUSG00000045106
Cggbp1,ENSMUSG00000054604
Golga4,ENSMUSG00000038708
Fads1,ENSMUSG00000010663
Rfxap,ENSMUSG00000036615
Sap18,ENSMUSG00000021963
Palb2,ENSMUSG00000044702
Srsf11,ENSMUSG00000055436
Tnk2,ENSMUSG00000022791
Rpl6,ENSMUSG00000029614
Fen1,ENSMUSG00000024742
Zdhhc20,ENSMUSG00000021969
Eif3m,ENSMUSG00000027170
Sltm,ENSMUSG00000032212
Sp1,ENSMUSG00000001280
Gins2,ENSMUSG00000031821
Prex1,ENSMUSG00000039621
Polr3d,ENSMUSG00000000776
1190005I06Rik,ENSMUSG00000043687
Prr13,ENSMUSG00000023048
Lypla1,ENSMUSG00000025903
Rbm47,ENSMUSG00000070780
Itga9,ENSMUSG00000039115
Pcbp2,ENSMUSG00000056851
Bmp1,ENSMUSG00000022098
Pepd,ENSMUSG00000063931
Cox4i1,ENSMUSG00000031818
Pigq,ENSMUSG00000025728
Cebpg,ENSMUSG00000056216
Irf8,ENSMUSG00000041515
Lrrc40,ENSMUSG00000063052
Dctn5,ENSMUSG00000030868
Dvl2,ENSMUSG00000020888
Reep4,ENSMUSG00000033589
Plk1,ENSMUSG00000030867
Cyfip1,ENSMUSG00000030447
Adam10,ENSMUSG00000054693
Mthfsd,ENSMUSG00000031816
Timm13,ENSMUSG00000020219
Lmnb2,ENSMUSG00000062075
Nek7,ENSMUSG00000026393
Trafd1,ENSMUSG00000042726
Ern1,ENSMUSG00000020715
Nudt18,ENSMUSG00000045211
Aqp9,ENSMUSG00000032204
Gadd45b,ENSMUSG00000015312
Brip1,ENSMUSG00000034329
Gng7,ENSMUSG00000048240
Ier3,ENSMUSG00000003541
Tcea1,ENSMUSG00000033813
N6amt1,ENSMUSG00000044442
Flot1,ENSMUSG00000059714
Gpr68,ENSMUSG00000047415
Naa25,ENSMUSG00000042719
Acadvl,ENSMUSG00000018574
Slc39a3,ENSMUSG00000046822
Ltn1,ENSMUSG00000052299
Setd7,ENSMUSG00000037111
Fbxo31,ENSMUSG00000052934
Ccdc88c,ENSMUSG00000021182
Sgta,ENSMUSG00000004937
Dcp1b,ENSMUSG00000041477
Fn1,ENSMUSG00000026193
Vps72,ENSMUSG00000008958
Map1lc3b,ENSMUSG00000031812
Arfgef2,ENSMUSG00000074582
Cacna2d4,ENSMUSG00000041460
Rwdd2b,ENSMUSG00000041079
Usp16,ENSMUSG00000025616
Klhdc4,ENSMUSG00000040263
Scnm1,ENSMUSG00000092607
Thop1,ENSMUSG00000004929
Tex2,ENSMUSG00000040548
Creb3l3,ENSMUSG00000035041
Rcn1,ENSMUSG00000005973
Cad,ENSMUSG00000013629
Tnfaip8l2,ENSMUSG00000013707
Exog,ENSMUSG00000042787
Slc7a5,ENSMUSG00000040010
Man1b1,ENSMUSG00000036646
Gpatch4,ENSMUSG00000028069
Xpo7,ENSMUSG00000022100
Tubb5,ENSMUSG00000001525
Map2k2,ENSMUSG00000035027
Ints2,ENSMUSG00000018068
Cct8,ENSMUSG00000025613
Car5a,ENSMUSG00000025317
Mdc1,ENSMUSG00000061607
Banp,ENSMUSG00000025316
Dpp7,ENSMUSG00000026958
Nrm,ENSMUSG00000059791
Ppp1r18,ENSMUSG00000034595
Iqgap3,ENSMUSG00000028068
Zbtb7a,ENSMUSG00000035011
Atrn,ENSMUSG00000027312
Dhx16,ENSMUSG00000024422
Med13,ENSMUSG00000034297
D130020L05Rik,ENSMUSG00000097121
Pias4,ENSMUSG00000004934
Adipor2,ENSMUSG00000030168
Rnft1,ENSMUSG00000020521
Bach1,ENSMUSG00000025612
Rps6kb1,ENSMUSG00000020516
Eef2,ENSMUSG00000034994
Mef2d,ENSMUSG00000001419
2310061I04Rik,ENSMUSG00000050705
Tcf12,ENSMUSG00000032228
Fbxl14,ENSMUSG00000030019
Erc1,ENSMUSG00000030172
Cse1l,ENSMUSG00000002718
Dapk3,ENSMUSG00000034974
Atat1,ENSMUSG00000024426
Serpina3f,ENSMUSG00000066363
Mynn,ENSMUSG00000037730
Tubd1,ENSMUSG00000020513
Dnajc15,ENSMUSG00000022013
Serpina3g,ENSMUSG00000041481
Nipa2,ENSMUSG00000030452
Epsti1,ENSMUSG00000022014
Ipp,ENSMUSG00000028696
Uap1l1,ENSMUSG00000026956
Zfpm1,ENSMUSG00000049577
Gpbp1l1,ENSMUSG00000034042
Zfr2,ENSMUSG00000034949
Zc3h18,ENSMUSG00000017478
Nipa1,ENSMUSG00000047037
Prkcb,ENSMUSG00000052889
Ccdc17,ENSMUSG00000034035
Map3k12,ENSMUSG00000023050
Vmp1,ENSMUSG00000018171
Matk,ENSMUSG00000004933
A830009L08Rik,ENSMUSG00000097182
2810029C07Rik,ENSMUSG00000096995
Mast2,ENSMUSG00000003810
Ptrh2,ENSMUSG00000072582
Sec62,ENSMUSG00000027706
Cltc,ENSMUSG00000047126
Mrps18b,ENSMUSG00000024436
Dennd2d,ENSMUSG00000027901
Pygl,ENSMUSG00000021069
Mpv17,ENSMUSG00000107283
Entpd2,ENSMUSG00000015085
Rbbp6,ENSMUSG00000030779
Tarbp2,ENSMUSG00000023051
Ppp1r10,ENSMUSG00000039220
Stau1,ENSMUSG00000039536
Rad52,ENSMUSG00000030166
Cyba,ENSMUSG00000006519
Rbm11,ENSMUSG00000032940
Mvd,ENSMUSG00000006517
Tnrc6a,ENSMUSG00000052707
Abcf1,ENSMUSG00000038762
Hspa13,ENSMUSG00000032932
Atf7,ENSMUSG00000099083
Rnf166,ENSMUSG00000014470
Gtf3c2,ENSMUSG00000106864
Mrpl54,ENSMUSG00000034932
Ctu2,ENSMUSG00000049482
Apba3,ENSMUSG00000004931
Gar1,ENSMUSG00000028010
Hcls1,ENSMUSG00000022831
Wnk1,ENSMUSG00000045962
Ncdn,ENSMUSG00000028833
Prr3,ENSMUSG00000038500
4921536K21Rik,ENSMUSG00000020434
Ddit4,ENSMUSG00000020108
Dusp18,ENSMUSG00000047205
Anapc16,ENSMUSG00000020107
Fbxo40,ENSMUSG00000047746
Slc35e4,ENSMUSG00000048807
Pla2g12a,ENSMUSG00000027999
Dhx40,ENSMUSG00000018425
Polq,ENSMUSG00000034206
Gnl1,ENSMUSG00000024429
Slc5a11,ENSMUSG00000030769
AU040320,ENSMUSG00000028830
Npdc1,ENSMUSG00000015094
Ascc1,ENSMUSG00000044475
Cdt1,ENSMUSG00000006585
Casp6,ENSMUSG00000027997
H2-T24,ENSMUSG00000053835
H2-T23,ENSMUSG00000067212
Aprt,ENSMUSG00000006589
Ypel2,ENSMUSG00000018427
Sec24b,ENSMUSG00000001052
Gdpd1,ENSMUSG00000061666
Galns,ENSMUSG00000015027
H2-T22,ENSMUSG00000056116
Fut7,ENSMUSG00000036587
Ghr,ENSMUSG00000055737
Ddx27,ENSMUSG00000017999
Prr11,ENSMUSG00000020493
Trappc2l,ENSMUSG00000015013
Tmx1,ENSMUSG00000021072
Lrp11,ENSMUSG00000019796
Nudt19,ENSMUSG00000034875
Tcn2,ENSMUSG00000020432
Stim1,ENSMUSG00000030987
Cbfa2t3,ENSMUSG00000006362
Rab33b,ENSMUSG00000027739
Setdb1,ENSMUSG00000015697
Gm6034,ENSMUSG00000073407
Rpp21,ENSMUSG00000024446
Nup43,ENSMUSG00000040034
Trim39,ENSMUSG00000045409
Zfp280d,ENSMUSG00000038535
Katna1,ENSMUSG00000019794
Herc2,ENSMUSG00000030451
Acsf3,ENSMUSG00000015016
Znfx1,ENSMUSG00000039501
Zmym4,ENSMUSG00000042446
2310009B15Rik,ENSMUSG00000079283
Serpinb8,ENSMUSG00000026315
Zfp414,ENSMUSG00000073423
Cdh15,ENSMUSG00000031962
Pes1,ENSMUSG00000020430
Spg7,ENSMUSG00000000738
Mrps9,ENSMUSG00000060679
Ppil4,ENSMUSG00000015757
Pram1,ENSMUSG00000032739
Pecr,ENSMUSG00000026189
Hnrnpm,ENSMUSG00000059208
Trim37,ENSMUSG00000018548
Pcmt1,ENSMUSG00000019795
Ccnt1,ENSMUSG00000011960
Gpr45,ENSMUSG00000041907
Zmym1,ENSMUSG00000043872
Slc35d2,ENSMUSG00000033114
Xrcc5,ENSMUSG00000026187
Gal3st1,ENSMUSG00000049721
Gm4349,ENSMUSG00000097532
Adcy6,ENSMUSG00000022994
Ctss,ENSMUSG00000038642
Ppm1e,ENSMUSG00000046442
Atp6v1h,ENSMUSG00000033793
Zmym6,ENSMUSG00000042408
Rab3ip,ENSMUSG00000064181
Rpl13,ENSMUSG00000000740
Ly6d,ENSMUSG00000034634
Cct2,ENSMUSG00000034024
Zfp367,ENSMUSG00000044934
Ly6k,ENSMUSG00000044678
Rad51c,ENSMUSG00000007646
Habp4,ENSMUSG00000021476
Tgfbrap1,ENSMUSG00000070939
Ensa,ENSMUSG00000038619
Mcl1,ENSMUSG00000038612
Sfpq,ENSMUSG00000028820
Cdc14b,ENSMUSG00000033102
Frs2,ENSMUSG00000020170
Adamtsl4,ENSMUSG00000015850
Mns1,ENSMUSG00000032221
Tmem33,ENSMUSG00000037720
Mtfp1,ENSMUSG00000004748
Chmp1a,ENSMUSG00000000743
Mrpl42,ENSMUSG00000062981
Abca2,ENSMUSG00000026944
Ecm1,ENSMUSG00000028108
Ctnnb1,ENSMUSG00000006932
AI597479,ENSMUSG00000010290
Mical3,ENSMUSG00000051586
Ube2n,ENSMUSG00000074781
Cdk10,ENSMUSG00000033862
Nudt4,ENSMUSG00000020029
Fhl2,ENSMUSG00000008136
Eea1,ENSMUSG00000036499
Nipsnap3b,ENSMUSG00000015247
Rab11b,ENSMUSG00000077450
Eif2b4,ENSMUSG00000029145
Dennd1b,ENSMUSG00000056268
Dlg4,ENSMUSG00000020886
Cited4,ENSMUSG00000070803
Spata2l,ENSMUSG00000033594
Nr2c1,ENSMUSG00000005897
Lepr,ENSMUSG00000057722
Angptl4,ENSMUSG00000002289
Tars2,ENSMUSG00000028107
Kcnb1,ENSMUSG00000050556
Kank3,ENSMUSG00000042099
Gtf2e1,ENSMUSG00000022828
Rabl3,ENSMUSG00000022827
1810034E14Rik,ENSMUSG00000097101
Ndufa12,ENSMUSG00000020022
Tex9,ENSMUSG00000090626
Nck2,ENSMUSG00000066877
Rps28,ENSMUSG00000067288
Rhobtb1,ENSMUSG00000019944
Slc30a9,ENSMUSG00000029221
Pcyt1b,ENSMUSG00000035246
Smarcal1,ENSMUSG00000039354
Zfp276,ENSMUSG00000001065
Ctsl,ENSMUSG00000021477
Ndufa7,ENSMUSG00000041881
Cd320,ENSMUSG00000002308
Trim68,ENSMUSG00000073968
Arhgef9,ENSMUSG00000025656
Fanca,ENSMUSG00000032815
Lrsam1,ENSMUSG00000026792
Zfp263,ENSMUSG00000022529
Zfp174,ENSMUSG00000054939
Rprd2,ENSMUSG00000028106
Pex26,ENSMUSG00000067825
Zfp597,ENSMUSG00000039789
Cdk20,ENSMUSG00000021483
Cdk1,ENSMUSG00000019942
Epcam,ENSMUSG00000045394
Tuba8,ENSMUSG00000030137
Usp18,ENSMUSG00000030107
Prpf3,ENSMUSG00000015748
Msh2,ENSMUSG00000024151
Atxn2,ENSMUSG00000042605
Rpl12,ENSMUSG00000038900
Otud6b,ENSMUSG00000040550
Ankrd27,ENSMUSG00000034867
Tle6,ENSMUSG00000034758
Spire2,ENSMUSG00000010154
Slc6a13,ENSMUSG00000030108
Dapk1,ENSMUSG00000021559
Rb1cc1,ENSMUSG00000025907
1700037C18Rik,ENSMUSG00000005983
Ulk4,ENSMUSG00000040936
Slc2a8,ENSMUSG00000026791
Kcnk12,ENSMUSG00000050138
Cluap1,ENSMUSG00000014232
Golph3l,ENSMUSG00000046519
Msh6,ENSMUSG00000005370
Cpne3,ENSMUSG00000028228
Tcf25,ENSMUSG00000001472
BC025920,ENSMUSG00000074862
Slc8a1,ENSMUSG00000054640
Sirt6,ENSMUSG00000034748
Lysmd1,ENSMUSG00000053769
Lamtor3,ENSMUSG00000091512
Psmg1,ENSMUSG00000022913
Ankrd24,ENSMUSG00000054708
Brwd1,ENSMUSG00000022914
Dapp1,ENSMUSG00000028159
9330020H09Rik,ENSMUSG00000091050
Zbtb41,ENSMUSG00000033964
Mttp,ENSMUSG00000028158
Snx17,ENSMUSG00000029146
Gm20324,ENSMUSG00000100199
Zfp433,ENSMUSG00000096795
Nedd4,ENSMUSG00000032216
Poc1b,ENSMUSG00000019952
1600012H06Rik,ENSMUSG00000050088
Atp10a,ENSMUSG00000025324
Phf10,ENSMUSG00000023883
Rpl37a,ENSMUSG00000046330
Bend4,ENSMUSG00000092060
Galnt4,ENSMUSG00000090035
Zfp513,ENSMUSG00000043059
Pdcd5,ENSMUSG00000030417
Trak1,ENSMUSG00000032536
Loxl3,ENSMUSG00000000693
4930486L24Rik,ENSMUSG00000050345
Ppm1g,ENSMUSG00000029147
Aspm,ENSMUSG00000033952
Cttnbp2nl,ENSMUSG00000062127
Ctla2b,ENSMUSG00000074874
Htra2,ENSMUSG00000068329
Sh2b3,ENSMUSG00000042594
Dpy19l3,ENSMUSG00000043671
Oprm1,ENSMUSG00000000766
Mc1r,ENSMUSG00000074037
Kcna3,ENSMUSG00000047959
Tubb3,ENSMUSG00000062380
Atxn1,ENSMUSG00000046876
Def8,ENSMUSG00000001482
Dqx1,ENSMUSG00000009145
Metrn,ENSMUSG00000002274
Arhgap17,ENSMUSG00000030766
Rab40c,ENSMUSG00000025730
Pcgf1,ENSMUSG00000069678
Rbm15,ENSMUSG00000048109
Nrbp1,ENSMUSG00000029148
Sec14l2,ENSMUSG00000003585
Atp6ap2,ENSMUSG00000031007
Dnajb5,ENSMUSG00000036052
Rab11fip3,ENSMUSG00000037098
Hmgn1,ENSMUSG00000040681
Rnf215,ENSMUSG00000003581
Mrpl53,ENSMUSG00000030037
1810030O07Rik,ENSMUSG00000044148
Mogs,ENSMUSG00000030036
Wbp1,ENSMUSG00000030035
Med14,ENSMUSG00000064127
Pitpnc1,ENSMUSG00000040430
Vcp,ENSMUSG00000028452
Ino80b,ENSMUSG00000030034
Rtkn,ENSMUSG00000034930
Ccdc157,ENSMUSG00000051427
Sec22c,ENSMUSG00000061536
Ptgds,ENSMUSG00000015090
Fancg,ENSMUSG00000028453
A330009N23Rik,ENSMUSG00000097915
Txnip,ENSMUSG00000038393
Axin1,ENSMUSG00000024182
Nktr,ENSMUSG00000032525
Stoml2,ENSMUSG00000028455
Gas8,ENSMUSG00000040220
Wdr54,ENSMUSG00000030032
Elp4,ENSMUSG00000027167
Polr3gl,ENSMUSG00000028104
Neurl1b,ENSMUSG00000034413
Dctn1,ENSMUSG00000031865
Krtcap3,ENSMUSG00000029149
Sat1,ENSMUSG00000025283
Lix1l,ENSMUSG00000049288
C8g,ENSMUSG00000015083
Rbm8a,ENSMUSG00000038374
Rab4a,ENSMUSG00000019478
Sf3a1,ENSMUSG00000002129
Sptlc1,ENSMUSG00000021468
Cdc25b,ENSMUSG00000027330
Pex11b,ENSMUSG00000028102
Ift172,ENSMUSG00000038564
Nup133,ENSMUSG00000039509
Klhl22,ENSMUSG00000022750
Psmd12,ENSMUSG00000020720
Ddx20,ENSMUSG00000027905
Hmga1,ENSMUSG00000046711
Rap1a,ENSMUSG00000068798
Abcb10,ENSMUSG00000031974
Usp48,ENSMUSG00000043411
Ano10,ENSMUSG00000037949
Taf5l,ENSMUSG00000038697
Urb2,ENSMUSG00000031976
Fbxw5,ENSMUSG00000015095
Dgcr2,ENSMUSG00000003166
Zfp507,ENSMUSG00000044452
I830077J02Rik,ENSMUSG00000074342
Tbc1d10a,ENSMUSG00000034412
Ipcef1,ENSMUSG00000064065
Garnl3,ENSMUSG00000038860
Tshz3,ENSMUSG00000021217
Cog2,ENSMUSG00000031979
Lcmt1,ENSMUSG00000030763
Wdr77,ENSMUSG00000000561
Tceal3,ENSMUSG00000044550
Mgl2,ENSMUSG00000040950
Ppp1cc,ENSMUSG00000004455
Tceal1,ENSMUSG00000049536
Morf4l2,ENSMUSG00000031422
Abhd5,ENSMUSG00000032540
Sap30,ENSMUSG00000031609
Gm9920,ENSMUSG00000053749
Osm,ENSMUSG00000058755
Ovgp1,ENSMUSG00000074340
Hmgb2,ENSMUSG00000054717
Rap1gap,ENSMUSG00000041351
Gzmm,ENSMUSG00000054206
Gtpbp4,ENSMUSG00000021149
Lif,ENSMUSG00000034394
Bsg,ENSMUSG00000023175
Galnt7,ENSMUSG00000031608
Ube3a,ENSMUSG00000025326
Hormad2,ENSMUSG00000020419
Tmod3,ENSMUSG00000058587
Slc25a1,ENSMUSG00000003528
Zfp512,ENSMUSG00000062761
Mthfd2,ENSMUSG00000005667
Polrmt,ENSMUSG00000020329
Dgcr6,ENSMUSG00000003531
Mob1a,ENSMUSG00000043131
Chrnb2,ENSMUSG00000027950
Nudt7,ENSMUSG00000031767
Ube2q1,ENSMUSG00000042572
Bola3,ENSMUSG00000045160
Hvcn1,ENSMUSG00000064267
Nudt3,ENSMUSG00000024213
Larp4b,ENSMUSG00000033499
Prodh,ENSMUSG00000003526
Mettl15,ENSMUSG00000057234
Myo9b,ENSMUSG00000004677
Plp1,ENSMUSG00000031425
Hoxa4,ENSMUSG00000000942
Hoxa5,ENSMUSG00000038253
Ptpn1,ENSMUSG00000027540
Hoxa6,ENSMUSG00000043219
Hoxa7,ENSMUSG00000038236
Hoxa9,ENSMUSG00000038227
Rps10,ENSMUSG00000052146
Lysmd2,ENSMUSG00000032184
Gpn1,ENSMUSG00000064037
Il6ra,ENSMUSG00000027947
Hoxa10,ENSMUSG00000000938
Ece1,ENSMUSG00000057530
Atp8b2,ENSMUSG00000060671
Kif18a,ENSMUSG00000027115
Sftpb,ENSMUSG00000056370
Pacsin1,ENSMUSG00000040276
Usp39,ENSMUSG00000056305
Tctn1,ENSMUSG00000038593
Rnf126,ENSMUSG00000035890
Cdc73,ENSMUSG00000026361
Dzip3,ENSMUSG00000064061
Fstl3,ENSMUSG00000020325
0610030E20Rik,ENSMUSG00000058706
Tmem150a,ENSMUSG00000055912
Prss57,ENSMUSG00000020323
Lars2,ENSMUSG00000035202
Palm,ENSMUSG00000035863
Rnf181,ENSMUSG00000055850
B3galt2,ENSMUSG00000033849
Igsf8,ENSMUSG00000038034
Mier3,ENSMUSG00000032727
Supt7l,ENSMUSG00000053134
Wwp1,ENSMUSG00000041058
Lin7c,ENSMUSG00000027162
Slc4a1ap,ENSMUSG00000029141
Clec10a,ENSMUSG00000000318
Glrx2,ENSMUSG00000018196
Vamp5,ENSMUSG00000073002
Ralgps1,ENSMUSG00000038831
Vamp8,ENSMUSG00000050732
Ggcx,ENSMUSG00000053460
Fyco1,ENSMUSG00000025241
Hax1,ENSMUSG00000027944
Abca7,ENSMUSG00000035722
Mat2a,ENSMUSG00000053907
Map3k1,ENSMUSG00000021754
Zfp619,ENSMUSG00000068959
Gm16576,ENSMUSG00000087543
Usp9x,ENSMUSG00000031010
Ptdss2,ENSMUSG00000025495
Atg4c,ENSMUSG00000028550
Helz,ENSMUSG00000020721
Tnks,ENSMUSG00000031529
Ubap2l,ENSMUSG00000042520
Mrpl33,ENSMUSG00000106918
Ccr1,ENSMUSG00000025804
Hoxa3,ENSMUSG00000079560
Foxd2,ENSMUSG00000055210
Ccr2,ENSMUSG00000049103
Cmpk1,ENSMUSG00000028719
Lpcat1,ENSMUSG00000021608
Ccr5,ENSMUSG00000079227
Samd9l,ENSMUSG00000047735
2010315B03Rik,ENSMUSG00000074829
Rbks,ENSMUSG00000029136
Stil,ENSMUSG00000028718
Clip2,ENSMUSG00000063146
Lgr4,ENSMUSG00000050199
Zfp868,ENSMUSG00000060427
Zfp869,ENSMUSG00000054648
Zfp445,ENSMUSG00000047036
Zfp963,ENSMUSG00000092260
Zfp866,ENSMUSG00000043090
Ofd1,ENSMUSG00000040586
Atp13a1,ENSMUSG00000031862
Pigm,ENSMUSG00000050229
Trappc2,ENSMUSG00000079317
Limd1,ENSMUSG00000025239
Angptl2,ENSMUSG00000004105
Uchl5,ENSMUSG00000018189
Ift57,ENSMUSG00000032965
Zbtb34,ENSMUSG00000068966
Ccdc34,ENSMUSG00000027160
Rab9,ENSMUSG00000079316
Sacm1l,ENSMUSG00000025240
Rfc2,ENSMUSG00000023104
Zfp523,ENSMUSG00000024220
Tceanc,ENSMUSG00000051224
Zbtb43,ENSMUSG00000026788
Zfp964,ENSMUSG00000091764
Slc16a11,ENSMUSG00000040938
Clptm1l,ENSMUSG00000021610
Dusp4,ENSMUSG00000031530
Tal1,ENSMUSG00000028717
Cyp4f18,ENSMUSG00000003484
1700001L05Rik,ENSMUSG00000075511
Samd8,ENSMUSG00000021770
Errfi1,ENSMUSG00000028967
Cd96,ENSMUSG00000022657
Pdk3,ENSMUSG00000035232
Tpm4,ENSMUSG00000031799
Slc16a13,ENSMUSG00000044367
Park7,ENSMUSG00000028964
Vdac2,ENSMUSG00000021771
Slc6a20b,ENSMUSG00000025243
Rab8a,ENSMUSG00000003037
Rgs2,ENSMUSG00000026360
Tollip,ENSMUSG00000025139
Hsh2d,ENSMUSG00000062007
Bcl6b,ENSMUSG00000000317
Fam32a,ENSMUSG00000003039
Ap1m1,ENSMUSG00000003033
Chic1,ENSMUSG00000031327
Prkca,ENSMUSG00000050965
Ccr9,ENSMUSG00000029530
Tsix,ENSMUSG00000085715
Comtd1,ENSMUSG00000021773
Lztfl1,ENSMUSG00000025245
Klf2,ENSMUSG00000055148
Calr3,ENSMUSG00000019732
Nfatc2,ENSMUSG00000027544
Def6,ENSMUSG00000002257
1700030K09Rik,ENSMUSG00000052794
Polr2e,ENSMUSG00000004667
Mtmr4,ENSMUSG00000018401
Cherp,ENSMUSG00000052488
Ndfip2,ENSMUSG00000053253
Gpx4,ENSMUSG00000075706
Anks3,ENSMUSG00000022515
Ppard,ENSMUSG00000002250
Rgs1,ENSMUSG00000026358
Commd6,ENSMUSG00000075486
Gng11,ENSMUSG00000032766
Bet1,ENSMUSG00000032757
Uchl3,ENSMUSG00000022111
Per3,ENSMUSG00000028957
Fosl2,ENSMUSG00000029135
Casd1,ENSMUSG00000015189
Lat2,ENSMUSG00000040751
Slc35e1,ENSMUSG00000019731
4933434E20Rik,ENSMUSG00000027942
Tagln2,ENSMUSG00000026547
Fance,ENSMUSG00000007570
Med26,ENSMUSG00000045248
Sbno2,ENSMUSG00000035673
Rgs18,ENSMUSG00000026357
Jrkl,ENSMUSG00000079083
Phxr4,ENSMUSG00000031802
Vamp3,ENSMUSG00000028955
Ccdc82,ENSMUSG00000079084
Tmem38a,ENSMUSG00000031791
Alg2,ENSMUSG00000039740
Sec61b,ENSMUSG00000053317
Sgce,ENSMUSG00000004631
Ip6k2,ENSMUSG00000032599
Rogdi,ENSMUSG00000022540
Nckipsd,ENSMUSG00000032598
Fnta,ENSMUSG00000015994
Pbx3,ENSMUSG00000038718
Rpl10a,ENSMUSG00000037805
Nup210l,ENSMUSG00000027939
Hook3,ENSMUSG00000037234
Glyr1,ENSMUSG00000022536
Stk11,ENSMUSG00000003068
Prnp,ENSMUSG00000079037
Slamf8,ENSMUSG00000053318
Ptgr1,ENSMUSG00000028378
Rps27,ENSMUSG00000090733
Ubn1,ENSMUSG00000039473
Rab13,ENSMUSG00000027935
Dusp23,ENSMUSG00000026544
Eif4h,ENSMUSG00000040731
Mapkap1,ENSMUSG00000038696
Tead3,ENSMUSG00000002249
Rnf170,ENSMUSG00000013878
Dnajc25,ENSMUSG00000070972
Uqcrc1,ENSMUSG00000025651
Slc12a7,ENSMUSG00000017756
Jtb,ENSMUSG00000027937
Dpysl2,ENSMUSG00000022048
Gng10,ENSMUSG00000038607
Ppp1r9a,ENSMUSG00000032827
Gm5464,ENSMUSG00000075553
Rnasek,ENSMUSG00000093989
Alkbh8,ENSMUSG00000025899
Cadm3,ENSMUSG00000005338
Bnip3l,ENSMUSG00000022051
Limk1,ENSMUSG00000029674
Nadk,ENSMUSG00000029063
C330013E15Rik,ENSMUSG00000097093
Slc39a1,ENSMUSG00000052310
Ppp2r2a,ENSMUSG00000022052
Crtc2,ENSMUSG00000027936
Gspt2,ENSMUSG00000071723
Rassf2,ENSMUSG00000027339
Zxdb,ENSMUSG00000073062
Midn,ENSMUSG00000035621
Aim2,ENSMUSG00000037860
Zfx,ENSMUSG00000079509
Mycbp2,ENSMUSG00000033004
Nagpa,ENSMUSG00000023143
Rnf43,ENSMUSG00000034177
Slc35e2,ENSMUSG00000042202
Thap1,ENSMUSG00000037214
Pon3,ENSMUSG00000029759
Cwf19l2,ENSMUSG00000025898
Hgsnat,ENSMUSG00000037260
Dennd4b,ENSMUSG00000042404
Eif2s3x,ENSMUSG00000035150
Cirbp,ENSMUSG00000045193
Fkbp5,ENSMUSG00000024222
Alg1,ENSMUSG00000039427
Slc23a2,ENSMUSG00000027340
Pon2,ENSMUSG00000032667
Cdk11b,ENSMUSG00000029062
Ifi204,ENSMUSG00000073489
Klhl15,ENSMUSG00000043929
Mndal,ENSMUSG00000090272
Casp12,ENSMUSG00000025887
2310068J16Rik,ENSMUSG00000100084
Gan,ENSMUSG00000052557
Dcbld1,ENSMUSG00000019891
Trip13,ENSMUSG00000021569
Ifi203,ENSMUSG00000039997
Pfkfb1,ENSMUSG00000025271
Gopc,ENSMUSG00000019861
Pdgfd,ENSMUSG00000032006
Pcna,ENSMUSG00000027342
Brd9,ENSMUSG00000057649
Cds2,ENSMUSG00000058793
Mmp23,ENSMUSG00000029061
Dync2h1,ENSMUSG00000047193
Srpk1,ENSMUSG00000004865
Mob2,ENSMUSG00000025147
Mib2,ENSMUSG00000029060
Nus1,ENSMUSG00000023068
Ranbp2,ENSMUSG00000003226
Atp9a,ENSMUSG00000027546
4632415L05Rik,ENSMUSG00000048106
Cnn3,ENSMUSG00000053931
Ccdc138,ENSMUSG00000038010
Ctsd,ENSMUSG00000007891
Cep72,ENSMUSG00000021572
Gm10863,ENSMUSG00000075555
Ppp1cb,ENSMUSG00000014956
Ssu72,ENSMUSG00000029038
4930556M19Rik,ENSMUSG00000096971
Atad3a,ENSMUSG00000029036
Hbs1l,ENSMUSG00000019977
Fh1,ENSMUSG00000026526
Asns,ENSMUSG00000029752
Abcd3,ENSMUSG00000028127
Asf1b,ENSMUSG00000005470
Maged2,ENSMUSG00000025268
Samd1,ENSMUSG00000079003
Slain1,ENSMUSG00000055717
Kmo,ENSMUSG00000039783
Nap1l4,ENSMUSG00000059119
Zfp184,ENSMUSG00000006720
Il27ra,ENSMUSG00000005465
C1galt1,ENSMUSG00000042460
Pvt1,ENSMUSG00000097039
Mios,ENSMUSG00000042447
Prss16,ENSMUSG00000006179
Cldn13,ENSMUSG00000008843
Rpa3,ENSMUSG00000012483
Rfx1,ENSMUSG00000031706
Trim13,ENSMUSG00000035235
Glcci1,ENSMUSG00000029638
Opn3,ENSMUSG00000026525
Vwa1,ENSMUSG00000042116
Chml,ENSMUSG00000078185
Ngdn,ENSMUSG00000022204
Mrpl20,ENSMUSG00000029066
Dcaf15,ENSMUSG00000037103
Gnl3l,ENSMUSG00000025266
Arhgap29,ENSMUSG00000039831
Zfhx2,ENSMUSG00000040721
Egr2,ENSMUSG00000037868
Thtpa,ENSMUSG00000045691
Ccnl2,ENSMUSG00000029068
Ap1g2,ENSMUSG00000040701
Ica1,ENSMUSG00000062995
Abhd11,ENSMUSG00000040532
Ado,ENSMUSG00000057134
Podnl1,ENSMUSG00000012889
Cc2d1a,ENSMUSG00000036686
Axin2,ENSMUSG00000000142
Fgd1,ENSMUSG00000025265
Aurkaip1,ENSMUSG00000065990
Kifc1,ENSMUSG00000079553
Dbi,ENSMUSG00000026385
Snx18,ENSMUSG00000042364
Nf2,ENSMUSG00000009073
Mxra8,ENSMUSG00000029070
Steap3,ENSMUSG00000026389
Cnot2,ENSMUSG00000020166
Ash1l,ENSMUSG00000028053
Tsr2,ENSMUSG00000025264
Dvl1,ENSMUSG00000029071
Zfp119a,ENSMUSG00000057835
Zfp959,ENSMUSG00000003198
3830403N18Rik,ENSMUSG00000031125
Zfp119b,ENSMUSG00000062101
Cdkn3,ENSMUSG00000037628
Ebi3,ENSMUSG00000003206
Nxph1,ENSMUSG00000046178
Cd84,ENSMUSG00000038147
Phf2,ENSMUSG00000038025
Rusc1,ENSMUSG00000041263
Tia1,ENSMUSG00000071337
Nanos3,ENSMUSG00000056155
Prkaca,ENSMUSG00000005469
Zfp449,ENSMUSG00000073176
Tnfrsf26,ENSMUSG00000045362
Slamf6,ENSMUSG00000015314
Fam120a,ENSMUSG00000038014
Tnfrsf22,ENSMUSG00000010751
Zfp64,ENSMUSG00000027551
Gmfb,ENSMUSG00000062014
Stap2,ENSMUSG00000038781
Dcun1d5,ENSMUSG00000032002
Tnfrsf23,ENSMUSG00000037613
B4galt3,ENSMUSG00000052423
Mpnd,ENSMUSG00000003199
Slc12a6,ENSMUSG00000027130
Osbpl5,ENSMUSG00000037606
Dnajc30,ENSMUSG00000061118
Zfp275,ENSMUSG00000031365
2310022B05Rik,ENSMUSG00000031983
Lig4,ENSMUSG00000049717
Abhd13,ENSMUSG00000040396
Tnfsf13b,ENSMUSG00000031497
Fdps,ENSMUSG00000059743
Ppox,ENSMUSG00000062729
Haus7,ENSMUSG00000031371
Itgb1,ENSMUSG00000025809
Pusl1,ENSMUSG00000051557
Mrgpre,ENSMUSG00000048965
Nadsyn1,ENSMUSG00000031090
Acap3,ENSMUSG00000029033
Ufc1,ENSMUSG00000062963
Bgn,ENSMUSG00000031375
Dedd,ENSMUSG00000013973
Sh3gl1,ENSMUSG00000003200
Dhcr7,ENSMUSG00000058454
Hcn3,ENSMUSG00000028051
Chaf1a,ENSMUSG00000002835
Scamp3,ENSMUSG00000028049
Ube2j2,ENSMUSG00000023286
Zfp217,ENSMUSG00000052056
Ubxn6,ENSMUSG00000019578
C87436,ENSMUSG00000046679
Ier2,ENSMUSG00000053560
Nacc1,ENSMUSG00000001910
Med17,ENSMUSG00000031935
Mpo,ENSMUSG00000009350
Tbl2,ENSMUSG00000005374
Nit1,ENSMUSG00000013997
Trmt1,ENSMUSG00000001909
Dusp9,ENSMUSG00000031383
Slc25a22,ENSMUSG00000019082
4931406C07Rik,ENSMUSG00000031938
Pnck,ENSMUSG00000002012
Lats1,ENSMUSG00000040021
Bcl7b,ENSMUSG00000029681
Zc3h12d,ENSMUSG00000039981
Tab2,ENSMUSG00000015755
Bcas1,ENSMUSG00000013523
Pfdn2,ENSMUSG00000006412
Taf1d,ENSMUSG00000031939
Pcbp1,ENSMUSG00000051695
Rev3l,ENSMUSG00000019841
Mxd1,ENSMUSG00000001156
Baz1b,ENSMUSG00000002748
Klhdc9,ENSMUSG00000045259
Snrnp27,ENSMUSG00000001158
B3galt6,ENSMUSG00000050796
Sdf4,ENSMUSG00000029076
Aven,ENSMUSG00000003604
Gmcl1,ENSMUSG00000001157
Dbt,ENSMUSG00000000340
Fzd9,ENSMUSG00000049551
Ssrp1,ENSMUSG00000027067
Arhgap30,ENSMUSG00000048865
Anxa4,ENSMUSG00000029994
Usf1,ENSMUSG00000026641
Nipsnap1,ENSMUSG00000034285
Tnfrsf4,ENSMUSG00000029075
Sema6b,ENSMUSG00000001227
Tnfrsf18,ENSMUSG00000041954
Zbtb24,ENSMUSG00000019826
Tnfaip8l1,ENSMUSG00000044469
Nsun5,ENSMUSG00000000916
Mical1,ENSMUSG00000019823
Dpp9,ENSMUSG00000001229
Sass6,ENSMUSG00000027959
Tstd1,ENSMUSG00000103711
F11r,ENSMUSG00000038235
Pom121,ENSMUSG00000053293
Gna13,ENSMUSG00000020611
Fem1a,ENSMUSG00000043683
Usp21,ENSMUSG00000053483
Ticam1,ENSMUSG00000047123
Plin3,ENSMUSG00000024197
Hip1,ENSMUSG00000039959
Psmb6,ENSMUSG00000018286
Aup1,ENSMUSG00000068328
Uhrf1,ENSMUSG00000001228
Nfix,ENSMUSG00000001911
Bcap31,ENSMUSG00000002015
Amz2,ENSMUSG00000020610
Abcd1,ENSMUSG00000031378
Tnks1bp1,ENSMUSG00000033955
Eri3,ENSMUSG00000033423
Slc35a3,ENSMUSG00000027957
Mks1,ENSMUSG00000034121
Tgfbr2,ENSMUSG00000032440
Dmap1,ENSMUSG00000009640
Agl,ENSMUSG00000033400
Calu,ENSMUSG00000029767
Lyl1,ENSMUSG00000034041
Kri1,ENSMUSG00000035047
Slc6a9,ENSMUSG00000028542
Dand5,ENSMUSG00000053226
Gadd45gip1,ENSMUSG00000033751
Rad23a,ENSMUSG00000003813
Slc16a6,ENSMUSG00000041920
Aurka,ENSMUSG00000027496
Calr,ENSMUSG00000003814
Cdkn2d,ENSMUSG00000096472
Pde5a,ENSMUSG00000053965
Thoc5,ENSMUSG00000034274
Rplp2,ENSMUSG00000025508
Rhbdd2,ENSMUSG00000039917
Farsa,ENSMUSG00000003808
Disp1,ENSMUSG00000030768
Idh3g,ENSMUSG00000002010
Gpcpd1,ENSMUSG00000027346
Pnpla2,ENSMUSG00000025509
Por,ENSMUSG00000005514
Kdm4b,ENSMUSG00000024201
Smpd2,ENSMUSG00000019822
Syce2,ENSMUSG00000003824
Slc44a2,ENSMUSG00000057193
Usp53,ENSMUSG00000039701
Brox,ENSMUSG00000046836
Ssr4,ENSMUSG00000002014
Gcdh,ENSMUSG00000003809
Ppil6,ENSMUSG00000078451
Cd164,ENSMUSG00000019818
Nefh,ENSMUSG00000020396
Pdzd4,ENSMUSG00000002006
Dynll2,ENSMUSG00000020483
Klf1,ENSMUSG00000054191
Cep57l1,ENSMUSG00000019813
Dnase2a,ENSMUSG00000003812
Nap1l3,ENSMUSG00000055733
Arsg,ENSMUSG00000020604
Tmem120a,ENSMUSG00000039886
Atl2,ENSMUSG00000059811
Aida,ENSMUSG00000042901
Styxl1,ENSMUSG00000019178
Pld2,ENSMUSG00000020828
Cd151,ENSMUSG00000025510
Ilf3,ENSMUSG00000032178
Atp6v0b,ENSMUSG00000033379
Ahcyl1,ENSMUSG00000027893
Mdh2,ENSMUSG00000019179
Mia3,ENSMUSG00000056050
Phlpp2,ENSMUSG00000031732
Galm,ENSMUSG00000035473
Dph2,ENSMUSG00000028540
Polr2l,ENSMUSG00000038489
Tspan4,ENSMUSG00000025511
Ipo13,ENSMUSG00000033365
Pdss2,ENSMUSG00000038240
Csf1,ENSMUSG00000014599
Srsf1,ENSMUSG00000018379
Chid1,ENSMUSG00000025512
Bend3,ENSMUSG00000038214
Nhej1,ENSMUSG00000026162
Ywhag,ENSMUSG00000051391
Dhcr24,ENSMUSG00000034926
Vezf1,ENSMUSG00000018377
Cd24a,ENSMUSG00000047139
Brf2,ENSMUSG00000031487
Cuedc1,ENSMUSG00000018378
Mapk8ip3,ENSMUSG00000024163
Vhl,ENSMUSG00000033933
Rab11fip1,ENSMUSG00000031488
Irak2,ENSMUSG00000060477
Ap1b1,ENSMUSG00000009090
Cstf1,ENSMUSG00000027498
Dtx2,ENSMUSG00000004947
Hipk1,ENSMUSG00000008730
Micu1,ENSMUSG00000020111
Pars2,ENSMUSG00000043572
Ttc4,ENSMUSG00000025413
Eif4ebp1,ENSMUSG00000031490
Cass4,ENSMUSG00000074570
Qtrt1,ENSMUSG00000002825
Ap2a2,ENSMUSG00000002957
Tmed1,ENSMUSG00000032180
Taf1a,ENSMUSG00000072258
Fam181b,ENSMUSG00000051515
Ccne1,ENSMUSG00000002068
Trmt6,ENSMUSG00000037376
Sec13,ENSMUSG00000030298
Yipf2,ENSMUSG00000032182
Wipi1,ENSMUSG00000041895
Traf5,ENSMUSG00000026637
Rasa4,ENSMUSG00000004952
Chpf,ENSMUSG00000032997
Olfml3,ENSMUSG00000027848
Dnajb12,ENSMUSG00000020109
Rap2b,ENSMUSG00000036894
S100a11,ENSMUSG00000027907
Ldlr,ENSMUSG00000032193
Obsl1,ENSMUSG00000026211
S100a10,ENSMUSG00000041959
Acot11,ENSMUSG00000034853
Tubgcp3,ENSMUSG00000000759
Chd1l,ENSMUSG00000028089
1600014C10Rik,ENSMUSG00000054676
Mrps23,ENSMUSG00000023723
Plekhf1,ENSMUSG00000074170
Pop4,ENSMUSG00000030423
Mcm8,ENSMUSG00000027353
Prkar1a,ENSMUSG00000020612
Spc24,ENSMUSG00000074476
Fmo5,ENSMUSG00000028088
Eif4ebp2,ENSMUSG00000020091
Gas2l1,ENSMUSG00000034201
Lrrc20,ENSMUSG00000037151
Kank2,ENSMUSG00000032194
Gpx7,ENSMUSG00000028597
Prkab2,ENSMUSG00000038205
Ppa1,ENSMUSG00000020089
Pla2g4c,ENSMUSG00000033847
Stk11ip,ENSMUSG00000026213
Polr2j,ENSMUSG00000039771
Pde4dip,ENSMUSG00000038170
Atp11a,ENSMUSG00000031441
AB124611,ENSMUSG00000057191
Sar1a,ENSMUSG00000020088
4930578M01Rik,ENSMUSG00000097587
Lrwd1,ENSMUSG00000029703
Gadl1,ENSMUSG00000056880
Prpf38a,ENSMUSG00000063800
Ewsr1,ENSMUSG00000009079
Orc1,ENSMUSG00000028587
Gm4285,ENSMUSG00000085829
Crls1,ENSMUSG00000027357
Alkbh4,ENSMUSG00000039754
Cul5,ENSMUSG00000032030
Orai2,ENSMUSG00000039747
Tk2,ENSMUSG00000035824
Cc2d1b,ENSMUSG00000028582
Prkrip1,ENSMUSG00000039737
Slc35b4,ENSMUSG00000018999
Sh2b2,ENSMUSG00000005057
Lrrn4,ENSMUSG00000043110
Cklf,ENSMUSG00000054400
Cux1,ENSMUSG00000029705
Adam8,ENSMUSG00000025473
Sec22b,ENSMUSG00000027879
Btf3l4,ENSMUSG00000028568
Edc3,ENSMUSG00000038957
Cmtm3,ENSMUSG00000031875
Tacstd2,ENSMUSG00000051397
Scpep1,ENSMUSG00000000278
Clk3,ENSMUSG00000032316
Ing4,ENSMUSG00000030330
Txndc12,ENSMUSG00000028567
Tmx4,ENSMUSG00000034723
Coil,ENSMUSG00000033983
Kti12,ENSMUSG00000073775
Hk1,ENSMUSG00000037012
Cmtm4,ENSMUSG00000096188
Dync1li2,ENSMUSG00000035770
Rhbdd3,ENSMUSG00000034175
Selenbp2,ENSMUSG00000068877
Acrbp,ENSMUSG00000072770
Slc40a1,ENSMUSG00000025993
Nicn1,ENSMUSG00000032606
Amt,ENSMUSG00000032607
Plcb1,ENSMUSG00000051177
Trim25,ENSMUSG00000000275
Tcta,ENSMUSG00000039461
4930579G18Rik,ENSMUSG00000040840
Rhoa,ENSMUSG00000007815
Nae1,ENSMUSG00000031878
Tubgcp2,ENSMUSG00000025474
Dgke,ENSMUSG00000000276
Gpx1,ENSMUSG00000063856
Usp4,ENSMUSG00000032612
Gprc5a,ENSMUSG00000046733
Psmb4,ENSMUSG00000005779
Emid1,ENSMUSG00000034164
Hebp1,ENSMUSG00000042770
Selenbp1,ENSMUSG00000068874
Zfp511,ENSMUSG00000025470
Rfx5,ENSMUSG00000005774
Soat1,ENSMUSG00000026600
Gsg1,ENSMUSG00000030206
Pdp2,ENSMUSG00000048371
Mink1,ENSMUSG00000020827
Prkaa2,ENSMUSG00000028518
Emp1,ENSMUSG00000030208
Supv3l1,ENSMUSG00000020079
2610037D02Rik,ENSMUSG00000097536
Klhdc8b,ENSMUSG00000032609
Wdr75,ENSMUSG00000025995
Echs1,ENSMUSG00000025465
Klrb1c,ENSMUSG00000030325
Pi4kb,ENSMUSG00000038861
4930507D05Rik,ENSMUSG00000097129
Vps26a,ENSMUSG00000020078
Paox,ENSMUSG00000025464
Ccdc71,ENSMUSG00000049305
Lamb2,ENSMUSG00000052911
Rrad,ENSMUSG00000031880
Srgn,ENSMUSG00000020077
Mtg1,ENSMUSG00000039018
Klhl9,ENSMUSG00000070923
Cdc34,ENSMUSG00000020307
BC035044,ENSMUSG00000090164
Cnpy4,ENSMUSG00000036968
Clec2i,ENSMUSG00000030365
Mblac1,ENSMUSG00000049285
Tjp3,ENSMUSG00000034917
Zfp687,ENSMUSG00000019338
Clec12a,ENSMUSG00000053063
Sox13,ENSMUSG00000070643
Psmd4,ENSMUSG00000005625
Bnip3,ENSMUSG00000078566
Clec1b,ENSMUSG00000030159
H2-Q7,ENSMUSG00000060550
Gpc2,ENSMUSG00000029510
Pip5k1c,ENSMUSG00000034902
Trim26,ENSMUSG00000024457
Ctnnal1,ENSMUSG00000038816
Gm10248,ENSMUSG00000068680
Stag3,ENSMUSG00000036928
Psmd1,ENSMUSG00000026229
Clec1a,ENSMUSG00000033082
Pip5k1a,ENSMUSG00000028126
Azin1,ENSMUSG00000037458
Ces2g,ENSMUSG00000031877
Gnptg,ENSMUSG00000035521
Armc9,ENSMUSG00000062590
Lrrc27,ENSMUSG00000015980
Gp9,ENSMUSG00000030054
Rab43,ENSMUSG00000030055
Isy1,ENSMUSG00000030056
Zfp157,ENSMUSG00000036898
Pwwp2b,ENSMUSG00000060260
Tnfrsf13c,ENSMUSG00000068105
Cenpm,ENSMUSG00000068101
Zfp68,ENSMUSG00000058291
Pogz,ENSMUSG00000038902
Zfp446,ENSMUSG00000033961
Mysm1,ENSMUSG00000062627
Fam20c,ENSMUSG00000025854
Zdhhc2,ENSMUSG00000039470
Tbxa2r,ENSMUSG00000034881
Hmg20b,ENSMUSG00000020232
Pdgfa,ENSMUSG00000025856
1810062O18Rik,ENSMUSG00000084925
Cnot7,ENSMUSG00000031601
Jun,ENSMUSG00000052684
Trim28,ENSMUSG00000005566
Chrne,ENSMUSG00000014609
Trim62,ENSMUSG00000041000
Rab7,ENSMUSG00000079477
Gp1ba,ENSMUSG00000050675
Slc25a11,ENSMUSG00000014606
Naf1,ENSMUSG00000014907
Prkar1b,ENSMUSG00000025855
Naga,ENSMUSG00000022453
Qrich1,ENSMUSG00000006673
Nat1,ENSMUSG00000025588
Nat2,ENSMUSG00000051147
Psd3,ENSMUSG00000030465
Rnf167,ENSMUSG00000040746
Chmp2a,ENSMUSG00000033916
Ak2,ENSMUSG00000028792
B3gnt7,ENSMUSG00000079445
Baiap3,ENSMUSG00000047507
Mfsd12,ENSMUSG00000034854
Ube2m,ENSMUSG00000005575
Impdh2,ENSMUSG00000062867
Mir17hg,ENSMUSG00000089726
Pfn1,ENSMUSG00000018293
Chst10,ENSMUSG00000026080
Rpn1,ENSMUSG00000030062
Rnf19b,ENSMUSG00000028793
Eno3,ENSMUSG00000060600
Fzr1,ENSMUSG00000020235
Ube2i,ENSMUSG00000015120
Prcc,ENSMUSG00000004895
Mzf1,ENSMUSG00000030380
Ndufa6,ENSMUSG00000022450
Mrpl24,ENSMUSG00000019710
Ndufaf3,ENSMUSG00000070283
Sun1,ENSMUSG00000036817
Cyp2d22,ENSMUSG00000061740
Dalrd3,ENSMUSG00000019039
A130010J15Rik,ENSMUSG00000079144
Lig1,ENSMUSG00000056394
Traf3ip3,ENSMUSG00000037318
Spag7,ENSMUSG00000018287
Adam9,ENSMUSG00000031555
Wdr6,ENSMUSG00000066357
Dohh,ENSMUSG00000078440
Tm2d2,ENSMUSG00000031556
Isg20l2,ENSMUSG00000048039
P4htm,ENSMUSG00000006675
Map2k6,ENSMUSG00000020623
Fndc5,ENSMUSG00000001334
Plekha2,ENSMUSG00000031557
S100pbp,ENSMUSG00000040928
Arih2,ENSMUSG00000064145
Nfic,ENSMUSG00000055053
Hdgf,ENSMUSG00000004897
Slc27a3,ENSMUSG00000027932
Nop2,ENSMUSG00000038279
Ivns1abp,ENSMUSG00000023150
Grap2,ENSMUSG00000042351
Tacc1,ENSMUSG00000065954
Plcb4,ENSMUSG00000039943
Slc25a20,ENSMUSG00000032602
Iffo1,ENSMUSG00000038271
Usp19,ENSMUSG00000006676
Ints3,ENSMUSG00000027933
Zfp954,ENSMUSG00000062116
Zfp773,ENSMUSG00000063535
Amacr,ENSMUSG00000022244
Slc39a11,ENSMUSG00000041654
Gapdh,ENSMUSG00000057666
Celf5,ENSMUSG00000034818
Sugp1,ENSMUSG00000011306
Prss34,ENSMUSG00000056399
Ncapd2,ENSMUSG00000038252
Rbbp4,ENSMUSG00000057236
Camta2,ENSMUSG00000040712
Ptp4a3,ENSMUSG00000059895
Dhx34,ENSMUSG00000006019
Ncln,ENSMUSG00000020238
Zbtb8os,ENSMUSG00000057572
Npr1,ENSMUSG00000027931
Rfxank,ENSMUSG00000036120
Gfer,ENSMUSG00000040888
Zbtb8a,ENSMUSG00000028807
Gem,ENSMUSG00000028214
Nr2c2ap,ENSMUSG00000071078
Notch4,ENSMUSG00000015468
Ccdc9,ENSMUSG00000041375
Cpa3,ENSMUSG00000001865
S1pr4,ENSMUSG00000044199
Gna15,ENSMUSG00000034792
Mrpl51,ENSMUSG00000030335
Gna11,ENSMUSG00000034781
Vamp1,ENSMUSG00000030337
Rnf2,ENSMUSG00000026484
Tapbpl,ENSMUSG00000038213
Cd27,ENSMUSG00000030336
Bbc3,ENSMUSG00000002083
Zmat3,ENSMUSG00000027663
Gpsm3,ENSMUSG00000034786
Nuak1,ENSMUSG00000020032
Clns1a,ENSMUSG00000025439
Eif4g3,ENSMUSG00000028760
Pik3ca,ENSMUSG00000027665
Ckap4,ENSMUSG00000046841
Pbx2,ENSMUSG00000034673
Tcp11l2,ENSMUSG00000020034
Ltbr,ENSMUSG00000030339
Mkks,ENSMUSG00000027274
Aqp11,ENSMUSG00000042797
Polr3b,ENSMUSG00000034453
Scnn1a,ENSMUSG00000030340
Gpsm1,ENSMUSG00000026930
Ndufs1,ENSMUSG00000025968
Get4,ENSMUSG00000025858
Gm16973,ENSMUSG00000097743
Zfp639,ENSMUSG00000027667
Tnfrsf1a,ENSMUSG00000030341
Adap1,ENSMUSG00000056413
Mfn1,ENSMUSG00000027668
Ldha,ENSMUSG00000063229
Cd9,ENSMUSG00000030342
Cox19,ENSMUSG00000045438
Rnf5,ENSMUSG00000015478
Gnb4,ENSMUSG00000027669
Tatdn2,ENSMUSG00000056952
Zfp90,ENSMUSG00000031907
Agpat1,ENSMUSG00000034254
C130050O18Rik,ENSMUSG00000044092
E030030I06Rik,ENSMUSG00000097327
Nfu1,ENSMUSG00000029993
Zfand2a,ENSMUSG00000053581
Ccdc122,ENSMUSG00000034795
Eef1b2,ENSMUSG00000025967
Serp2,ENSMUSG00000052584
Egfl8,ENSMUSG00000015467
Hspa4l,ENSMUSG00000025757
Vwa5a,ENSMUSG00000023186
Mad1l1,ENSMUSG00000029554
Ino80d,ENSMUSG00000040865
Jrk,ENSMUSG00000046380
Gfpt1,ENSMUSG00000029992
Ppt2,ENSMUSG00000015474
Lynx1,ENSMUSG00000022594
Nudt1,ENSMUSG00000036639
Psap,ENSMUSG00000004207
Tsg101,ENSMUSG00000014402
Chtf8,ENSMUSG00000046691
Kif21b,ENSMUSG00000041642
Dnlz,ENSMUSG00000075467
Rpl38,ENSMUSG00000057322
Card9,ENSMUSG00000026928
Antxr1,ENSMUSG00000033420
Snx8,ENSMUSG00000029560
Plk4,ENSMUSG00000025758
Uevld,ENSMUSG00000043262
Hsbp1,ENSMUSG00000031839
Mlycd,ENSMUSG00000074064
Osgin1,ENSMUSG00000074063
Spty2d1,ENSMUSG00000049516
Eif3b,ENSMUSG00000056076
Tmem86a,ENSMUSG00000010307
Btbd3,ENSMUSG00000062098
Vill,ENSMUSG00000038775
Hp1bp3,ENSMUSG00000028759
Ctdsp1,ENSMUSG00000026176
Ttyh2,ENSMUSG00000034714
Chst12,ENSMUSG00000036599
Mbtps1,ENSMUSG00000031835
Lfng,ENSMUSG00000029570
Mfsd8,ENSMUSG00000025759
Kif1c,ENSMUSG00000020821
Prrt1,ENSMUSG00000015476
Fkbpl,ENSMUSG00000033739
Ttyh3,ENSMUSG00000036565
Atf6b,ENSMUSG00000015461
Fadd,ENSMUSG00000031077
Snapc4,ENSMUSG00000036281
Cotl1,ENSMUSG00000031827
Slc45a3,ENSMUSG00000026435
Iqce,ENSMUSG00000036555
Elk4,ENSMUSG00000026436
Vdac3,ENSMUSG00000008892
Fgfr1,ENSMUSG00000031565
Dennd5b,ENSMUSG00000030313
Ggta1,ENSMUSG00000035778
Elf2,ENSMUSG00000037174
Sh2d5,ENSMUSG00000045349
Tasp1,ENSMUSG00000039033
C4b,ENSMUSG00000073418
Kif17,ENSMUSG00000028758
Kbtbd8,ENSMUSG00000030031
Tmcc2,ENSMUSG00000042066
Fgf3,ENSMUSG00000031074
Zfp3,ENSMUSG00000043602
Suclg2,ENSMUSG00000061838
Ddost,ENSMUSG00000028757
Lin9,ENSMUSG00000058729
Rabep1,ENSMUSG00000020817
Oxsr1,ENSMUSG00000036737
Pink1,ENSMUSG00000028756
Esf1,ENSMUSG00000045624
Mul1,ENSMUSG00000041241
Aplf,ENSMUSG00000030051
Myd88,ENSMUSG00000032508
Amz1,ENSMUSG00000050022
Camk2n1,ENSMUSG00000046447
Txn1,ENSMUSG00000028367
Stk19,ENSMUSG00000061207
Zscan18,ENSMUSG00000070822
Gna12,ENSMUSG00000000149
Acaa1a,ENSMUSG00000036138
Card11,ENSMUSG00000036526
Acbd3,ENSMUSG00000026499
Acvr1b,ENSMUSG00000000532
Ndufc1,ENSMUSG00000037152
Sell,ENSMUSG00000026581
Brpf1,ENSMUSG00000001632
Golim4,ENSMUSG00000034109
Lpar1,ENSMUSG00000038668
Selp,ENSMUSG00000026580
Zfp41,ENSMUSG00000047003
Ift80,ENSMUSG00000027778
Macrod2,ENSMUSG00000068205
Top1mt,ENSMUSG00000000934
Mau2,ENSMUSG00000031858
Mrps12,ENSMUSG00000045948
Sars2,ENSMUSG00000070699
Ccpg1,ENSMUSG00000034563
Nfkbib,ENSMUSG00000030595
Foxk1,ENSMUSG00000056493
Sirt2,ENSMUSG00000015149
Ogg1,ENSMUSG00000030271
Smc4,ENSMUSG00000034349
Nup88,ENSMUSG00000040667
Pmpca,ENSMUSG00000026926
Slc31a2,ENSMUSG00000066152
Camk1,ENSMUSG00000030272
Smug1,ENSMUSG00000036061
Tada3,ENSMUSG00000048930
Cbx5,ENSMUSG00000009575
Rab27a,ENSMUSG00000032202
Ncstn,ENSMUSG00000003458
Trim59,ENSMUSG00000034317
Kpna4,ENSMUSG00000027782
Hnrnpa1,ENSMUSG00000046434
Arpc4,ENSMUSG00000079426
Rsl24d1,ENSMUSG00000032215
Copa,ENSMUSG00000026553
Ttll3,ENSMUSG00000030276
Pear1,ENSMUSG00000028073
Nudt16,ENSMUSG00000032565
Mier1,ENSMUSG00000028522
Dusp7,ENSMUSG00000053716
Gtpbp3,ENSMUSG00000007610
Rpl29,ENSMUSG00000048758
Acy1,ENSMUSG00000023262
Nfe2,ENSMUSG00000058794
Inpp5e,ENSMUSG00000026925
Rpain,ENSMUSG00000018449
Cyld,ENSMUSG00000036712
Rinl,ENSMUSG00000051735
Rpusd3,ENSMUSG00000051169
Copz1,ENSMUSG00000060992
Pex19,ENSMUSG00000003464
Zfp385a,ENSMUSG00000000552
Kif16b,ENSMUSG00000038844
Hnrnpl,ENSMUSG00000015165
Wipi2,ENSMUSG00000029578
Itga5,ENSMUSG00000000555
Dcaf8,ENSMUSG00000026554
Abhd14b,ENSMUSG00000042073
C1qbp,ENSMUSG00000018446
C2,ENSMUSG00000024371
Tnrc18,ENSMUSG00000039477
Jagn1,ENSMUSG00000051256
Il17re,ENSMUSG00000043088
Slc35d1,ENSMUSG00000028521
Pcbp4,ENSMUSG00000023495
Kctd2,ENSMUSG00000016940
Snrpb2,ENSMUSG00000008333
Fbxl18,ENSMUSG00000066640
Dhx33,ENSMUSG00000040620
Tagap1,ENSMUSG00000052031
Pea15a,ENSMUSG00000013698
Actb,ENSMUSG00000029580
Rnaset2b,ENSMUSG00000094724
Ech1,ENSMUSG00000053898
Oma1,ENSMUSG00000035069
Lgals4,ENSMUSG00000053964
Rps6ka2,ENSMUSG00000023809
Lrp8,ENSMUSG00000028613
Insrr,ENSMUSG00000005640
Fscn1,ENSMUSG00000029581
Nckap1l,ENSMUSG00000022488
Vangl2,ENSMUSG00000026556
Armc7,ENSMUSG00000057219
Derl2,ENSMUSG00000018442
Dstn,ENSMUSG00000015932
Disc1,ENSMUSG00000043051
Lgals7,ENSMUSG00000053522
Sec16a,ENSMUSG00000026924
Ccnd1,ENSMUSG00000070348
Pde1b,ENSMUSG00000022489
Nt5c,ENSMUSG00000020736
Parp3,ENSMUSG00000023249
Phkb,ENSMUSG00000036879
Cdk2ap1,ENSMUSG00000029394
Mis12,ENSMUSG00000040599
Fancd2,ENSMUSG00000034023
Sbno1,ENSMUSG00000038095
Tagap,ENSMUSG00000033450
Dbp,ENSMUSG00000059824
Ptpn7,ENSMUSG00000031506
Nlrp1a,ENSMUSG00000069830
Rsph3a,ENSMUSG00000073471
Sphk2,ENSMUSG00000057342
Sumo2,ENSMUSG00000020738
Rrbp1,ENSMUSG00000027422
Arl8a,ENSMUSG00000026426
Rpl18,ENSMUSG00000059070
Rrp9,ENSMUSG00000041506
Slc9a2,ENSMUSG00000026062
Smarca5,ENSMUSG00000031715
Fam83e,ENSMUSG00000054161
Mlph,ENSMUSG00000026303
Sult2b1,ENSMUSG00000003271
Snx5,ENSMUSG00000027423
Rab17,ENSMUSG00000026304
Abhd14a,ENSMUSG00000042210
Aipl1,ENSMUSG00000040554
Gabpb2,ENSMUSG00000038766
Phf3,ENSMUSG00000048874
Lmtk3,ENSMUSG00000062044
Gab1,ENSMUSG00000031714
Mllt11,ENSMUSG00000053192
Notch1,ENSMUSG00000026923
Cep70,ENSMUSG00000056267
Cdc42se1,ENSMUSG00000046722
Ccm2,ENSMUSG00000000378
Eps15l1,ENSMUSG00000006276
Cul7,ENSMUSG00000038545
Gm128,ENSMUSG00000068860
Alyref2,ENSMUSG00000060244
Grwd1,ENSMUSG00000053801
Kdelr1,ENSMUSG00000002778
Ly9,ENSMUSG00000004707
Dok1,ENSMUSG00000068335
Syngr4,ENSMUSG00000040231
Tmem143,ENSMUSG00000002781
Sqle,ENSMUSG00000022351
Fam136a,ENSMUSG00000057497
Rrp36,ENSMUSG00000023971
Snrpg,ENSMUSG00000057278
Heatr3,ENSMUSG00000031657
Mras,ENSMUSG00000032470
Klhdc3,ENSMUSG00000063576
Pcyox1,ENSMUSG00000029998
Emp3,ENSMUSG00000040212
Anxa9,ENSMUSG00000015702
Btg2,ENSMUSG00000020423
4933427D14Rik,ENSMUSG00000020807
Armc8,ENSMUSG00000032468
Nuak2,ENSMUSG00000009772
Mfsd9,ENSMUSG00000041945
Mea1,ENSMUSG00000002768
Irf6,ENSMUSG00000026638
Txndc17,ENSMUSG00000020803
Ppp2r5d,ENSMUSG00000059409
Med31,ENSMUSG00000020801
Adcy7,ENSMUSG00000031659
Tbrg4,ENSMUSG00000000384
Atpaf1,ENSMUSG00000028710
Dbr1,ENSMUSG00000032469
Rilpl2,ENSMUSG00000029401
Arnt,ENSMUSG00000015522
Nomo1,ENSMUSG00000030835
Snrnp35,ENSMUSG00000029402
Pex6,ENSMUSG00000002763
Rilpl1,ENSMUSG00000029392
Mob3c,ENSMUSG00000028709
Mknk1,ENSMUSG00000028708
Herpud2,ENSMUSG00000008429
Tmed2,ENSMUSG00000029390
Cnpy3,ENSMUSG00000023973
Ddx55,ENSMUSG00000029389
Ptcra,ENSMUSG00000036858
Rpl7l1,ENSMUSG00000063888
Calm3,ENSMUSG00000019370
Aebp2,ENSMUSG00000030232
Fahd1,ENSMUSG00000045316
Eif2b1,ENSMUSG00000029388
Ift140,ENSMUSG00000024169
Ppp5c,ENSMUSG00000003099
Dab2ip,ENSMUSG00000026883
Faah,ENSMUSG00000034171
Gtf2h3,ENSMUSG00000029387
Rpl14,ENSMUSG00000025794
Brd7,ENSMUSG00000031660
Hif3a,ENSMUSG00000004328
Eif1b,ENSMUSG00000006941
Adam30,ENSMUSG00000043468
Smad6,ENSMUSG00000036867
Xaf1,ENSMUSG00000040483
Sfswap,ENSMUSG00000029439
Nsun4,ENSMUSG00000028706
Phgdh,ENSMUSG00000053398
Camsap2,ENSMUSG00000041570
Gng2,ENSMUSG00000043004
Telo2,ENSMUSG00000024170
Zfp697,ENSMUSG00000050064
Zwilch,ENSMUSG00000032400
Uqcrh,ENSMUSG00000063882
Ccdc8,ENSMUSG00000041117
Lrrc41,ENSMUSG00000028703
Kcnk5,ENSMUSG00000023243
Mmp17,ENSMUSG00000029436
Zfp11,ENSMUSG00000051034
Nudt13,ENSMUSG00000021809
Lpcat3,ENSMUSG00000004270
Rad54l,ENSMUSG00000028702
Mrps17,ENSMUSG00000034211
Gclm,ENSMUSG00000028124
Emg1,ENSMUSG00000004268
Rnf169,ENSMUSG00000058761
Atmin,ENSMUSG00000047388
Hdlbp,ENSMUSG00000034088
Phb2,ENSMUSG00000004264
Smtnl2,ENSMUSG00000045667
Rpl4,ENSMUSG00000032399
Gcsh,ENSMUSG00000034424
Dnttip2,ENSMUSG00000039756
Pomgnt1,ENSMUSG00000028700
Pkd1l2,ENSMUSG00000034416
Clcn7,ENSMUSG00000036636
Bcar3,ENSMUSG00000028121
Tns3,ENSMUSG00000020422
Psph,ENSMUSG00000029446
Ptpn6,ENSMUSG00000004266
Gm10638,ENSMUSG00000074178
Snapc5,ENSMUSG00000032398
Ecd,ENSMUSG00000021810
Map2k1,ENSMUSG00000004936
Sumf2,ENSMUSG00000025538
Fam149b,ENSMUSG00000039599
Uchl4,ENSMUSG00000035337
Tipin,ENSMUSG00000032397
Mybbp1a,ENSMUSG00000040463
Phkg1,ENSMUSG00000025537
Herpud1,ENSMUSG00000031770
Dis3l,ENSMUSG00000032396
Chchd2,ENSMUSG00000070493
Nlrc5,ENSMUSG00000074151
Vkorc1l1,ENSMUSG00000066735
Gusb,ENSMUSG00000025534
Unkl,ENSMUSG00000015127
Spns2,ENSMUSG00000040447
Grcc10,ENSMUSG00000072772
Asl,ENSMUSG00000025533
Spns3,ENSMUSG00000020798
Ankrd13c,ENSMUSG00000039988
Hspa8,ENSMUSG00000015656
Pms1,ENSMUSG00000026098
Dctn6,ENSMUSG00000031516
Ube2g1,ENSMUSG00000020794
Dnajc9,ENSMUSG00000021811
Ankfy1,ENSMUSG00000020790
Mrps16,ENSMUSG00000049960
Lrrc23,ENSMUSG00000030125
Ormdl1,ENSMUSG00000026097
Ndufa8,ENSMUSG00000026895
Kif15,ENSMUSG00000036768
Mboat4,ENSMUSG00000071113
Leprotl1,ENSMUSG00000031513
Osgepl1,ENSMUSG00000026096
Tmem69,ENSMUSG00000055900
Nasp,ENSMUSG00000028693
Ppp4r2,ENSMUSG00000052144
S100a8,ENSMUSG00000056054
S100a9,ENSMUSG00000056071
Cyb5d2,ENSMUSG00000057778
Sec31a,ENSMUSG00000035325
Asnsd1,ENSMUSG00000026095
Spsb2,ENSMUSG00000038451
E2f5,ENSMUSG00000027552
Upp1,ENSMUSG00000020407
Tpi1,ENSMUSG00000023456
Lrpprc,ENSMUSG00000024120
Egln2,ENSMUSG00000058709
Akr1a1,ENSMUSG00000028692
Rab4b,ENSMUSG00000053291
Usp5,ENSMUSG00000038429
Tmem42,ENSMUSG00000066233
Anxa7,ENSMUSG00000021814
Prdx1,ENSMUSG00000028691
Snrpa,ENSMUSG00000061479
Cdca3,ENSMUSG00000023505
Usp28,ENSMUSG00000032267
D630023F18Rik,ENSMUSG00000044816
Dync2li1,ENSMUSG00000024253
Man1c1,ENSMUSG00000037306
Idh1,ENSMUSG00000025950
Dynlt1b,ENSMUSG00000096255
Itpkc,ENSMUSG00000003752
Cops4,ENSMUSG00000035297
Dynlt1f,ENSMUSG00000095677
Ldlrap1,ENSMUSG00000037295
Plch1,ENSMUSG00000036834
Zzef1,ENSMUSG00000055670
Dtd1,ENSMUSG00000027430
Pikfyve,ENSMUSG00000025949
Scaf8,ENSMUSG00000046201
Tmco4,ENSMUSG00000041143
Rbm18,ENSMUSG00000026889
Mettl17,ENSMUSG00000004561
Tiam2,ENSMUSG00000023800
Cd4,ENSMUSG00000023274
Plac8,ENSMUSG00000029322
Numbl,ENSMUSG00000063160
Zw10,ENSMUSG00000032264
Mrrf,ENSMUSG00000026887
Shkbp1,ENSMUSG00000089832
Lag3,ENSMUSG00000030124
Slc24a3,ENSMUSG00000063873
Coq2,ENSMUSG00000029319
Ptms,ENSMUSG00000030122
Mlf2,ENSMUSG00000030120
Hpse,ENSMUSG00000035273
Capzb,ENSMUSG00000028745
Ptgs1,ENSMUSG00000047250
Helq,ENSMUSG00000035266
Cops7a,ENSMUSG00000030127
Blvrb,ENSMUSG00000040466
Egfl7,ENSMUSG00000026921
Ndrg2,ENSMUSG00000004558
Sertad3,ENSMUSG00000055200
Sertad1,ENSMUSG00000008384
Prx,ENSMUSG00000053198
Tfb1m,ENSMUSG00000036983
Zpbp,ENSMUSG00000020193
Hipk4,ENSMUSG00000040424
Mrps18c,ENSMUSG00000016833
Ttc12,ENSMUSG00000040219
Pld3,ENSMUSG00000003363
Zfp384,ENSMUSG00000038346
Ddc,ENSMUSG00000020182
Rbm42,ENSMUSG00000036733
Ddx25,ENSMUSG00000032101
Akr7a5,ENSMUSG00000028743
Atp2a3,ENSMUSG00000020788
Pus3,ENSMUSG00000032103
Mrto4,ENSMUSG00000028741
Haus5,ENSMUSG00000078762
Hyls1,ENSMUSG00000050555
Ehd3,ENSMUSG00000024065
Pate2,ENSMUSG00000074452
Chd4,ENSMUSG00000063870
Arhgef40,ENSMUSG00000004562
Gtf2ird2,ENSMUSG00000015942
Pigyl,ENSMUSG00000010607
Atp4a,ENSMUSG00000005553
Ncf1,ENSMUSG00000015950
Zfp809,ENSMUSG00000057982
Vangl1,ENSMUSG00000027860
Snhg9,ENSMUSG00000090101
Zfp599,ENSMUSG00000062794
Zfp810,ENSMUSG00000066829
Ubr4,ENSMUSG00000066036
Anln,ENSMUSG00000036777
Fastkd2,ENSMUSG00000025962
Rin2,ENSMUSG00000001768
Tmem147,ENSMUSG00000006315
Gtf2i,ENSMUSG00000060261
Rnf149,ENSMUSG00000048234
Rp9,ENSMUSG00000032239
Rfx8,ENSMUSG00000057173
Pdlim5,ENSMUSG00000028273
Map4k4,ENSMUSG00000026074
Agpat2,ENSMUSG00000026922
0610038B21Rik,ENSMUSG00000097882
Carm1,ENSMUSG00000032185
Apobec1,ENSMUSG00000040613
P2rx1,ENSMUSG00000020787
Naa20,ENSMUSG00000002728
Gdf3,ENSMUSG00000030117
Grb10,ENSMUSG00000020176
M6pr,ENSMUSG00000007458
Phc1,ENSMUSG00000040669
Ehd2,ENSMUSG00000074364
4732491K20Rik,ENSMUSG00000097350
Crnkl1,ENSMUSG00000001767
Snx14,ENSMUSG00000032422
Napa,ENSMUSG00000006024
Surf6,ENSMUSG00000036160
Zfp219,ENSMUSG00000049295
Camkk1,ENSMUSG00000020785
Kptn,ENSMUSG00000006021
Med22,ENSMUSG00000015776
Camta1,ENSMUSG00000014592
Hnrnpc,ENSMUSG00000060373
3110040N11Rik,ENSMUSG00000025102
Btbd1,ENSMUSG00000025103
BC051226,ENSMUSG00000092564
Tm6sf1,ENSMUSG00000038623
Clk2,ENSMUSG00000068917
Syncrip,ENSMUSG00000032423
Creld1,ENSMUSG00000030284
Rpl7a,ENSMUSG00000062647
Dnajc11,ENSMUSG00000039768
Inppl1,ENSMUSG00000032737
Pdcl,ENSMUSG00000009030
Ilf2,ENSMUSG00000001016
Il1r2,ENSMUSG00000026073
Eif2ak4,ENSMUSG00000005102
Zfp658,ENSMUSG00000100617
BC051537,ENSMUSG00000098197
Snrpe,ENSMUSG00000090553
Snapin,ENSMUSG00000001018
Dok2,ENSMUSG00000022102
Thap3,ENSMUSG00000039759
Phf13,ENSMUSG00000047777
Klhl21,ENSMUSG00000073700
Zbtb48,ENSMUSG00000028952
Tax1bp3,ENSMUSG00000040158
Lax1,ENSMUSG00000051998
Atp2b4,ENSMUSG00000026463
Tas1r1,ENSMUSG00000028950
Nol9,ENSMUSG00000028948
S100a1,ENSMUSG00000044080
S100a13,ENSMUSG00000042312
Gng12,ENSMUSG00000036402
S100a4,ENSMUSG00000001020
Tomt,ENSMUSG00000078630
S100a5,ENSMUSG00000001023
S100a6,ENSMUSG00000001025
Fxr1,ENSMUSG00000027680
Tnfrsf14,ENSMUSG00000042333
Gadd45a,ENSMUSG00000036390
Lrrc51,ENSMUSG00000064307
Serbp1,ENSMUSG00000036371
Hes5,ENSMUSG00000048001
Fndc3a,ENSMUSG00000033487
Pank4,ENSMUSG00000029056
Zfp949,ENSMUSG00000032425
Numa1,ENSMUSG00000066306
Ctns,ENSMUSG00000005949
Smarca4,ENSMUSG00000032187
Terf1,ENSMUSG00000025925
Zdhhc21,ENSMUSG00000028403
Rpp14,ENSMUSG00000023156
Rpl7,ENSMUSG00000043716
Il12rb2,ENSMUSG00000018341
Il18bp,ENSMUSG00000070427
Shpk,ENSMUSG00000005951
Surf1,ENSMUSG00000015790
Ipo5,ENSMUSG00000030662
Rdh10,ENSMUSG00000025921
Rnf121,ENSMUSG00000070426
Sec61g,ENSMUSG00000078974
Stau2,ENSMUSG00000025920
Dnajc19,ENSMUSG00000027679
Magoh,ENSMUSG00000028609
Rc3h2,ENSMUSG00000075376
Airn,ENSMUSG00000078247
Gde1,ENSMUSG00000033917
Stk24,ENSMUSG00000063410
Srp14,ENSMUSG00000009549
Ephb6,ENSMUSG00000029869
Zbtb6,ENSMUSG00000066798
Zbtb26,ENSMUSG00000050714
Ube4a,ENSMUSG00000059890
Ralgapa2,ENSMUSG00000037110
Sec24c,ENSMUSG00000039367
Cpt2,ENSMUSG00000028607
A930015D03Rik,ENSMUSG00000092368
Ccdc77,ENSMUSG00000030177
Scp2,ENSMUSG00000028603
6230400D17Rik,ENSMUSG00000097577
Fut11,ENSMUSG00000039357
Chchd1,ENSMUSG00000063787
9330175E14Rik,ENSMUSG00000097194
Rhbdd1,ENSMUSG00000026142
Kdm5a,ENSMUSG00000030180
Fbxo48,ENSMUSG00000044966
Rab23,ENSMUSG00000004768
Plek,ENSMUSG00000020120
Bub1b,ENSMUSG00000040084
Cnrip1,ENSMUSG00000044629
Bag2,ENSMUSG00000042215
Ppp3r1,ENSMUSG00000033953
Gtf2ird1,ENSMUSG00000023079
Zfp451,ENSMUSG00000042197
Iqck,ENSMUSG00000073856
Echdc2,ENSMUSG00000028601
Pno1,ENSMUSG00000020116
Thbd,ENSMUSG00000074743
Cd93,ENSMUSG00000027435
Rabgap1,ENSMUSG00000035437
Gprc5b,ENSMUSG00000008734
C1d,ENSMUSG00000000581
Dst,ENSMUSG00000026131
Etaa1,ENSMUSG00000016984
Il10ra,ENSMUSG00000032089
Gm5544,ENSMUSG00000074388
Atp6v1e1,ENSMUSG00000019210
Meis1,ENSMUSG00000020160
Bcl2l13,ENSMUSG00000009112
Bid,ENSMUSG00000004446
Far2,ENSMUSG00000030303
Fxyd2,ENSMUSG00000059412
Ndst2,ENSMUSG00000039308
Zyg11b,ENSMUSG00000034636
Uros,ENSMUSG00000030979
Rap1gap2,ENSMUSG00000038807
Ergic2,ENSMUSG00000030304
Fsd1l,ENSMUSG00000054752
Strbp,ENSMUSG00000026915
Camk2g,ENSMUSG00000021820
Pigb,ENSMUSG00000079469
Bccip,ENSMUSG00000030983
1810012K16Rik,ENSMUSG00000099825
Actr2,ENSMUSG00000020152
Dhx32,ENSMUSG00000030986
Tle1,ENSMUSG00000008305
Dennd1a,ENSMUSG00000035392
Psmc4,ENSMUSG00000030603
Ccdc32,ENSMUSG00000039983
Rpusd2,ENSMUSG00000027324
Fbl,ENSMUSG00000046865
Zfp800,ENSMUSG00000039841
Cep68,ENSMUSG00000044066
Dyrk1b,ENSMUSG00000002409
Gcc1,ENSMUSG00000029708
Mpdz,ENSMUSG00000028402
Plscr1,ENSMUSG00000032369
Arf5,ENSMUSG00000020440
Pygb,ENSMUSG00000033059
Slc1a4,ENSMUSG00000020142
Plscr2,ENSMUSG00000032372
Pafah1b1,ENSMUSG00000020745
Eid2,ENSMUSG00000046058
Eid2b,ENSMUSG00000070705
Vcl,ENSMUSG00000021823
Plscr4,ENSMUSG00000032377
Timm50,ENSMUSG00000003438
Rad51,ENSMUSG00000027323
Sertad2,ENSMUSG00000049800
Ap3m1,ENSMUSG00000021824
Plod2,ENSMUSG00000032374
Mettl16,ENSMUSG00000010554
Abhd12,ENSMUSG00000032046
Tmem140,ENSMUSG00000057137
Fam117a,ENSMUSG00000038893
Ccdc115,ENSMUSG00000042111
Wdr91,ENSMUSG00000058486
Imp4,ENSMUSG00000026127
Mnt,ENSMUSG00000000282
Aftph,ENSMUSG00000049659
Gchfr,ENSMUSG00000046814
Dnajc17,ENSMUSG00000034278
Ptpn18,ENSMUSG00000026126
Traip,ENSMUSG00000032586
Zfyve19,ENSMUSG00000068580
Cyp2e1,ENSMUSG00000025479
Cnot4,ENSMUSG00000038784
Uba7,ENSMUSG00000032596
Cfc1,ENSMUSG00000026124
Syce1,ENSMUSG00000025480
Sgsm2,ENSMUSG00000038351
Spint1,ENSMUSG00000027315
Zfp941,ENSMUSG00000060314
3300005D01Rik,ENSMUSG00000096965
Bet1l,ENSMUSG00000025484
Vps18,ENSMUSG00000034216
Nr6a1,ENSMUSG00000063972
Peli1,ENSMUSG00000020134
Inpp4a,ENSMUSG00000026113
Nup205,ENSMUSG00000038759
Sirt3,ENSMUSG00000025486
Tsr1,ENSMUSG00000038335
Psmd13,ENSMUSG00000025487
Nsfl1c,ENSMUSG00000027455
Vps54,ENSMUSG00000020128
Ip6k1,ENSMUSG00000032594
AI504432,ENSMUSG00000056145
Fkbp1a,ENSMUSG00000032966
Mtpn,ENSMUSG00000029840
Krba1,ENSMUSG00000042810
Gmppb,ENSMUSG00000070284
Nlrp6,ENSMUSG00000038745
Rnf123,ENSMUSG00000041528
1110020A21Rik,ENSMUSG00000097047
Rpl35,ENSMUSG00000062997
Srr,ENSMUSG00000001323
Ino80,ENSMUSG00000034154
Gm4890,ENSMUSG00000097174
Ifitm5,ENSMUSG00000025489
Ifitm2,ENSMUSG00000060591
Zfp467,ENSMUSG00000068551
Ifitm1,ENSMUSG00000025491
Ifitm3,ENSMUSG00000025492
Ifitm6,ENSMUSG00000059108
B4galnt4,ENSMUSG00000055629
Arpc5l,ENSMUSG00000026755
Ugp2,ENSMUSG00000001891
Pkp3,ENSMUSG00000054065
Usp24,ENSMUSG00000028514
Unc50,ENSMUSG00000026111
Smg6,ENSMUSG00000038290
Sigirr,ENSMUSG00000025494
Il1r1,ENSMUSG00000026072
Luzp1,ENSMUSG00000001089
Il1rl2,ENSMUSG00000070942
Kdm1a,ENSMUSG00000036940
Mdh1,ENSMUSG00000020321
Il1rl1,ENSMUSG00000026069
Wdpcp,ENSMUSG00000020319
Amigo3,ENSMUSG00000032593
Oip5,ENSMUSG00000072980
Psmf1,ENSMUSG00000032869
Lrrc61,ENSMUSG00000073096
Il18r1,ENSMUSG00000026070
Nusap1,ENSMUSG00000027306
Il18rap,ENSMUSG00000026068
Gm5111,ENSMUSG00000052730
Repin1,ENSMUSG00000052751
Apeh,ENSMUSG00000032590
Zfp775,ENSMUSG00000007216
Ehbp1,ENSMUSG00000042302
Pdp1,ENSMUSG00000049225
AI854703,ENSMUSG00000053297
Ndufaf1,ENSMUSG00000027305
Gimap8,ENSMUSG00000064262
Mier2,ENSMUSG00000042570
Tmem67,ENSMUSG00000049488
Tns1,ENSMUSG00000055322
Golga1,ENSMUSG00000026754
Bsn,ENSMUSG00000032589
Tmem17,ENSMUSG00000049904
Skap1,ENSMUSG00000057058
Dag1,ENSMUSG00000039952
Krcc1,ENSMUSG00000053012
Clasp2,ENSMUSG00000033392
Oaz1,ENSMUSG00000035242
Scai,ENSMUSG00000035236
Rmnd5a,ENSMUSG00000002222
Rnf103,ENSMUSG00000052656
Tbkbp1,ENSMUSG00000038517
Chmp3,ENSMUSG00000053119
Rufy4,ENSMUSG00000061815
Kdm3a,ENSMUSG00000053470
Kpnb1,ENSMUSG00000001440
Nup107,ENSMUSG00000052798
Trim6,ENSMUSG00000072244
Ppp6c,ENSMUSG00000026753
Cxcr2,ENSMUSG00000026180
Arpc2,ENSMUSG00000006304
Trim34a,ENSMUSG00000056144
Npepps,ENSMUSG00000001441
Trim12a,ENSMUSG00000066258
Cnbp,ENSMUSG00000030057
Trim12c,ENSMUSG00000057143
Prim1,ENSMUSG00000025395
Aamp,ENSMUSG00000006299
Trim30a,ENSMUSG00000030921
Trim30d,ENSMUSG00000057596
Stat2,ENSMUSG00000040033
Pnkd,ENSMUSG00000026179
Sult1a1,ENSMUSG00000030711
Plxna1,ENSMUSG00000030084
Pigo,ENSMUSG00000028454
Slx1b,ENSMUSG00000059772
Chchd10,ENSMUSG00000049422
2010320M18Rik,ENSMUSG00000100691
Bola2,ENSMUSG00000047721
Mrpl45,ENSMUSG00000018882
Gm5134,ENSMUSG00000033255
C030034I22Rik,ENSMUSG00000073374
Coro1a,ENSMUSG00000030707
Arhgap15,ENSMUSG00000049744
Ubp1,ENSMUSG00000009741
Chchd6,ENSMUSG00000030086
Tmbim1,ENSMUSG00000006301
Morc2a,ENSMUSG00000034543
Zfp280b,ENSMUSG00000049764
Prtn3,ENSMUSG00000057729
Pcnt,ENSMUSG00000001151
Txnrd3,ENSMUSG00000000811
Gtdc1,ENSMUSG00000036890
Usp37,ENSMUSG00000033364
Mapk3,ENSMUSG00000063065
Npm1,ENSMUSG00000057113
Fbxl2,ENSMUSG00000032507
Slc6a6,ENSMUSG00000030096
Zeb2,ENSMUSG00000026872
Gtf2h5,ENSMUSG00000034345
Tulp4,ENSMUSG00000034377
Gdpd3,ENSMUSG00000030703
Ypel3,ENSMUSG00000042675
Plekhf2,ENSMUSG00000049969
Ctdspl,ENSMUSG00000047409
Tmem181a,ENSMUSG00000038141
Ccl5,ENSMUSG00000035042
Ccl9,ENSMUSG00000019122
Ybey,ENSMUSG00000033126
Trp53inp1,ENSMUSG00000028211
Ppp4c,ENSMUSG00000030697
Mcm3ap,ENSMUSG00000001150
Ccl6,ENSMUSG00000018927
Xylb,ENSMUSG00000035769
Ccl3,ENSMUSG00000000982
Ccne2,ENSMUSG00000028212
Dynlt1a,ENSMUSG00000092074
Ccl4,ENSMUSG00000018930
Nmt1,ENSMUSG00000020936
Nsg1,ENSMUSG00000029126
Lss,ENSMUSG00000033105
Acvr2a,ENSMUSG00000052155
4930590J08Rik,ENSMUSG00000034063
Zbtb49,ENSMUSG00000029127
Acvr2b,ENSMUSG00000061393
Fgd5,ENSMUSG00000034037
Ints8,ENSMUSG00000040738
Hexim1,ENSMUSG00000048878
Orc4,ENSMUSG00000026761
Hexim2,ENSMUSG00000043372
Gm1976,ENSMUSG00000066057
Fmnl1,ENSMUSG00000055805
Ino80e,ENSMUSG00000030689
Lyar,ENSMUSG00000067367
Hcfc2,ENSMUSG00000020246
Nfyb,ENSMUSG00000020248
Zfp142,ENSMUSG00000026135
Nr2c2,ENSMUSG00000005893
Hirip3,ENSMUSG00000042606
Taok2,ENSMUSG00000059981
Txnrd1,ENSMUSG00000020250
Tmem128,ENSMUSG00000067365
Mrps25,ENSMUSG00000014551
Mbd5,ENSMUSG00000036792
Bcs1l,ENSMUSG00000026172
Tmem219,ENSMUSG00000060538
Slc2a9,ENSMUSG00000005107
Rnf25,ENSMUSG00000026171
Map3k14,ENSMUSG00000020941
Arhgef10l,ENSMUSG00000040964
Scn11a,ENSMUSG00000034115
Kctd13,ENSMUSG00000030685
Plekhm1,ENSMUSG00000034247
Slc2a3,ENSMUSG00000003153
Epc2,ENSMUSG00000069495
Wdr48,ENSMUSG00000032512
Arhgap27,ENSMUSG00000034255
Stk36,ENSMUSG00000033276
Ptbp1,ENSMUSG00000006498
Foxj2,ENSMUSG00000003154
Necap1,ENSMUSG00000030327
Rnf187,ENSMUSG00000020496
Trim11,ENSMUSG00000020455
Auts2,ENSMUSG00000029673
Cdipt,ENSMUSG00000030682
4833418N02Rik,ENSMUSG00000085287
Cadps2,ENSMUSG00000017978
Cx3cr1,ENSMUSG00000052336
1700097N02Rik,ENSMUSG00000099474
Ttll4,ENSMUSG00000033257
Gorasp1,ENSMUSG00000032513
Mmadhc,ENSMUSG00000026766
Maz,ENSMUSG00000030678
Rcc2,ENSMUSG00000040945
Kif22,ENSMUSG00000030677
Ovca2,ENSMUSG00000038268
Dph1,ENSMUSG00000078789
Fis1,ENSMUSG00000019054
Rnd3,ENSMUSG00000017144
Zg16,ENSMUSG00000049350
Cyp27a1,ENSMUSG00000026170
Rbm43,ENSMUSG00000036249
AI467606,ENSMUSG00000045165
Eif2b3,ENSMUSG00000028683
Qprt,ENSMUSG00000030674
Spn,ENSMUSG00000051457
Cd2bp2,ENSMUSG00000042502
Znhit1,ENSMUSG00000059518
Nmi,ENSMUSG00000026946
Fignl1,ENSMUSG00000035455
C920021L13Rik,ENSMUSG00000080727
Tbc1d10b,ENSMUSG00000042492
Csrnp1,ENSMUSG00000032515
Ikzf1,ENSMUSG00000018654
Plod3,ENSMUSG00000004846
Btbd19,ENSMUSG00000073771
Mylpf,ENSMUSG00000030672
Slc25a38,ENSMUSG00000032519
Wnt6,ENSMUSG00000033227
Rif1,ENSMUSG00000036202
Zfand2b,ENSMUSG00000026197
Plk3,ENSMUSG00000028680
Ap1s1,ENSMUSG00000004849
Nt5dc3,ENSMUSG00000054027
Rpsa,ENSMUSG00000032518
Trim56,ENSMUSG00000043279
Tm2d3,ENSMUSG00000078681
Ache,ENSMUSG00000023328
1810014B01Rik,ENSMUSG00000097412
Hsp90b1,ENSMUSG00000020048
Guk1,ENSMUSG00000020444
Ufsp1,ENSMUSG00000051502
Rps8,ENSMUSG00000047675
Trip6,ENSMUSG00000023348
Abcb6,ENSMUSG00000026198
Kif2c,ENSMUSG00000028678
Slc12a9,ENSMUSG00000037344
Tmem123,ENSMUSG00000050912
Mrpl55,ENSMUSG00000036860
Birc2,ENSMUSG00000057367
2310033P09Rik,ENSMUSG00000020441
Atg9a,ENSMUSG00000033124
Arf1,ENSMUSG00000048076
Birc3,ENSMUSG00000032000
Elac2,ENSMUSG00000020549
Snrpa1,ENSMUSG00000030512
Tmem53,ENSMUSG00000048772
Dkkl1,ENSMUSG00000030792
Clcn6,ENSMUSG00000029016
Tead2,ENSMUSG00000030796
Ankzf1,ENSMUSG00000026199
Zan,ENSMUSG00000079173
Trpc6,ENSMUSG00000031997
Glb1l,ENSMUSG00000026200
Cd37,ENSMUSG00000030798
Mthfr,ENSMUSG00000029009
Hebp2,ENSMUSG00000019853
Dnm2,ENSMUSG00000033335
Agtrap,ENSMUSG00000029007
Mad2l2,ENSMUSG00000029003
Trpm4,ENSMUSG00000038260
Stk16,ENSMUSG00000026201
Pop7,ENSMUSG00000029715
Fbxo6,ENSMUSG00000055401
Gigyf1,ENSMUSG00000029714
Tuba4a,ENSMUSG00000026202
Gnb2,ENSMUSG00000029713
Ppp1r9b,ENSMUSG00000038976
A630095N17Rik,ENSMUSG00000096094
Arl5a,ENSMUSG00000036093
Dnajb2,ENSMUSG00000026203
Fbxo44,ENSMUSG00000029001
Stam2,ENSMUSG00000055371
Samd14,ENSMUSG00000047181
Pdk2,ENSMUSG00000038967
Prrc2a,ENSMUSG00000024393
Prpf40a,ENSMUSG00000061136
C030034L19Rik,ENSMUSG00000097365
Ncapd3,ENSMUSG00000035024
Gm11837,ENSMUSG00000086587
Tfr2,ENSMUSG00000029716
4930539J05Rik,ENSMUSG00000097032
Dnpep,ENSMUSG00000026209
Snrnp70,ENSMUSG00000063511
Pkmyt1,ENSMUSG00000023908
Tac4,ENSMUSG00000020872
Paqr4,ENSMUSG00000023909
Bahcc1,ENSMUSG00000039741
Bend5,ENSMUSG00000028545
Arl6ip6,ENSMUSG00000026960
9530082P21Rik,ENSMUSG00000097006
Nptn,ENSMUSG00000032336
Flywch1,ENSMUSG00000040097
Spata6,ENSMUSG00000034401
Mospd3,ENSMUSG00000037221
Flywch2,ENSMUSG00000023911
Prpsap1,ENSMUSG00000015869
Klrd1,ENSMUSG00000030165
Srrm2,ENSMUSG00000039218
Ruvbl2,ENSMUSG00000003868
Sphk1,ENSMUSG00000061878
Nr4a2,ENSMUSG00000026826
Sp110,ENSMUSG00000070034
Tle3,ENSMUSG00000032280
Sp140,ENSMUSG00000070031
Ccdc63,ENSMUSG00000043036
Gpd2,ENSMUSG00000026827
Gys1,ENSMUSG00000003865
Sp100,ENSMUSG00000026222
Tmem214,ENSMUSG00000038828
Gm15441,ENSMUSG00000074398
Ftl1,ENSMUSG00000050708
Bax,ENSMUSG00000003873
Evpl,ENSMUSG00000034282
Wrap53,ENSMUSG00000041346
Dhdh,ENSMUSG00000011382
Trp53,ENSMUSG00000059552
Cytip,ENSMUSG00000026832
Agbl5,ENSMUSG00000029165
Kctd5,ENSMUSG00000016946
Pdpk1,ENSMUSG00000024122
Hnrnpa2b1,ENSMUSG00000004980
Acvr1,ENSMUSG00000026836
A630001G21Rik,ENSMUSG00000052760
Nucb1,ENSMUSG00000030824
Inpp5d,ENSMUSG00000026288
Mpdu1,ENSMUSG00000018761
Upp2,ENSMUSG00000026839
Cbx3,ENSMUSG00000029836
Cd68,ENSMUSG00000018774
Pkp4,ENSMUSG00000026991
Amdhd2,ENSMUSG00000036820
Eif4a1,ENSMUSG00000059796
Snx10,ENSMUSG00000038301
Ppp1r15a,ENSMUSG00000040435
Hsd17b14,ENSMUSG00000030825
Ost4,ENSMUSG00000038803
Emilin1,ENSMUSG00000029163
Atp6v0c,ENSMUSG00000024121
Gm16998,ENSMUSG00000097069
Il17ra,ENSMUSG00000002897
Senp3,ENSMUSG00000005204
Bcat2,ENSMUSG00000030826
Khk,ENSMUSG00000029162
Mapk14,ENSMUSG00000053436
Preb,ENSMUSG00000045302
Rasip1,ENSMUSG00000044562
Tnfsf13,ENSMUSG00000089669
Cul1,ENSMUSG00000029686
Tanc1,ENSMUSG00000035168
Gm5547,ENSMUSG00000104835
Tnfsf12,ENSMUSG00000097328
Srsf9,ENSMUSG00000029538
Gatc,ENSMUSG00000029536
Polr2a,ENSMUSG00000005198
Triap1,ENSMUSG00000029535
Trim30b,ENSMUSG00000052749
Cox6a1,ENSMUSG00000041697
Oaz2,ENSMUSG00000040652
Ezh2,ENSMUSG00000029687
Cfdp1,ENSMUSG00000031954
Tmem170,ENSMUSG00000031953
Rfx7,ENSMUSG00000037674
Tmem231,ENSMUSG00000031951
9230105E05Rik,ENSMUSG00000090191
Isoc2a,ENSMUSG00000086784
Gabarapl2,ENSMUSG00000031950
Zfp628,ENSMUSG00000074406
Adat1,ENSMUSG00000031949
Nat14,ENSMUSG00000035285
Wdsub1,ENSMUSG00000026988
Cacna2d2,ENSMUSG00000010066
Zbtb4,ENSMUSG00000018750
Zfp579,ENSMUSG00000051550
Rsrc2,ENSMUSG00000029422
Fiz1,ENSMUSG00000061374
Chrnb1,ENSMUSG00000041189
Baz2b,ENSMUSG00000026987
Atg16l1,ENSMUSG00000026289
Terf2ip,ENSMUSG00000033430
Zfp524,ENSMUSG00000051184
Gipc1,ENSMUSG00000019433
Zfp865,ENSMUSG00000074405
Fgf11,ENSMUSG00000042826
Ccdc106,ENSMUSG00000035228
Pkn1,ENSMUSG00000057672
Nlgn2,ENSMUSG00000051790
Mapk13,ENSMUSG00000004864
Zfp784,ENSMUSG00000043290
Zfp580,ENSMUSG00000055633
Epn1,ENSMUSG00000035203
Plscr3,ENSMUSG00000019461
Gata2,ENSMUSG00000015053
Cd302,ENSMUSG00000060703
Eefsec,ENSMUSG00000033216
Tnk1,ENSMUSG00000001583
Ly75,ENSMUSG00000026980
Gnb1,ENSMUSG00000029064
Brpf3,ENSMUSG00000063952
Kntc1,ENSMUSG00000029414
B230208H11Rik,ENSMUSG00000097378
Zfp566,ENSMUSG00000078768
Ptger1,ENSMUSG00000019464
Kctd11,ENSMUSG00000046731
Fxr2,ENSMUSG00000018765
Cpt1c,ENSMUSG00000007783
Sag,ENSMUSG00000056055
Denr,ENSMUSG00000023106
Pnpla1,ENSMUSG00000043286
Itgb6,ENSMUSG00000026971
Hip1r,ENSMUSG00000000915
Dgkd,ENSMUSG00000070738
Prmt1,ENSMUSG00000109324
Pxt1,ENSMUSG00000045378
Sgsh,ENSMUSG00000005043
Kctd20,ENSMUSG00000005936
Usp40,ENSMUSG00000005501
Slc26a11,ENSMUSG00000039908
Rbms1,ENSMUSG00000026970
Vps37b,ENSMUSG00000066278
Tmem82,ENSMUSG00000043085
Rbak,ENSMUSG00000061898
Plekhm2,ENSMUSG00000028917
Zfp12,ENSMUSG00000029587
Zfp316,ENSMUSG00000046658
Ddi2,ENSMUSG00000078515
Chmp6,ENSMUSG00000025371
Rbmxl1,ENSMUSG00000037070
Slc10a7,ENSMUSG00000031684
Stk38,ENSMUSG00000024006
Zdhhc4,ENSMUSG00000001844
Srm,ENSMUSG00000006442
Bcl2l12,ENSMUSG00000003190
Baiap2,ENSMUSG00000025372
Tank,ENSMUSG00000064289
Irf3,ENSMUSG00000003184
Ugt1a7c,ENSMUSG00000090124
Layn,ENSMUSG00000060594
Tardbp,ENSMUSG00000041459
Scaf1,ENSMUSG00000038406
Lsm6,ENSMUSG00000031683
Aatk,ENSMUSG00000025375
Psmd14,ENSMUSG00000026914
Tmem161a,ENSMUSG00000002342
Srsf3,ENSMUSG00000071172
Rras,ENSMUSG00000038387
Prr12,ENSMUSG00000046574
Prrg2,ENSMUSG00000007837
Dnajb3,ENSMUSG00000081984
Kdelr2,ENSMUSG00000079111
Polr2m,ENSMUSG00000032199
Daglb,ENSMUSG00000039206
Cdkn1a,ENSMUSG00000023067
Rab44,ENSMUSG00000064147
Hjurp,ENSMUSG00000044783
Rac1,ENSMUSG00000001847
Nosip,ENSMUSG00000003421
Slc25a42,ENSMUSG00000002346
Armc6,ENSMUSG00000002343
Rest,ENSMUSG00000029249
Rptor,ENSMUSG00000025583
Noa1,ENSMUSG00000036285
Sugp2,ENSMUSG00000036054
Polr2b,ENSMUSG00000029250
1810044D09Rik,ENSMUSG00000100680
Rcn3,ENSMUSG00000019539
Igfbp7,ENSMUSG00000036256
Arpp19,ENSMUSG00000007656
Casz1,ENSMUSG00000028977
Fcgrt,ENSMUSG00000003420
Micall2,ENSMUSG00000036718
Glrp1,ENSMUSG00000062310
Myo5a,ENSMUSG00000034593
Tsn,ENSMUSG00000026374
Rps11,ENSMUSG00000003429
Mdfi,ENSMUSG00000032717
Rpl13a,ENSMUSG00000074129
Ints1,ENSMUSG00000029547
Clasp1,ENSMUSG00000064302
Ankrd11,ENSMUSG00000035569
Pex14,ENSMUSG00000028975
Foxp4,ENSMUSG00000023991
Dffa,ENSMUSG00000028974
Ndufb7,ENSMUSG00000033938
Aspa,ENSMUSG00000020774
Tecr,ENSMUSG00000031708
Dpp4,ENSMUSG00000035000
4933431E20Rik,ENSMUSG00000086968
Creb3,ENSMUSG00000028466
Flt3l,ENSMUSG00000110206
Gba2,ENSMUSG00000028467
Gatm,ENSMUSG00000027199
Myo5c,ENSMUSG00000033590
AA467197,ENSMUSG00000033213
Rgp1,ENSMUSG00000028468
Slc30a4,ENSMUSG00000005802
Aldh16a1,ENSMUSG00000007833
Gnb5,ENSMUSG00000032192
C1qtnf4,ENSMUSG00000040794
Mafk,ENSMUSG00000018143
Dnajb1,ENSMUSG00000005483
Ndufs3,ENSMUSG00000005510
Elavl1,ENSMUSG00000040028
Kbtbd4,ENSMUSG00000005505
Npr2,ENSMUSG00000028469
Ccl25,ENSMUSG00000023235
Trem1,ENSMUSG00000042265
Celf1,ENSMUSG00000005506
Trem3,ENSMUSG00000041754
Psmg3,ENSMUSG00000029551
Gm15417,ENSMUSG00000074466
Commd8,ENSMUSG00000029213
Mrpl4,ENSMUSG00000003299
Pih1d1,ENSMUSG00000003423
Oas2,ENSMUSG00000032690
Pelp1,ENSMUSG00000018921
Oas3,ENSMUSG00000032661
Rnaseh2a,ENSMUSG00000052926
Treml2,ENSMUSG00000071068
Icam1,ENSMUSG00000037405
Arrb2,ENSMUSG00000060216
Hint2,ENSMUSG00000028470
Oas1c,ENSMUSG00000001166
Icam4,ENSMUSG00000001014
Treml1,ENSMUSG00000023993
Prdx2,ENSMUSG00000005161
Tmem8b,ENSMUSG00000078716
Nfya,ENSMUSG00000023994
Gm5577,ENSMUSG00000084950
Tbcb,ENSMUSG00000006095
Junb,ENSMUSG00000052837
Raver1,ENSMUSG00000010205
Hook2,ENSMUSG00000052566
Polr2i,ENSMUSG00000019738
Hsph1,ENSMUSG00000029657
Atp8b5,ENSMUSG00000028457
Tyk2,ENSMUSG00000032175
Wdr62,ENSMUSG00000037020
Med11,ENSMUSG00000018923
Rapsn,ENSMUSG00000002104
Rusc2,ENSMUSG00000035969
Actg1,ENSMUSG00000062825
Mavs,ENSMUSG00000037523
Tspo2,ENSMUSG00000023995
Unc5cl,ENSMUSG00000043592
Cdc37,ENSMUSG00000019471
Alkbh6,ENSMUSG00000042831
Pde4a,ENSMUSG00000032177
Pank2,ENSMUSG00000037514
Tnpo2,ENSMUSG00000031691
Brdt,ENSMUSG00000029279
Ccdc137,ENSMUSG00000049957
Rnf24,ENSMUSG00000048911
Arl16,ENSMUSG00000057594
Keap1,ENSMUSG00000003308
Sdhaf1,ENSMUSG00000074211
Tyrobp,ENSMUSG00000030579
Tesk1,ENSMUSG00000028458
Hgs,ENSMUSG00000025793
Hcst,ENSMUSG00000064109
Fbxw9,ENSMUSG00000008167
Nfkbid,ENSMUSG00000036931
Atg4d,ENSMUSG00000002820
Cd72,ENSMUSG00000028459
Snrpb,ENSMUSG00000027404
Ppp2r3d,ENSMUSG00000093803
Dhps,ENSMUSG00000060038
Nop56,ENSMUSG00000027405
Wdr83,ENSMUSG00000005150
Mrpl12,ENSMUSG00000039640
Ubash3b,ENSMUSG00000032020
Slc25a10,ENSMUSG00000025792
Rfc5,ENSMUSG00000029363
Ccdc107,ENSMUSG00000028461
Man2b1,ENSMUSG00000005142
Ksr2,ENSMUSG00000061578
Nphs1,ENSMUSG00000006649
Adar,ENSMUSG00000027951
Gm9958,ENSMUSG00000054945
Sorl1,ENSMUSG00000049313
Nploc4,ENSMUSG00000039703
Idh3b,ENSMUSG00000027406
Car9,ENSMUSG00000028463
Sc5d,ENSMUSG00000032018
Ctbp1,ENSMUSG00000037373
Raly,ENSMUSG00000027593
Tpm2,ENSMUSG00000028464
Wdr43,ENSMUSG00000041057
Scap,ENSMUSG00000032485
Arhgap33,ENSMUSG00000036882
Tln1,ENSMUSG00000028465
Ptpn23,ENSMUSG00000036057
Nat9,ENSMUSG00000015542
Sbds,ENSMUSG00000025337
Tyw1,ENSMUSG00000056310
Tpm3,ENSMUSG00000027940
Plcb2,ENSMUSG00000040061
Klhl18,ENSMUSG00000054792
Acbd4,ENSMUSG00000056938
4933408J17Rik,ENSMUSG00000097407
Kif9,ENSMUSG00000032489
Tpst1,ENSMUSG00000034118
Hspb6,ENSMUSG00000036854
Cdk18,ENSMUSG00000026437
Tbc1d9b,ENSMUSG00000036644
Rpl21,ENSMUSG00000041453
Lin37,ENSMUSG00000036845
Psenen,ENSMUSG00000036835
Pgd,ENSMUSG00000028961
Gtf3a,ENSMUSG00000016503
Ptprs,ENSMUSG00000013236
U2af1l4,ENSMUSG00000078765
Kif1b,ENSMUSG00000063077
Rnpep,ENSMUSG00000041926
Setd2,ENSMUSG00000044791
Sqstm1,ENSMUSG00000015837
Crybb3,ENSMUSG00000029352
Timm17a,ENSMUSG00000062580
Mgat4b,ENSMUSG00000036620
2900026A02Rik,ENSMUSG00000051339
Ipo9,ENSMUSG00000041879
Acp6,ENSMUSG00000028093
Ltc4s,ENSMUSG00000020377
Nradd,ENSMUSG00000032491
Maml1,ENSMUSG00000050567
Sgsm1,ENSMUSG00000042216
Bcl9,ENSMUSG00000038256
Ivd,ENSMUSG00000027332
Nbeal2,ENSMUSG00000056724
Canx,ENSMUSG00000020368
Nav1,ENSMUSG00000009418
Bub1,ENSMUSG00000027379
Hnrnph1,ENSMUSG00000007850
Tlr2,ENSMUSG00000027995
Dclk2,ENSMUSG00000028078
Ube4b,ENSMUSG00000028960
Smox,ENSMUSG00000027333
Rufy1,ENSMUSG00000020375
Csrp1,ENSMUSG00000026421
Nf1,ENSMUSG00000020716
Phlda3,ENSMUSG00000041801
Safb2,ENSMUSG00000042625
Nmnat1,ENSMUSG00000028992
Cox6b1,ENSMUSG00000036751
Ccdc12,ENSMUSG00000019659
Rrm1,ENSMUSG00000030978
Lzic,ENSMUSG00000028990
Ccni,ENSMUSG00000063015
Casp1,ENSMUSG00000025888
Safb,ENSMUSG00000071054
Casp4,ENSMUSG00000033538
2010109A12Rik,ENSMUSG00000029384
Ccng2,ENSMUSG00000029385
Cd1d2,ENSMUSG00000041750
Cd1d1,ENSMUSG00000028076
Slc26a6,ENSMUSG00000023259
Ralgapb,ENSMUSG00000027652
Rpl36,ENSMUSG00000057863
Lonp1,ENSMUSG00000041168
Gm10941,ENSMUSG00000078444
Cnot6l,ENSMUSG00000034724
Gm15915,ENSMUSG00000085723
Angptl6,ENSMUSG00000038742
Ppan,ENSMUSG00000004100
Fcrl1,ENSMUSG00000059994
AW011738,ENSMUSG00000078349
Ranbp3,ENSMUSG00000002372
Eif3g,ENSMUSG00000070319
Actr5,ENSMUSG00000037761
Ascl2,ENSMUSG00000009248
Evi2b,ENSMUSG00000093938
Dnmt1,ENSMUSG00000004099
Evi2a,ENSMUSG00000078771
Tspan32,ENSMUSG00000000244
Rab11fip4,ENSMUSG00000017639
Ppp1r16b,ENSMUSG00000037754
Vmac,ENSMUSG00000054723
Ndufa11,ENSMUSG00000002379
Usp36,ENSMUSG00000033909
Nrtn,ENSMUSG00000039481
Dus3l,ENSMUSG00000007603
Prr22,ENSMUSG00000090273
Rfx2,ENSMUSG00000024206
Gt(ROSA)26Sor,ENSMUSG00000086429
Lgals3bp,ENSMUSG00000033880
Cant1,ENSMUSG00000025575
Etv3,ENSMUSG00000003382
Mrpl1,ENSMUSG00000029486
Cd81,ENSMUSG00000037706
Arhgef11,ENSMUSG00000041977
Kctd7,ENSMUSG00000034110
Rasl11a,ENSMUSG00000029641
Engase,ENSMUSG00000033857
Tmem129,ENSMUSG00000019295
Mllt1,ENSMUSG00000024212
Gm15706,ENSMUSG00000086013
Tacc3,ENSMUSG00000037313
Tmem9,ENSMUSG00000026411
Clpp,ENSMUSG00000002660
Alkbh7,ENSMUSG00000002661
Cep250,ENSMUSG00000038241
Pou2f1,ENSMUSG00000026565
Timp2,ENSMUSG00000017466
Gtf2f1,ENSMUSG00000002658
Khsrp,ENSMUSG00000007670
Kif19a,ENSMUSG00000010021
Tssc4,ENSMUSG00000045752
Slc25a23,ENSMUSG00000046329
S1pr2,ENSMUSG00000043895
1700113A16Rik,ENSMUSG00000096935
Cdkn1c,ENSMUSG00000037664
Cd300a,ENSMUSG00000034652
Dennd1c,ENSMUSG00000002668
Slc22a18,ENSMUSG00000000154
Cd300lb,ENSMUSG00000063193
6430550D23Rik,ENSMUSG00000074646
Cd300c,ENSMUSG00000058728
Ergic3,ENSMUSG00000005881
Phlda2,ENSMUSG00000010760
Tubb4a,ENSMUSG00000062591
Gm11110,ENSMUSG00000079414
Tnfsf9,ENSMUSG00000035678
Tmem104,ENSMUSG00000045980
Tnfsf14,ENSMUSG00000005824
C3,ENSMUSG00000024164
Fdxr,ENSMUSG00000018861
Fads6,ENSMUSG00000044788
Spag4,ENSMUSG00000038180
Cct3,ENSMUSG00000001416
Gpr108,ENSMUSG00000005823
Letm1,ENSMUSG00000005299
Degs1,ENSMUSG00000038633
D030047H15Rik,ENSMUSG00000085886
Fbxo28,ENSMUSG00000047539
Leng8,ENSMUSG00000035545
Trip10,ENSMUSG00000019487
Kctd3,ENSMUSG00000026608
Cdr2l,ENSMUSG00000050910
Rab37,ENSMUSG00000020732
Clpb,ENSMUSG00000001829
Cyb561,ENSMUSG00000019590
Vav1,ENSMUSG00000034116
Lbr,ENSMUSG00000004880
Enah,ENSMUSG00000022995
Fpgt,ENSMUSG00000053870
Rbm12,ENSMUSG00000089824
Nfs1,ENSMUSG00000027618
Nat8l,ENSMUSG00000048142
Ndn,ENSMUSG00000033585
Dcaf7,ENSMUSG00000049354
Mkrn3,ENSMUSG00000070527
Zfp329,ENSMUSG00000057894
Zbtb45,ENSMUSG00000049600
Taco1,ENSMUSG00000001983
Map3k3,ENSMUSG00000020700
Romo1,ENSMUSG00000067847
Limd2,ENSMUSG00000040699
Fam133b,ENSMUSG00000058503
Strada,ENSMUSG00000069631
Srp9,ENSMUSG00000026511
1700109H08Rik,ENSMUSG00000008307
Abl2,ENSMUSG00000026596
Pex1,ENSMUSG00000005907
Ccdc47,ENSMUSG00000078622
Tor3a,ENSMUSG00000060519
Sae1,ENSMUSG00000052833
Lnpep,ENSMUSG00000023845
Ddx42,ENSMUSG00000020705
Fam20b,ENSMUSG00000033557
Ftsj3,ENSMUSG00000020706
Gatad1,ENSMUSG00000007415
Ralgps2,ENSMUSG00000026594
Ap2s1,ENSMUSG00000008036
Psmc5,ENSMUSG00000020708
Tcte2,ENSMUSG00000038347
Slc1a5,ENSMUSG00000001918
Ankib1,ENSMUSG00000040351
Smarcd2,ENSMUSG00000078619
Fkrp,ENSMUSG00000048920
Strn4,ENSMUSG00000030374
Kin,ENSMUSG00000037262
Tcam1,ENSMUSG00000020712
Krit1,ENSMUSG00000000600
Cd79b,ENSMUSG00000040592
Cwc22,ENSMUSG00000027014
9330179D12Rik,ENSMUSG00000097166
Prkd2,ENSMUSG00000041187
Icam2,ENSMUSG00000001029
Dhrs13,ENSMUSG00000020834
Flot2,ENSMUSG00000061981
Nsun7,ENSMUSG00000029206
Ptgir,ENSMUSG00000043017
Ercc2,ENSMUSG00000030400
Uchl1,ENSMUSG00000029223
Lypd6b,ENSMUSG00000026765
Eral1,ENSMUSG00000020832
Kynu,ENSMUSG00000026866
Traf4,ENSMUSG00000017386
Nek8,ENSMUSG00000017405
Tlcd1,ENSMUSG00000019437
Rpl23a,ENSMUSG00000058546
Ckm,ENSMUSG00000030399
Rab34,ENSMUSG00000002059
Kif14,ENSMUSG00000041498
Mark4,ENSMUSG00000030397
Gm20605,ENSMUSG00000029720
Sap25,ENSMUSG00000079165
Agfg2,ENSMUSG00000029722
Bloc1s3,ENSMUSG00000057667
Trappc6a,ENSMUSG00000002043
Nkpd1,ENSMUSG00000060621
Ppp1r37,ENSMUSG00000051403
Gemin7,ENSMUSG00000044709
Ppp1r35,ENSMUSG00000029725
Zfp296,ENSMUSG00000011267
Mepce,ENSMUSG00000029726
Clasrp,ENSMUSG00000061028
Tor1aip1,ENSMUSG00000026466
Zcwpw1,ENSMUSG00000037108
Ext2,ENSMUSG00000027198
Tor1aip2,ENSMUSG00000050565
Spag5,ENSMUSG00000002055
Cnnm4,ENSMUSG00000037408
Aldoc,ENSMUSG00000017390
Cnnm3,ENSMUSG00000001138
Relb,ENSMUSG00000002983
Accs,ENSMUSG00000040272
Cit,ENSMUSG00000029516
Pigs,ENSMUSG00000041958
Rwdd1,ENSMUSG00000019782
Clptm1,ENSMUSG00000002981
Unc119,ENSMUSG00000002058
Ankrd39,ENSMUSG00000079610
Sema4c,ENSMUSG00000026121
Dse,ENSMUSG00000039497
Sdf2,ENSMUSG00000002064
Apoc1,ENSMUSG00000040564
Tspyl1,ENSMUSG00000047514
Nt5dc1,ENSMUSG00000039480
Apoe,ENSMUSG00000002985
Gm13889,ENSMUSG00000087006
Alkbh3,ENSMUSG00000040174
5430402O13Rik,ENSMUSG00000085776
2900079G21Rik,ENSMUSG00000087038
Tomm40,ENSMUSG00000002984
Gm12830,ENSMUSG00000055198
Tspyl4,ENSMUSG00000039485
Osbpl2,ENSMUSG00000039050
Tespa1,ENSMUSG00000034833
Bcam,ENSMUSG00000002980
Cox5b,ENSMUSG00000061518
Actr1b,ENSMUSG00000037351
Narf,ENSMUSG00000000056
Foxk2,ENSMUSG00000039275
Gas2l3,ENSMUSG00000074802
Rps21,ENSMUSG00000039001
Cables2,ENSMUSG00000038990
Fn3krp,ENSMUSG00000039253
Prkab1,ENSMUSG00000029513
Fn3k,ENSMUSG00000025175
Dstyk,ENSMUSG00000042046
Mcmbp,ENSMUSG00000048170
Rab40b,ENSMUSG00000025170
Adrm1,ENSMUSG00000039041
B3gnt2,ENSMUSG00000051650
N4bp2,ENSMUSG00000037795
Sec23ip,ENSMUSG00000055319
Commd1,ENSMUSG00000051355
Rbbp5,ENSMUSG00000026439
Scyl2,ENSMUSG00000069539
Rab22a,ENSMUSG00000027519
Cct4,ENSMUSG00000007739
Vapb,ENSMUSG00000054455
Rhoh,ENSMUSG00000029204
Spata2,ENSMUSG00000047030
Pak4,ENSMUSG00000030602
Efnb3,ENSMUSG00000003934
Rnf114,ENSMUSG00000006418
Nme2,ENSMUSG00000020857
Tmem81,ENSMUSG00000048174
Aimp2,ENSMUSG00000029610
Pms2,ENSMUSG00000079109
Nme1,ENSMUSG00000037601
Ube2v1,ENSMUSG00000078923
Tob1,ENSMUSG00000037573
Herc4,ENSMUSG00000020064
Luc7l3,ENSMUSG00000020863
Cebpb,ENSMUSG00000056501
Tm9sf4,ENSMUSG00000068040
1600020E01Rik,ENSMUSG00000097048
Cebpa,ENSMUSG00000034957
9430037G07Rik,ENSMUSG00000097073
Tada1,ENSMUSG00000026563
Pogk,ENSMUSG00000040596
Tspyl3,ENSMUSG00000074671
Sirt1,ENSMUSG00000020063
Plagl2,ENSMUSG00000051413
Pofut1,ENSMUSG00000046020
Gpatch1,ENSMUSG00000063808
Ankrd40,ENSMUSG00000020864
Ccz1,ENSMUSG00000029617
Kif3b,ENSMUSG00000027475
Dnajc12,ENSMUSG00000036764
Asxl1,ENSMUSG00000042548
Lmtk2,ENSMUSG00000038970
Ccdc62,ENSMUSG00000061882
2310001H17Rik,ENSMUSG00000097354
Abcb9,ENSMUSG00000029408
Pask,ENSMUSG00000026274
Commd7,ENSMUSG00000056941
Rps12,ENSMUSG00000061983
Dnmt3b,ENSMUSG00000027478
Ogfod2,ENSMUSG00000023707
Ppp1r7,ENSMUSG00000026275
Arl6ip4,ENSMUSG00000029404
Vnn1,ENSMUSG00000037440
Oasl2,ENSMUSG00000029561
Oasl1,ENSMUSG00000041827
Farp2,ENSMUSG00000034066
2210016L21Rik,ENSMUSG00000029559
Stk25,ENSMUSG00000026277
Bok,ENSMUSG00000026278
Sppl3,ENSMUSG00000029550
Uap1,ENSMUSG00000026670
Zfp473,ENSMUSG00000048012
Acads,ENSMUSG00000029545
Unc119b,ENSMUSG00000046562
Vrk3,ENSMUSG00000002205
Gtpbp6,ENSMUSG00000033434
Uhmk1,ENSMUSG00000026667
Zfp605,ENSMUSG00000023284
Atf5,ENSMUSG00000038539
1110019D14Rik,ENSMUSG00000097616
Nup62,ENSMUSG00000109511
Gm7694,ENSMUSG00000102752
3110009E18Rik,ENSMUSG00000026388
Il4i1,ENSMUSG00000074141
Cd55,ENSMUSG00000026399
Fam53a,ENSMUSG00000037339
Tbc1d17,ENSMUSG00000038520
Slc25a25,ENSMUSG00000026819
Slbp,ENSMUSG00000004642
Akt1s1,ENSMUSG00000011096
Btg1,ENSMUSG00000036478
Ficd,ENSMUSG00000053334
Sart3,ENSMUSG00000018974
Naif1,ENSMUSG00000039164
Pnkp,ENSMUSG00000002963
Actr6,ENSMUSG00000019948
4930509E16Rik,ENSMUSG00000096986
Mapkapk2,ENSMUSG00000016528
Dpm2,ENSMUSG00000026810
Iscu,ENSMUSG00000025825
Dyrk3,ENSMUSG00000016526
Eif2d,ENSMUSG00000026427
Tmem119,ENSMUSG00000054675
St6galnac4,ENSMUSG00000079442
Selplg,ENSMUSG00000048163
Coro1c,ENSMUSG00000004530
St6galnac6,ENSMUSG00000026811
Utp18,ENSMUSG00000054079
Mbtd1,ENSMUSG00000059474
Katnal1,ENSMUSG00000041298
Ak1,ENSMUSG00000026817
Ptov1,ENSMUSG00000038502
Yes1,ENSMUSG00000014932
Eng,ENSMUSG00000026814
G6pc3,ENSMUSG00000034793
Med25,ENSMUSG00000002968
Hdac5,ENSMUSG00000008855
Pisd,ENSMUSG00000023452
2310040G24Rik,ENSMUSG00000101655
Fpgs,ENSMUSG00000009566
Pfkfb2,ENSMUSG00000026409
Cdk9,ENSMUSG00000009555
Depdc5,ENSMUSG00000037426
Apaf1,ENSMUSG00000019979
Sh2d3c,ENSMUSG00000059013
Fuz,ENSMUSG00000011658
Yod1,ENSMUSG00000046404
AA986860,ENSMUSG00000042510
Ikbip,ENSMUSG00000019975
Cenpl,ENSMUSG00000026708
Slc25a3,ENSMUSG00000061904
Ap2a1,ENSMUSG00000060279
Tor2a,ENSMUSG00000009563
1700065D16Rik,ENSMUSG00000096655
Asb16,ENSMUSG00000034768
Ptrh1,ENSMUSG00000053746
Klhl20,ENSMUSG00000026705
Tmub2,ENSMUSG00000034757
Stxbp1,ENSMUSG00000026797
Atxn7l3,ENSMUSG00000059995
Prdx6,ENSMUSG00000026701
Cyth2,ENSMUSG00000003269
Slc6a15,ENSMUSG00000019894
Ubtf,ENSMUSG00000020923
Ywhah,ENSMUSG00000018965
Gata3,ENSMUSG00000015619
Taf3,ENSMUSG00000025782
Atg16l2,ENSMUSG00000047767
Dnajb6,ENSMUSG00000029131
Mllt10,ENSMUSG00000026743
Ptprc,ENSMUSG00000026395
Tmx2,ENSMUSG00000050043
Stard10,ENSMUSG00000030688
Tyms,ENSMUSG00000025747
Med19,ENSMUSG00000027080
Hadha,ENSMUSG00000025745
Zdhhc5,ENSMUSG00000034075
Arap1,ENSMUSG00000032812
Hadhb,ENSMUSG00000059447
Ube2l6,ENSMUSG00000027078
Timm10,ENSMUSG00000027076
Slc43a1,ENSMUSG00000027075
Zfp644,ENSMUSG00000049606
Slc43a3,ENSMUSG00000027074
Rundc3a,ENSMUSG00000006575
Rnf216,ENSMUSG00000045078
Prg2,ENSMUSG00000027073
Prg3,ENSMUSG00000027072
P2rx3,ENSMUSG00000027071
Slc25a39,ENSMUSG00000018677
Pde2a,ENSMUSG00000110195
Tbc1d13,ENSMUSG00000039678
Endog,ENSMUSG00000015337
Crlf2,ENSMUSG00000033467
Grn,ENSMUSG00000034708
Zfp932,ENSMUSG00000066613
Fam171a2,ENSMUSG00000034685
Itga2b,ENSMUSG00000034664
Lrrc8a,ENSMUSG00000007476
Dolk,ENSMUSG00000075419
Smpd1,ENSMUSG00000037049
Sh3glb2,ENSMUSG00000026860
Erp29,ENSMUSG00000029616
Tmem116,ENSMUSG00000029452
2900060B14Rik,ENSMUSG00000107722
Gpatch8,ENSMUSG00000034621
Adam11,ENSMUSG00000020926
Mapkapk5,ENSMUSG00000029454
Dolpp1,ENSMUSG00000026856
Socs7,ENSMUSG00000038485
Arhgap23,ENSMUSG00000049807
Crat,ENSMUSG00000026853
Aldh2,ENSMUSG00000029455
Trim3,ENSMUSG00000036989
Acad12,ENSMUSG00000042647
Acad10,ENSMUSG00000029456
Mllt6,ENSMUSG00000038437
Ier5l,ENSMUSG00000089762
Arfip2,ENSMUSG00000030881
Cisd3,ENSMUSG00000078695
Pcgf2,ENSMUSG00000018537
Brap,ENSMUSG00000029458
Psmb3,ENSMUSG00000069744
Nrf1,ENSMUSG00000058440
Ccdc6,ENSMUSG00000048701
Nup188,ENSMUSG00000052533
Atpaf2,ENSMUSG00000042709
Slc16a9,ENSMUSG00000037762
Rrp8,ENSMUSG00000030888
Drg2,ENSMUSG00000020537
Ilk,ENSMUSG00000030890
0610043K17Rik,ENSMUSG00000087361
Kcnk3,ENSMUSG00000049265
Rad50,ENSMUSG00000020380
E130102H24Rik,ENSMUSG00000086782
Cenpa,ENSMUSG00000029177
Taf10,ENSMUSG00000043866
Tpp1,ENSMUSG00000030894
Irf1,ENSMUSG00000018899
Nom1,ENSMUSG00000001569
Cpxm1,ENSMUSG00000027408
Retsat,ENSMUSG00000056666
Exoc1,ENSMUSG00000036435
Mrpl17,ENSMUSG00000030879
Slc22a5,ENSMUSG00000018900
Vps16,ENSMUSG00000027411
Tgoln1,ENSMUSG00000056429
Tcf7l1,ENSMUSG00000055799
Rgs10,ENSMUSG00000030844
Tial1,ENSMUSG00000030846
Cep135,ENSMUSG00000036403
Hnrnpab,ENSMUSG00000020358
Ptpra,ENSMUSG00000027303
3110045C21Rik,ENSMUSG00000097503
Nhp2,ENSMUSG00000001056
Kcmf1,ENSMUSG00000055239
Rmnd5b,ENSMUSG00000001054
Tmsb10,ENSMUSG00000079523
N4bp3,ENSMUSG00000001053
Sec24a,ENSMUSG00000036391
Bag3,ENSMUSG00000030847
Inpp5f,ENSMUSG00000042105
Aasdh,ENSMUSG00000055923
Mrps26,ENSMUSG00000037740
Ubox5,ENSMUSG00000027300
Fastkd5,ENSMUSG00000079043
Sar1b,ENSMUSG00000020386
Suclg1,ENSMUSG00000052738
Lmo2,ENSMUSG00000032698
Ppat,ENSMUSG00000029246
Paics,ENSMUSG00000029247
Fbxo3,ENSMUSG00000027180
Cdkn2aipnl,ENSMUSG00000020392
Ube2b,ENSMUSG00000020390
Srp72,ENSMUSG00000036323
9430038I01Rik,ENSMUSG00000040139
Glrx3,ENSMUSG00000031068
Mycbpap,ENSMUSG00000039110
Tmem106b,ENSMUSG00000029571
Rnh1,ENSMUSG00000038650
Cd59a,ENSMUSG00000032679
Rsad1,ENSMUSG00000039096
Chfr,ENSMUSG00000014668
Rapgef1,ENSMUSG00000039844
Acsf2,ENSMUSG00000076435
Tmem168,ENSMUSG00000029569
Lrrc56,ENSMUSG00000038637
Lrrc59,ENSMUSG00000020869
Eme1,ENSMUSG00000039055
Mrpl27,ENSMUSG00000024414
Gm10069,ENSMUSG00000059659
Xylt2,ENSMUSG00000020868
Rassf7,ENSMUSG00000038618
Golga3,ENSMUSG00000029502
Phrf1,ENSMUSG00000038611
Ccl2,ENSMUSG00000035385
Zfp287,ENSMUSG00000005267
Zfp286,ENSMUSG00000047342
Ankle2,ENSMUSG00000029501
Trub2,ENSMUSG00000039826
Pgam5,ENSMUSG00000029500
Cd163,ENSMUSG00000008845
Tnni2,ENSMUSG00000031097
Coq4,ENSMUSG00000026798
Ykt6,ENSMUSG00000002741
Pxmp2,ENSMUSG00000029499
Nudcd3,ENSMUSG00000053838
Lsp1,ENSMUSG00000018819
Pole,ENSMUSG00000007080
Slc27a4,ENSMUSG00000059316
Zfp937,ENSMUSG00000060336
Ddx56,ENSMUSG00000004393
3300002I08Rik,ENSMUSG00000063364
Pex5,ENSMUSG00000005069
Gm16894,ENSMUSG00000097899
1700034P13Rik,ENSMUSG00000097893
Mrpl23,ENSMUSG00000037772
Tmed4,ENSMUSG00000004394
Gm6710,ENSMUSG00000078887
Ogdh,ENSMUSG00000020456
Gm14322,ENSMUSG00000078864
Gm14325,ENSMUSG00000095362
Gm14326,ENSMUSG00000078862
Zfp931,ENSMUSG00000078861
Clstn3,ENSMUSG00000008153
Cst7,ENSMUSG00000068129
Acss1,ENSMUSG00000027452
C1rl,ENSMUSG00000038527
Noc4l,ENSMUSG00000033294
C1ra,ENSMUSG00000055172
Lair1,ENSMUSG00000055541
Entpd6,ENSMUSG00000033068
Ddx51,ENSMUSG00000029504
Ep400,ENSMUSG00000029505
Zmiz2,ENSMUSG00000041164
Pfdn4,ENSMUSG00000052033
U2af2,ENSMUSG00000030435
Ndufa9,ENSMUSG00000000399
9130221H12Rik,ENSMUSG00000090330
Snhg12,ENSMUSG00000086290
Ppia,ENSMUSG00000071866
Dyrk4,ENSMUSG00000030345
Lpcat4,ENSMUSG00000027134
Purb,ENSMUSG00000094483
Rad51ap1,ENSMUSG00000030346
Myo1g,ENSMUSG00000020437
Nop10,ENSMUSG00000027133
Pus1,ENSMUSG00000029507
Ahcy,ENSMUSG00000027597
D6Wsu163e,ENSMUSG00000030347
Gins1,ENSMUSG00000027454
Ninl,ENSMUSG00000068115
Ulk1,ENSMUSG00000029512
Ascc2,ENSMUSG00000020412
Tprkb,ENSMUSG00000054226
Nanp,ENSMUSG00000053916
Cd59b,ENSMUSG00000068686
Hscb,ENSMUSG00000043510
Uqcr10,ENSMUSG00000059534
Zmat5,ENSMUSG00000009076
Chek2,ENSMUSG00000029521
Acss2,ENSMUSG00000027605
Dusp11,ENSMUSG00000030002
P2rx4,ENSMUSG00000029470
Gss,ENSMUSG00000027610
Camkk2,ENSMUSG00000029471
Trpc4ap,ENSMUSG00000038324
Nsg2,ENSMUSG00000020297
Snrnp25,ENSMUSG00000040767
Anapc5,ENSMUSG00000029472
Edem2,ENSMUSG00000038312
Mpg,ENSMUSG00000020287
Procr,ENSMUSG00000027611
Ctsz,ENSMUSG00000016256
Gm16287,ENSMUSG00000073739
Hspa12b,ENSMUSG00000074793
Nav2,ENSMUSG00000052512
Spef1,ENSMUSG00000027329
Aurkb,ENSMUSG00000020897
Cenpb,ENSMUSG00000068267
Fam169b,ENSMUSG00000074071
Tmem107,ENSMUSG00000020895
Vamp2,ENSMUSG00000020894
Per1,ENSMUSG00000020893
Pfkfb3,ENSMUSG00000026773
Rnf34,ENSMUSG00000029474
Kdm2b,ENSMUSG00000029475
Hes7,ENSMUSG00000023781
Padi4,ENSMUSG00000025330
Sesn3,ENSMUSG00000032009
Padi3,ENSMUSG00000025328
Padi1,ENSMUSG00000025329
Endod1,ENSMUSG00000037419
Kdm4d,ENSMUSG00000053914
Cwc15,ENSMUSG00000004096
Cntrob,ENSMUSG00000032782
Padi2,ENSMUSG00000028927
Orai1,ENSMUSG00000049686
Gm13031,ENSMUSG00000087698
Sdhb,ENSMUSG00000009863
Tmem120b,ENSMUSG00000054434
Trappc1,ENSMUSG00000049299
Atp13a2,ENSMUSG00000036622
Kcnab3,ENSMUSG00000018470
Fut4,ENSMUSG00000049307
Chd3,ENSMUSG00000018474
Ankrd49,ENSMUSG00000031931
Rhof,ENSMUSG00000029449
Rbm17,ENSMUSG00000037197
Mre11a,ENSMUSG00000031928
Il15ra,ENSMUSG00000023206
Mfap2,ENSMUSG00000060572
Crocc,ENSMUSG00000040860
Diablo,ENSMUSG00000029433
Cyb5d1,ENSMUSG00000044795
Vps33a,ENSMUSG00000029434
Panx1,ENSMUSG00000031934
Tmem88,ENSMUSG00000045377
Kdm6b,ENSMUSG00000018476
Clip1,ENSMUSG00000049550
Mapk6,ENSMUSG00000042688
4933433G15Rik,ENSMUSG00000097021
Usp32,ENSMUSG00000000804
Necap2,ENSMUSG00000028923
Ankrd16,ENSMUSG00000047909
Leo1,ENSMUSG00000042487
Appbp2,ENSMUSG00000018481
Ppm1d,ENSMUSG00000020525
Fbxo42,ENSMUSG00000028920
Elovl5,ENSMUSG00000032349
Mrps24,ENSMUSG00000020477
Zc3h4,ENSMUSG00000059273
Urgcp,ENSMUSG00000049680
Fbxo9,ENSMUSG00000001366
Tmem160,ENSMUSG00000019158
Gm14391,ENSMUSG00000078903
Dbnl,ENSMUSG00000020476
Zcchc8,ENSMUSG00000029427
Gm14295,ENSMUSG00000078877
Mvp,ENSMUSG00000030681
Gm14308,ENSMUSG00000078880
C920006O11Rik,ENSMUSG00000121490
Zfp110,ENSMUSG00000058638
Sp3,ENSMUSG00000027109
Zfp128,ENSMUSG00000060397
Zscan22,ENSMUSG00000054715
Rps5,ENSMUSG00000012848
Srrt,ENSMUSG00000037364
Zfp324,ENSMUSG00000004500
Plekha4,ENSMUSG00000040428
Polm,ENSMUSG00000020474
Phactr4,ENSMUSG00000066043
Gsta4,ENSMUSG00000032348
Uso1,ENSMUSG00000029407
Stam,ENSMUSG00000026718
Pold2,ENSMUSG00000020471
Camk2b,ENSMUSG00000057897
Med18,ENSMUSG00000066042
Sesn2,ENSMUSG00000028893
Uqcrc2,ENSMUSG00000030884
Dnajc8,ENSMUSG00000054405
Cdc123,ENSMUSG00000039128
Snhg6,ENSMUSG00000098234
Nsmce1,ENSMUSG00000030750
Il4ra,ENSMUSG00000030748
Nudt5,ENSMUSG00000025817
Ptafr,ENSMUSG00000056529
Eya3,ENSMUSG00000028886
Sec61a2,ENSMUSG00000025816
Il21r,ENSMUSG00000030745
Dhtkd1,ENSMUSG00000025815
Gtf3c1,ENSMUSG00000032777
Upf2,ENSMUSG00000043241
Rexo2,ENSMUSG00000032026
Commd3,ENSMUSG00000051154
Rbm7,ENSMUSG00000042396
Fam161a,ENSMUSG00000049811
Gm5617,ENSMUSG00000042293
Bmi1,ENSMUSG00000026739
Xpo1,ENSMUSG00000020290
Zbtb16,ENSMUSG00000066687
Xkr8,ENSMUSG00000037752
Smpdl3b,ENSMUSG00000028885
Ahsa2,ENSMUSG00000020288
Rpa2,ENSMUSG00000028884
Trim21,ENSMUSG00000030966
Pip4k2a,ENSMUSG00000026737
Btbd16,ENSMUSG00000040298
Ppp1r8,ENSMUSG00000028882
4930426L09Rik,ENSMUSG00000026736
Plekha1,ENSMUSG00000040268
Stx12,ENSMUSG00000028879
Psd4,ENSMUSG00000026979
Fam76a,ENSMUSG00000028878
Higd1a,ENSMUSG00000038412
Pex13,ENSMUSG00000020283
1700048O20Rik,ENSMUSG00000043773
Pus10,ENSMUSG00000020280
Ahdc1,ENSMUSG00000037692
Rel,ENSMUSG00000020275
Clnk,ENSMUSG00000039315
Trim41,ENSMUSG00000040365
Rps16,ENSMUSG00000037563
Nudc,ENSMUSG00000028851
Apbb2,ENSMUSG00000029207
Plekhg2,ENSMUSG00000037552
Trim7,ENSMUSG00000040350
Snrk,ENSMUSG00000038145
Nr0b2,ENSMUSG00000037583
Gpatch3,ENSMUSG00000028850
Irgm1,ENSMUSG00000046879
Gpn2,ENSMUSG00000028848
Gm12185,ENSMUSG00000048852
Sfn,ENSMUSG00000047281
Zdhhc18,ENSMUSG00000037553
Tgtp1,ENSMUSG00000078922
9930111J21Rik2,ENSMUSG00000069892
Ryk,ENSMUSG00000032547
Pigv,ENSMUSG00000043257
Tgtp2,ENSMUSG00000078921
Ifi47,ENSMUSG00000078920
Arid1a,ENSMUSG00000007880
Btnl9,ENSMUSG00000040283
Zfp36,ENSMUSG00000044786
Slco2a1,ENSMUSG00000032548
Med29,ENSMUSG00000003444
Paf1,ENSMUSG00000003437
Zfp62,ENSMUSG00000046311
Arrdc1,ENSMUSG00000026972
Rab6b,ENSMUSG00000032549
Samd4b,ENSMUSG00000109336
Mgat1,ENSMUSG00000020346
Spata18,ENSMUSG00000029155
Srprb,ENSMUSG00000032553
Gmfg,ENSMUSG00000060791
Grhpr,ENSMUSG00000035637
Traf2,ENSMUSG00000026942
Trf,ENSMUSG00000032554
Lrfn1,ENSMUSG00000030600
Zbtb5,ENSMUSG00000049657
Polr1e,ENSMUSG00000028318
Edf1,ENSMUSG00000015092
Tmem220,ENSMUSG00000050270
Mamdc4,ENSMUSG00000026941
Topbp1,ENSMUSG00000032555
Fbxo10,ENSMUSG00000048232
Sco1,ENSMUSG00000069844
Rps19,ENSMUSG00000040952
Phpt1,ENSMUSG00000036504
Tomm5,ENSMUSG00000078713
Arhgef1,ENSMUSG00000040940
Cdv3,ENSMUSG00000032803
Tmem141,ENSMUSG00000026939
Bfsp2,ENSMUSG00000032556
Exosc3,ENSMUSG00000028322
Tmem108,ENSMUSG00000042757
Ppt1,ENSMUSG00000028657
Atp1b3,ENSMUSG00000032412
Cap1,ENSMUSG00000028656
Rnf7,ENSMUSG00000051234
Bmyc,ENSMUSG00000049086
2900009J06Rik,ENSMUSG00000102014
Tex264,ENSMUSG00000040813
Rad54l2,ENSMUSG00000040661
Trit1,ENSMUSG00000028653
Manf,ENSMUSG00000032575
Ttpa,ENSMUSG00000073988
Rbm15b,ENSMUSG00000074102
Ggh,ENSMUSG00000073987
Hoxb5,ENSMUSG00000038700
Dock6,ENSMUSG00000032198
Hoxb4,ENSMUSG00000038692
Hoxb3,ENSMUSG00000048763
Hoxb2,ENSMUSG00000075588
Pecam1,ENSMUSG00000020717
Ccnc,ENSMUSG00000028252
Spcs2,ENSMUSG00000035227
Sbsn,ENSMUSG00000046056
Usp45,ENSMUSG00000040455
Rab3d,ENSMUSG00000019066
Tmem205,ENSMUSG00000040883
Polg2,ENSMUSG00000020718
Camsap1,ENSMUSG00000026933
Ddx5,ENSMUSG00000020719
Coq3,ENSMUSG00000028247
Epor,ENSMUSG00000006235
Samd11,ENSMUSG00000096351
Ffar2,ENSMUSG00000051314
Ankrd17,ENSMUSG00000055204
Smurf2,ENSMUSG00000018363
Ubac1,ENSMUSG00000036352
Bsdc1,ENSMUSG00000040859
Prkcsh,ENSMUSG00000003402
Nacc2,ENSMUSG00000026932
Kpna2,ENSMUSG00000018362
Marcksl1,ENSMUSG00000047945
Hdac1,ENSMUSG00000028800
1810010H24Rik,ENSMUSG00000078607
Lck,ENSMUSG00000000409
Bptf,ENSMUSG00000040481
Qsox2,ENSMUSG00000036327
Eif3i,ENSMUSG00000028798
Zfp653,ENSMUSG00000038895
Nol11,ENSMUSG00000018433
Brd3,ENSMUSG00000026918
Gm16845,ENSMUSG00000096981
Ecsit,ENSMUSG00000066839
A430033K04Rik,ENSMUSG00000056014
Dcdc2b,ENSMUSG00000078552
Elof1,ENSMUSG00000013822
Iqcc,ENSMUSG00000040795
Ccdc28b,ENSMUSG00000028795
Aasdhppt,ENSMUSG00000025894
Wdr5,ENSMUSG00000026917
Irf7,ENSMUSG00000025498
Txlna,ENSMUSG00000053841
Kbtbd3,ENSMUSG00000025893
1700020N18Rik,ENSMUSG00000100253
Rxra,ENSMUSG00000015846
Kpna6,ENSMUSG00000003731
Gapvd1,ENSMUSG00000026867
Tmem39b,ENSMUSG00000053730
Khdrbs1,ENSMUSG00000028790
Ptp4a2,ENSMUSG00000028788
Deaf1,ENSMUSG00000058886
1110059G10Rik,ENSMUSG00000032551
Cyp51,ENSMUSG00000001467
Zdhhc3,ENSMUSG00000025786
Tmem80,ENSMUSG00000025505
Dnajc2,ENSMUSG00000029014
Exosc7,ENSMUSG00000025785
Eps8l2,ENSMUSG00000025504
Abca5,ENSMUSG00000018800
Cdcp1,ENSMUSG00000035498
Hspa5,ENSMUSG00000026864
Taldo1,ENSMUSG00000025503
Tmem158,ENSMUSG00000054871
Psmc2,ENSMUSG00000028932
Rabepk,ENSMUSG00000070953
Cldn12,ENSMUSG00000046798
Fbxw2,ENSMUSG00000035949
Tmc6,ENSMUSG00000025572
Gtpbp10,ENSMUSG00000040464
Psmd5,ENSMUSG00000026869
Kcnq1ot1,ENSMUSG00000101609
Tmc8,ENSMUSG00000050106
Phf19,ENSMUSG00000026873
Traf1,ENSMUSG00000026875
Syngr2,ENSMUSG00000048277
Col16a1,ENSMUSG00000040690
Tk1,ENSMUSG00000025574
Afmid,ENSMUSG00000017718
Birc5,ENSMUSG00000017716
Ube3b,ENSMUSG00000029577
Tha1,ENSMUSG00000017713
Socs3,ENSMUSG00000053113
Pgs1,ENSMUSG00000017715
Cyth1,ENSMUSG00000017132
Mmab,ENSMUSG00000029575
Mvk,ENSMUSG00000041939
Glul,ENSMUSG00000026473
Pef1,ENSMUSG00000028779
Trpv4,ENSMUSG00000014158
Pitpna,ENSMUSG00000017781
Tinagl1,ENSMUSG00000028776
5730455P16Rik,ENSMUSG00000057181
Gltp,ENSMUSG00000011884
Lig3,ENSMUSG00000020697
Tchp,ENSMUSG00000002486
Rab14,ENSMUSG00000026878
Git2,ENSMUSG00000041890
Gsn,ENSMUSG00000026879
Zcchc17,ENSMUSG00000028772
Akirin1,ENSMUSG00000023075
Rhbdl2,ENSMUSG00000043333
Stom,ENSMUSG00000026880
Ankrd13a,ENSMUSG00000041870
Mycbp,ENSMUSG00000028647
Spag9,ENSMUSG00000020859
Rragc,ENSMUSG00000028646
Rps6ka1,ENSMUSG00000003644
Insig1,ENSMUSG00000045294
Ttc21b,ENSMUSG00000034848
Usp46,ENSMUSG00000054814
Rasl11b,ENSMUSG00000049907
Hmgn2,ENSMUSG00000003038
Dhdds,ENSMUSG00000012117
Atp6v0a1,ENSMUSG00000019302
Cd52,ENSMUSG00000000682
Prdx6b,ENSMUSG00000050114
Dnajc10,ENSMUSG00000027006
Ubxn11,ENSMUSG00000012126
Sh3bgrl3,ENSMUSG00000028843
Calcrl,ENSMUSG00000059588
Ccdc43,ENSMUSG00000020925
1600010M07Rik,ENSMUSG00000101585
Tfpi,ENSMUSG00000027082
D5Ertd605e,ENSMUSG00000106820
Ctnnd1,ENSMUSG00000034101
Zfp593,ENSMUSG00000028840
Pdik1l,ENSMUSG00000050890
Slc30a2,ENSMUSG00000028836
Extl1,ENSMUSG00000028838
Spred2,ENSMUSG00000045671
Pafah2,ENSMUSG00000037366
Mtmr3,ENSMUSG00000034354
Stmn1,ENSMUSG00000028832
Paqr7,ENSMUSG00000037348
Rnf185,ENSMUSG00000020448
Smtn,ENSMUSG00000020439
Dhrs3,ENSMUSG00000066026
Vps13d,ENSMUSG00000020220
5830432E09Rik,ENSMUSG00000097471
Tnfrsf1b,ENSMUSG00000028599
Snf8,ENSMUSG00000006058
Ube2z,ENSMUSG00000014349
Wasf2,ENSMUSG00000028868
Map3k6,ENSMUSG00000028862
Hus1,ENSMUSG00000020413
Sytl1,ENSMUSG00000028860
D930028M14Rik,ENSMUSG00000074274
Clp1,ENSMUSG00000027079
Mdk,ENSMUSG00000027239
Tmem222,ENSMUSG00000028857
Cdc27,ENSMUSG00000020687
Dgkz,ENSMUSG00000040479
Wdtc1,ENSMUSG00000037622
Slc9a1,ENSMUSG00000028854
Myl4,ENSMUSG00000061086
Itgb3,ENSMUSG00000020689
Tlk2,ENSMUSG00000020694
Creb3l1,ENSMUSG00000027230
Phf21a,ENSMUSG00000058318
Mettl2,ENSMUSG00000020691
Acly,ENSMUSG00000020917
Cnp,ENSMUSG00000006782
Pex16,ENSMUSG00000027222
Dnajc7,ENSMUSG00000014195
Nkiras2,ENSMUSG00000017837
Dhx58,ENSMUSG00000017830
Cat,ENSMUSG00000027187
Kat2a,ENSMUSG00000020918
Abtb2,ENSMUSG00000032724
Hspb9,ENSMUSG00000017832
Rab5c,ENSMUSG00000019173
Arhgap11a,ENSMUSG00000041219
Ghdc,ENSMUSG00000017747
Stat5b,ENSMUSG00000020919
Spred1,ENSMUSG00000027351
Fam98b,ENSMUSG00000027349
Stat5a,ENSMUSG00000004043
Snap23,ENSMUSG00000027287
Stat3,ENSMUSG00000004040
Lrrc57,ENSMUSG00000027286
Haus2,ENSMUSG00000027285
Cdan1,ENSMUSG00000027284
Kremen1,ENSMUSG00000020393
6330418K02Rik,ENSMUSG00000085227
Znrf3,ENSMUSG00000041961
Ttbk2,ENSMUSG00000090100
Xbp1,ENSMUSG00000020484
Ccdc117,ENSMUSG00000020482
Lcp2,ENSMUSG00000002699
Ubr1,ENSMUSG00000027272
Dock2,ENSMUSG00000020143
Tmem62,ENSMUSG00000054484
Smarce1,ENSMUSG00000037935
Ccndbp1,ENSMUSG00000023572
Gm16897,ENSMUSG00000097325
Krt10,ENSMUSG00000019761
Lcmt2,ENSMUSG00000074890
Adal,ENSMUSG00000027259
Pla2g4a,ENSMUSG00000056220
Zscan29,ENSMUSG00000050619
Ptgs2,ENSMUSG00000032487
Tubgcp4,ENSMUSG00000027263
5830416I19Rik,ENSMUSG00000106219
Trp53bp1,ENSMUSG00000043909
Eif1,ENSMUSG00000035530
Tpr,ENSMUSG00000006005
1700096K18Rik,ENSMUSG00000101856
Jup,ENSMUSG00000001552
Secisbp2l,ENSMUSG00000035093
Cops2,ENSMUSG00000027206
Klhl11,ENSMUSG00000048732
Slc35b1,ENSMUSG00000020873
Galk2,ENSMUSG00000027207
Spop,ENSMUSG00000057522
Dtwd1,ENSMUSG00000023330
Zfp652,ENSMUSG00000075595
Atp8b4,ENSMUSG00000060131
Abi3,ENSMUSG00000018381
Gngt2,ENSMUSG00000038811
Ddrgk1,ENSMUSG00000068290
Itpa,ENSMUSG00000074797
Cercam,ENSMUSG00000039787
4930515G01Rik,ENSMUSG00000092183
Odf2,ENSMUSG00000026790
4732471J01Rik,ENSMUSG00000053714
Zc3h11a,ENSMUSG00000102976
Lmbrd1,ENSMUSG00000073725
2310022A10Rik,ENSMUSG00000049643
Akt2,ENSMUSG00000004056
Gle1,ENSMUSG00000019715
Map3k10,ENSMUSG00000040390
2810001G20Rik,ENSMUSG00000087497
Ptp4a1,ENSMUSG00000026064
Zfp60,ENSMUSG00000037640
Fzd7,ENSMUSG00000041075
Gm973,ENSMUSG00000047361
Sumo1,ENSMUSG00000026021
Nop58,ENSMUSG00000026020
Bmpr2,ENSMUSG00000067336
Fam117b,ENSMUSG00000041040
Ica1l,ENSMUSG00000026018
Wdr12,ENSMUSG00000026019
Atg4b,ENSMUSG00000026280
Dtymk,ENSMUSG00000026281
Ing5,ENSMUSG00000026283
D2hgdh,ENSMUSG00000073609
Fam174a,ENSMUSG00000051185
St8sia4,ENSMUSG00000040710
Set,ENSMUSG00000054766
Pkn3,ENSMUSG00000026785
Gm15545,ENSMUSG00000087138
0610009L18Rik,ENSMUSG00000043644
2900076A07Rik,ENSMUSG00000097277
Zdhhc12,ENSMUSG00000015335
Gm11696,ENSMUSG00000056687
Zer1,ENSMUSG00000039686
Nxt1,ENSMUSG00000036992
Gzf1,ENSMUSG00000027439
Napb,ENSMUSG00000027438
Kctd18,ENSMUSG00000054770
Cst3,ENSMUSG00000027447
Tcf15,ENSMUSG00000068079
Csnk2a1,ENSMUSG00000074698
Tbc1d20,ENSMUSG00000027465
Rbck1,ENSMUSG00000027466
Trib3,ENSMUSG00000032715
Pcmtd1,ENSMUSG00000051285
Sox12,ENSMUSG00000051817
Zcchc3,ENSMUSG00000074682
H13,ENSMUSG00000019188
D130017N08Rik,ENSMUSG00000097287
Mcts2,ENSMUSG00000042814
Zfp341,ENSMUSG00000059842
Chmp4b,ENSMUSG00000038467
Eif2s2,ENSMUSG00000074656
Hnrnpu,ENSMUSG00000039630
B4galt5,ENSMUSG00000017929
Slc9a8,ENSMUSG00000039463
Speg,ENSMUSG00000026207
Spo11,ENSMUSG00000005883
1110006O24Rik,ENSMUSG00000107121
Rae1,ENSMUSG00000027509
Rbm38,ENSMUSG00000027510
Gmppa,ENSMUSG00000033021
Usp6nl,ENSMUSG00000039046
Celf2,ENSMUSG00000002107
Apoa2,ENSMUSG00000005681
Fcer1g,ENSMUSG00000058715
Ndufs2,ENSMUSG00000013593
Slamf7,ENSMUSG00000038179
Cd48,ENSMUSG00000015355
Psmc3,ENSMUSG00000002102
Slamf1,ENSMUSG00000015316
Slc39a13,ENSMUSG00000002105
Pacsin3,ENSMUSG00000027257
Arfgap2,ENSMUSG00000027255
Mff,ENSMUSG00000026150
Ehmt1,ENSMUSG00000036893
Agfg1,ENSMUSG00000026159
A930024E05Rik,ENSMUSG00000056735
Ppfia4,ENSMUSG00000026458
Tmem183a,ENSMUSG00000042305
Cyb5r1,ENSMUSG00000026456
Fmnl2,ENSMUSG00000036053
Adipor1,ENSMUSG00000026457
1700003C15Rik,ENSMUSG00000099391
Klhl12,ENSMUSG00000026455
Rabif,ENSMUSG00000042229
Kdm5b,ENSMUSG00000042207
Ppp1r12b,ENSMUSG00000073557
Ubr3,ENSMUSG00000044308
Cln3,ENSMUSG00000030720
Ube2t,ENSMUSG00000026429
Dusp10,ENSMUSG00000039384
1700056E22Rik,ENSMUSG00000044854
Apobr,ENSMUSG00000042759
Il27,ENSMUSG00000044701
4930558J18Rik,ENSMUSG00000097519
Nupr1,ENSMUSG00000030717
1700066M21Rik,ENSMUSG00000038323
0610040B10Rik,ENSMUSG00000089889
Aldoa,ENSMUSG00000030695
Zfp553,ENSMUSG00000045598
Zfp771,ENSMUSG00000054716
Dctpp1,ENSMUSG00000042462
Sephs2,ENSMUSG00000049091
Itgal,ENSMUSG00000030830
Ccdc18,ENSMUSG00000056531
Zfp768,ENSMUSG00000047371
Zfp747,ENSMUSG00000054381
Zfp120,ENSMUSG00000068134
Zfp442,ENSMUSG00000068130
Gm14403,ENSMUSG00000094786
Fahd2a,ENSMUSG00000027371
Dr1,ENSMUSG00000029265
Pigg,ENSMUSG00000029263
Kcnip3,ENSMUSG00000079056
Zfp661,ENSMUSG00000034800
Pcgf3,ENSMUSG00000033623
Art5,ENSMUSG00000070424
Mrps5,ENSMUSG00000027374
Nup98,ENSMUSG00000063550
Mybpc3,ENSMUSG00000002100
Pgap2,ENSMUSG00000030990
Madd,ENSMUSG00000040687
Rhog,ENSMUSG00000073982
Stard5,ENSMUSG00000046027
2700038G22Rik,ENSMUSG00000097180
Il16,ENSMUSG00000001741
Zfp260,ENSMUSG00000049421
Zfp382,ENSMUSG00000074220
Zfp146,ENSMUSG00000037029
Gm5113,ENSMUSG00000121377
Cox7a1,ENSMUSG00000074218
Capns1,ENSMUSG00000001794
Zfp764,ENSMUSG00000045757
Zfp688,ENSMUSG00000045251
Zfp689,ENSMUSG00000048921
Prr14,ENSMUSG00000030822
Fbrs,ENSMUSG00000042423
1700008J07Rik,ENSMUSG00000101225
Gm12359,ENSMUSG00000075576
Nr1h3,ENSMUSG00000002108
Phkg2,ENSMUSG00000030815
Acp2,ENSMUSG00000002103
Rnf40,ENSMUSG00000030816
Ddb2,ENSMUSG00000002109
Zfp629,ENSMUSG00000045639
Bcl2l11,ENSMUSG00000027381
Bcl7c,ENSMUSG00000030814
Nphp1,ENSMUSG00000027378
Ctf1,ENSMUSG00000042340
Myo7a,ENSMUSG00000030761
A930041C12Rik,ENSMUSG00000085900
Zbp1,ENSMUSG00000027514
Pmepa1,ENSMUSG00000038400
Ptprj,ENSMUSG00000025314
Nek6,ENSMUSG00000026749
Psmb7,ENSMUSG00000026750
Stx16,ENSMUSG00000027522
Npepl1,ENSMUSG00000039263
1700052K11Rik,ENSMUSG00000099681
Capn5,ENSMUSG00000035547
Gnas,ENSMUSG00000027523
Tsc22d4,ENSMUSG00000144223
Acer3,ENSMUSG00000030760
Kcnh2,ENSMUSG00000038319
Nos3,ENSMUSG00000028978
Atg9b,ENSMUSG00000038295
Abcb8,ENSMUSG00000028973
Cdk5,ENSMUSG00000028969
Slc4a2,ENSMUSG00000028962
Uvrag,ENSMUSG00000035354
Fastk,ENSMUSG00000028959
Dgat2,ENSMUSG00000030747
Gm16062,ENSMUSG00000087249
Xrn2,ENSMUSG00000027433
Tmub1,ENSMUSG00000028958
Serpinh1,ENSMUSG00000070436
Agap3,ENSMUSG00000023353
Klhl35,ENSMUSG00000035298
Ncoa3,ENSMUSG00000027678
Rps3,ENSMUSG00000030744
Mlec,ENSMUSG00000048578
Pop5,ENSMUSG00000060152
Rnf10,ENSMUSG00000041740
Arrb1,ENSMUSG00000018909
Sulf2,ENSMUSG00000006800
Nat10,ENSMUSG00000027185
Coq5,ENSMUSG00000041733
Exoc7,ENSMUSG00000020792
Dynll1,ENSMUSG00000009013
Caprin1,ENSMUSG00000027184
5031425E22Rik,ENSMUSG00000073147
Neu3,ENSMUSG00000035239
Fus,ENSMUSG00000030795
Sirpa,ENSMUSG00000037902
Rnf157,ENSMUSG00000052949
Pycard,ENSMUSG00000030793
Itgam,ENSMUSG00000030786
Lrrc8b,ENSMUSG00000070639
Lrrc8c,ENSMUSG00000054720
Myl10,ENSMUSG00000005474
4933404O12Rik,ENSMUSG00000097908
Itgax,ENSMUSG00000030789
Hspa4,ENSMUSG00000020361
Zcchc10,ENSMUSG00000018239
5430416N02Rik,ENSMUSG00000097772
Aff4,ENSMUSG00000049470
Aqr,ENSMUSG00000040383
Uqcrq,ENSMUSG00000044894
Gdf9,ENSMUSG00000018238
Zfp770,ENSMUSG00000040321
Cox6a2,ENSMUSG00000030785
Armc5,ENSMUSG00000042178
Rchy1,ENSMUSG00000029397
Gorasp2,ENSMUSG00000014959
Kif3a,ENSMUSG00000018395
Il4,ENSMUSG00000000869
Pak6,ENSMUSG00000074923
Gm12216,ENSMUSG00000081769
G3bp2,ENSMUSG00000029405
Leng9,ENSMUSG00000043432
Cdc42ep5,ENSMUSG00000063838
Bahd1,ENSMUSG00000040007
Chst14,ENSMUSG00000074916
Snx11,ENSMUSG00000020876
Rdh13,ENSMUSG00000008435
Cbx1,ENSMUSG00000018666
Eps8l1,ENSMUSG00000006154
Nfe2l1,ENSMUSG00000038615
Copz2,ENSMUSG00000018672
Ppp1r12c,ENSMUSG00000019254
Cdk5rap3,ENSMUSG00000018669
Tnnt1,ENSMUSG00000064179
Pnpo,ENSMUSG00000018659
Sp2,ENSMUSG00000018678
Scrn2,ENSMUSG00000020877
Mrpl10,ENSMUSG00000001445
Tnni3,ENSMUSG00000035458
Osbpl7,ENSMUSG00000038534
Med13l,ENSMUSG00000018076
Qdpr,ENSMUSG00000015806
Zfp787,ENSMUSG00000046792
Lap3,ENSMUSG00000039682
Zfp444,ENSMUSG00000044876
Med28,ENSMUSG00000015804
Zfp667,ENSMUSG00000054893
Zfp583,ENSMUSG00000030443
Ncapg,ENSMUSG00000015880
2610035D17Rik,ENSMUSG00000087259
Klf3,ENSMUSG00000029178
Tlr6,ENSMUSG00000051498
Zfp418,ENSMUSG00000034538
Zfp772,ENSMUSG00000066838
Cc2d2a,ENSMUSG00000039765
Fbxl5,ENSMUSG00000039753
Myadm,ENSMUSG00000068566
Cd38,ENSMUSG00000029084
1700028J19Rik,ENSMUSG00000038782
2410002F23Rik,ENSMUSG00000045411
Pctp,ENSMUSG00000020553
Tmem100,ENSMUSG00000069763
Mmd,ENSMUSG00000003948
Hlf,ENSMUSG00000003949
Stxbp4,ENSMUSG00000020546
Clec11a,ENSMUSG00000004473
Cox11,ENSMUSG00000020544
Tom1l1,ENSMUSG00000020541
1700008O03Rik,ENSMUSG00000008028
Tapt1,ENSMUSG00000046985
Syt3,ENSMUSG00000030731
Arpc1a,ENSMUSG00000029621
Arpc1b,ENSMUSG00000029622
Josd2,ENSMUSG00000038695
Pip4k2b,ENSMUSG00000018547
Cwc25,ENSMUSG00000018541
Pdap1,ENSMUSG00000029623
Bud31,ENSMUSG00000038722
Rpl23,ENSMUSG00000071415
Lasp1,ENSMUSG00000038366
Ptcd1,ENSMUSG00000029624
Cpsf4,ENSMUSG00000029625
B230217C12Rik,ENSMUSG00000050538
Fbxo47,ENSMUSG00000070336
Pold1,ENSMUSG00000038644
Arl5c,ENSMUSG00000038352
Zkscan14,ENSMUSG00000029627
Cacnb1,ENSMUSG00000020882
Zkscan5,ENSMUSG00000055991
Zfp655,ENSMUSG00000007812
Rpl28,ENSMUSG00000030432
Rpl19,ENSMUSG00000017404
Ube2s,ENSMUSG00000060860
Gm13375,ENSMUSG00000075514
Isoc2b,ENSMUSG00000052605
Acox3,ENSMUSG00000029098
Slc16a3,ENSMUSG00000025161
Csnk1d,ENSMUSG00000025162
Rasgrp4,ENSMUSG00000030589
Cd7,ENSMUSG00000025163
Sh3tc1,ENSMUSG00000036553
Sstr2,ENSMUSG00000047904
Cog1,ENSMUSG00000018661
Fam98c,ENSMUSG00000030590
Hnrnpd,ENSMUSG00000000568
Cdc42ep4,ENSMUSG00000041598
Spred3,ENSMUSG00000037239
Ggn,ENSMUSG00000031493
Tnfrsf13b,ENSMUSG00000010142
Psmd8,ENSMUSG00000030591
Gm13710,ENSMUSG00000087362
Usp22,ENSMUSG00000042506
Aldh3a2,ENSMUSG00000010025
Enoph1,ENSMUSG00000029326
Kcnk6,ENSMUSG00000046410
Zkscan1,ENSMUSG00000029729
Yif1b,ENSMUSG00000030588
Zscan21,ENSMUSG00000037017
2200002D01Rik,ENSMUSG00000030587
Spint2,ENSMUSG00000074227
Zfp113,ENSMUSG00000037007
Cops6,ENSMUSG00000019494
Dpf1,ENSMUSG00000030584
Mcm7,ENSMUSG00000029730
0610039K10Rik,ENSMUSG00000058812
Mapk7,ENSMUSG00000001034
Sipa1l3,ENSMUSG00000030583
Ap4m1,ENSMUSG00000019518
B9d1,ENSMUSG00000001039
Taf6,ENSMUSG00000036980
Gm5129,ENSMUSG00000053121
Grap,ENSMUSG00000004837
Zfp84,ENSMUSG00000046185
Zfp30,ENSMUSG00000047473
Prpsap2,ENSMUSG00000020528
Zfp790,ENSMUSG00000011427
Zfp940,ENSMUSG00000050855
Larp1,ENSMUSG00000037331
Cldnd2,ENSMUSG00000038973
Etfb,ENSMUSG00000004610
Cnot8,ENSMUSG00000020515
Gemin5,ENSMUSG00000037275
Cd33,ENSMUSG00000004609
Zfp719,ENSMUSG00000030469
Mrpl22,ENSMUSG00000020514
Igtp,ENSMUSG00000078853
Siglece,ENSMUSG00000030474
Irgm2,ENSMUSG00000069874
Ctu1,ENSMUSG00000038888
Zfp692,ENSMUSG00000037243
Zfp672,ENSMUSG00000049755
Sh3bp5l,ENSMUSG00000013646
Klk8,ENSMUSG00000064023
Gm13546,ENSMUSG00000086862
Trim58,ENSMUSG00000037124
2810021J22Rik,ENSMUSG00000020491
Zfp39,ENSMUSG00000037001
Zfp715,ENSMUSG00000012640
Pex12,ENSMUSG00000018733
Siglecg,ENSMUSG00000030468
Ap2b1,ENSMUSG00000035152
Nkg7,ENSMUSG00000004612
Zfp180,ENSMUSG00000057101
Zfp112,ENSMUSG00000052675
Zfp235,ENSMUSG00000047603
Zfp114,ENSMUSG00000068962
Zfp111,ENSMUSG00000087598
Zfp109,ENSMUSG00000074283
Zfp108,ENSMUSG00000030486
Zfp93,ENSMUSG00000055305
Zfp61,ENSMUSG00000050605
Zfp94,ENSMUSG00000074282
1700020L24Rik,ENSMUSG00000035085
Mmp28,ENSMUSG00000020682
Kcnn4,ENSMUSG00000054342
Taf15,ENSMUSG00000020680
Plaur,ENSMUSG00000046223
Zfp428,ENSMUSG00000064264
Heatr6,ENSMUSG00000000976
Irgq,ENSMUSG00000041037
Xrcc1,ENSMUSG00000051768
Zfp575,ENSMUSG00000066721
Ethe1,ENSMUSG00000064254
Acyp2,ENSMUSG00000060923
Phldb3,ENSMUSG00000074277
Psme4,ENSMUSG00000040850
Erlec1,ENSMUSG00000020311
Chac2,ENSMUSG00000020309
Pttg1,ENSMUSG00000020415
AU019990,ENSMUSG00000074783
Slu7,ENSMUSG00000020409
Ccnjl,ENSMUSG00000044707
Msi2,ENSMUSG00000069769
C030037D09Rik,ENSMUSG00000087574
Akap1,ENSMUSG00000018428
1700054M17Rik,ENSMUSG00000085889
Ddx52,ENSMUSG00000020677
Synrg,ENSMUSG00000034940
Tada2a,ENSMUSG00000018651
Nle1,ENSMUSG00000020692
Unc45b,ENSMUSG00000018845
Slfn5,ENSMUSG00000054404
Slfn9,ENSMUSG00000069793
Slfn8,ENSMUSG00000035208
Slfn2,ENSMUSG00000072620
9030204H09Rik,ENSMUSG00000086449
B230312C02Rik,ENSMUSG00000084843
1700084E18Rik,ENSMUSG00000100747
Enkur,ENSMUSG00000026679
Thnsl1,ENSMUSG00000048550
Arfgap1,ENSMUSG00000027575
Gmeb2,ENSMUSG00000038705
Hdc,ENSMUSG00000027360
Gabpb1,ENSMUSG00000027361
Usp8,ENSMUSG00000027363
Usp50,ENSMUSG00000027364
Trpm7,ENSMUSG00000027365
Ap4e1,ENSMUSG00000001998
Blvra,ENSMUSG00000001999
Ncaph,ENSMUSG00000034906
Itpripl1,ENSMUSG00000074825
Immp1l,ENSMUSG00000042670
Dnajc24,ENSMUSG00000027166
Mpped2,ENSMUSG00000016386
Aif1l,ENSMUSG00000001864
Nup214,ENSMUSG00000001855
Fam78a,ENSMUSG00000050592
Prrc2b,ENSMUSG00000039262
Pomt1,ENSMUSG00000039254
Uck1,ENSMUSG00000002550
Swi5,ENSMUSG00000044627
Golga2,ENSMUSG00000002546
Ciz1,ENSMUSG00000039205
Mrpl41,ENSMUSG00000036850
Pnpla7,ENSMUSG00000036833
Nrarp,ENSMUSG00000078202
Tubb4b,ENSMUSG00000036752
Rnf208,ENSMUSG00000044628
Tmem203,ENSMUSG00000078201
Tprn,ENSMUSG00000048707
Ssna1,ENSMUSG00000026966
Anapc2,ENSMUSG00000026965
Uckl1,ENSMUSG00000089917
Prpf6,ENSMUSG00000002455
Samd10,ENSMUSG00000038605
Tcea2,ENSMUSG00000059540
Rgs19,ENSMUSG00000002458
Pcmtd2,ENSMUSG00000027589
Polr3k,ENSMUSG00000038628
Rtel1,ENSMUSG00000038685
Arfrp1,ENSMUSG00000038671
Zgpat,ENSMUSG00000027582
Zbtb46,ENSMUSG00000027583
Tpd52l2,ENSMUSG00000000827
Dnajc5,ENSMUSG00000000826
Ppdpf,ENSMUSG00000016344
Fam110a,ENSMUSG00000027459
Srxn1,ENSMUSG00000032802
Il1b,ENSMUSG00000027398
Pard6b,ENSMUSG00000044641
Adnp,ENSMUSG00000051149
Dpm1,ENSMUSG00000078919
Mocs3,ENSMUSG00000074576
Kcng1,ENSMUSG00000074575
Anapc1,ENSMUSG00000014355
Tmem87b,ENSMUSG00000014353
Zc3h8,ENSMUSG00000027387
Zc3h6,ENSMUSG00000042851
Ttl,ENSMUSG00000027394
Polr1b,ENSMUSG00000027395
Chchd5,ENSMUSG00000037938
Slc20a1,ENSMUSG00000027397
Ckap2l,ENSMUSG00000048327
Polr3f,ENSMUSG00000027427
Rbbp9,ENSMUSG00000027428
Sec23b,ENSMUSG00000027429
Rprd1b,ENSMUSG00000027651
Tgm2,ENSMUSG00000037820
Lbp,ENSMUSG00000016024
Mapre1,ENSMUSG00000027479
Bpifb5,ENSMUSG00000038572
Olfm1,ENSMUSG00000026833
